path	reason
.DS_Store	DO_NOT_PUBLISH
.git/.DS_Store	DO_NOT_PUBLISH
.git/HEAD	LOCAL_TEST_ONLY
.git/config	LOCAL_TEST_ONLY
.git/description	LOCAL_TEST_ONLY
.git/hooks/applypatch-msg.sample	LOCAL_TEST_ONLY
.git/hooks/commit-msg.sample	LOCAL_TEST_ONLY
.git/hooks/fsmonitor-watchman.sample	LOCAL_TEST_ONLY
.git/hooks/post-update.sample	LOCAL_TEST_ONLY
.git/hooks/pre-applypatch.sample	LOCAL_TEST_ONLY
.git/hooks/pre-commit.sample	LOCAL_TEST_ONLY
.git/hooks/pre-merge-commit.sample	LOCAL_TEST_ONLY
.git/hooks/pre-push.sample	LOCAL_TEST_ONLY
.git/hooks/pre-rebase.sample	LOCAL_TEST_ONLY
.git/hooks/pre-receive.sample	LOCAL_TEST_ONLY
.git/hooks/prepare-commit-msg.sample	LOCAL_TEST_ONLY
.git/hooks/push-to-checkout.sample	LOCAL_TEST_ONLY
.git/hooks/sendemail-validate.sample	LOCAL_TEST_ONLY
.git/hooks/update.sample	LOCAL_TEST_ONLY
.git/info/exclude	LOCAL_TEST_ONLY
.tmp.00WX4e	LOCAL_TEST_ONLY
.tmp.1QbxaJ	LOCAL_TEST_ONLY
.tmp.21LpSl	LOCAL_TEST_ONLY
.tmp.2dgq9x	LOCAL_TEST_ONLY
.tmp.4Xoeb6	LOCAL_TEST_ONLY
.tmp.4ibOaR	LOCAL_TEST_ONLY
.tmp.5f1v1a	LOCAL_TEST_ONLY
.tmp.663YMM	LOCAL_TEST_ONLY
.tmp.6OREdj	LOCAL_TEST_ONLY
.tmp.6zL9pG	LOCAL_TEST_ONLY
.tmp.7OIRsW	LOCAL_TEST_ONLY
.tmp.7ZpaQH	LOCAL_TEST_ONLY
.tmp.7xrwxG	LOCAL_TEST_ONLY
.tmp.8KpIJ4	LOCAL_TEST_ONLY
.tmp.9KvpDR	LOCAL_TEST_ONLY
.tmp.9rvqva	LOCAL_TEST_ONLY
.tmp.Cmk3by	LOCAL_TEST_ONLY
.tmp.DYXFnY	LOCAL_TEST_ONLY
.tmp.E7izN8	LOCAL_TEST_ONLY
.tmp.EQR4lL	LOCAL_TEST_ONLY
.tmp.G25CB0	LOCAL_TEST_ONLY
.tmp.GAuByv	LOCAL_TEST_ONLY
.tmp.GNgwAG	LOCAL_TEST_ONLY
.tmp.GvIjI9	LOCAL_TEST_ONLY
.tmp.HDna3f	LOCAL_TEST_ONLY
.tmp.HHYcY8	LOCAL_TEST_ONLY
.tmp.HKjmP3	LOCAL_TEST_ONLY
.tmp.HmvBi4	LOCAL_TEST_ONLY
.tmp.HsaK54	LOCAL_TEST_ONLY
.tmp.HzHoHe	LOCAL_TEST_ONLY
.tmp.IBMzL1	LOCAL_TEST_ONLY
.tmp.IJyELs	LOCAL_TEST_ONLY
.tmp.ISkh65	LOCAL_TEST_ONLY
.tmp.JRHijR	LOCAL_TEST_ONLY
.tmp.LKQHpW	LOCAL_TEST_ONLY
.tmp.LOOG5S	LOCAL_TEST_ONLY
.tmp.LvH3nq	LOCAL_TEST_ONLY
.tmp.MHmmXz	LOCAL_TEST_ONLY
.tmp.NfYghO	LOCAL_TEST_ONLY
.tmp.OkHn6L	LOCAL_TEST_ONLY
.tmp.OupGRk	LOCAL_TEST_ONLY
.tmp.PDwYEo	LOCAL_TEST_ONLY
.tmp.Q4YiWK	LOCAL_TEST_ONLY
.tmp.QTcXK9	LOCAL_TEST_ONLY
.tmp.QhYH5N	LOCAL_TEST_ONLY
.tmp.ROiROq	LOCAL_TEST_ONLY
.tmp.RWJPuO	LOCAL_TEST_ONLY
.tmp.RmJAhP	LOCAL_TEST_ONLY
.tmp.S8Fp8w	LOCAL_TEST_ONLY
.tmp.UJh86m	LOCAL_TEST_ONLY
.tmp.UPmfCH	LOCAL_TEST_ONLY
.tmp.V7kDlq	LOCAL_TEST_ONLY
.tmp.VvRD6W	LOCAL_TEST_ONLY
.tmp.W5kWBg	LOCAL_TEST_ONLY
.tmp.WNLAqE	LOCAL_TEST_ONLY
.tmp.WYHGIZ	LOCAL_TEST_ONLY
.tmp.WaHuAs	LOCAL_TEST_ONLY
.tmp.XHJCo7	LOCAL_TEST_ONLY
.tmp.XrtSsB	LOCAL_TEST_ONLY
.tmp.YJVuMH	LOCAL_TEST_ONLY
.tmp.YnRXOm	LOCAL_TEST_ONLY
.tmp.ZLe807	LOCAL_TEST_ONLY
.tmp.Zt1IDk	LOCAL_TEST_ONLY
.tmp.aP8D66	LOCAL_TEST_ONLY
.tmp.cYhIfs	LOCAL_TEST_ONLY
.tmp.cuuQbR	LOCAL_TEST_ONLY
.tmp.d3iP46	LOCAL_TEST_ONLY
.tmp.d8B8fZ	LOCAL_TEST_ONLY
.tmp.ddzzTC	LOCAL_TEST_ONLY
.tmp.diiZhm	LOCAL_TEST_ONLY
.tmp.dquQ0F	LOCAL_TEST_ONLY
.tmp.e4eE0O	LOCAL_TEST_ONLY
.tmp.e79KI8	LOCAL_TEST_ONLY
.tmp.ehiFcV	LOCAL_TEST_ONLY
.tmp.fB3dU3	LOCAL_TEST_ONLY
.tmp.gnpYtX	LOCAL_TEST_ONLY
.tmp.hBhwM8	LOCAL_TEST_ONLY
.tmp.ih6oXS	LOCAL_TEST_ONLY
.tmp.k72gzy	LOCAL_TEST_ONLY
.tmp.kNqopU	LOCAL_TEST_ONLY
.tmp.ksY9qa	LOCAL_TEST_ONLY
.tmp.l3HchP	LOCAL_TEST_ONLY
.tmp.le4DmM	LOCAL_TEST_ONLY
.tmp.lyf5UG	LOCAL_TEST_ONLY
.tmp.mFjy9l	LOCAL_TEST_ONLY
.tmp.nCtso2	LOCAL_TEST_ONLY
.tmp.nR59Xv	LOCAL_TEST_ONLY
.tmp.o2TMuG	LOCAL_TEST_ONLY
.tmp.p54CFj	LOCAL_TEST_ONLY
.tmp.pKIayK	LOCAL_TEST_ONLY
.tmp.qLIvb2	LOCAL_TEST_ONLY
.tmp.rSjKdA	LOCAL_TEST_ONLY
.tmp.rsExsJ	LOCAL_TEST_ONLY
.tmp.siJOps	LOCAL_TEST_ONLY
.tmp.slqyQM	LOCAL_TEST_ONLY
.tmp.tHVer9	LOCAL_TEST_ONLY
.tmp.ttwdUu	LOCAL_TEST_ONLY
.tmp.uGz02k	LOCAL_TEST_ONLY
.tmp.uWfSaw	LOCAL_TEST_ONLY
.tmp.vwPoVw	LOCAL_TEST_ONLY
.tmp.vwdr7z	LOCAL_TEST_ONLY
.tmp.wNWXwU	LOCAL_TEST_ONLY
.tmp.wO9SOT	LOCAL_TEST_ONLY
.tmp.xE6dbU	LOCAL_TEST_ONLY
.tmp.xUZmME	LOCAL_TEST_ONLY
.tmp.xgWZ0r	LOCAL_TEST_ONLY
.tmp.yXwm6i	LOCAL_TEST_ONLY
.tmp.zJuG7s	LOCAL_TEST_ONLY
.tmp.zaGM0U	LOCAL_TEST_ONLY
.tmp.zd27Xl	LOCAL_TEST_ONLY
.tmp.ziyW6x	LOCAL_TEST_ONLY
.tmp.zjyAn6	LOCAL_TEST_ONLY
.tmp/.DS_Store	DO_NOT_PUBLISH
.tmp/p15-addon-fail-7380/candidate-host/addons/p15_bad_addon/__init__.py	LOCAL_TEST_ONLY
.tmp/p15-addon-fail-7380/candidate-host/addons/p15_bad_addon/__manifest__.py	LOCAL_TEST_ONLY
.tmp/p15-addon-fail-7380/candidate-host/addons/p15_bad_addon/models/__init__.py	LOCAL_TEST_ONLY
.tmp/p15-addon-fail-7380/candidate-host/addons/p15_bad_addon/models/bad.py	LOCAL_TEST_ONLY
.tmp/p15-addon-fail-7380/tenant/prod-fail/db/dump.sql	LOCAL_TEST_ONLY
.tmp/p15-addon-fail-7380/tenant/prod-fail/filestore/a	LOCAL_TEST_ONLY
.tmp/p15-addon-fail-7380/tenant/prod-fail/identity.json	LOCAL_TEST_ONLY
.tmp/p15-addon-fail-7380/updates/operations/upd-20260731071641-71f935d0/state.json	LOCAL_TEST_ONLY
.tmp/p15-addon-fail-bash-7755/candidate-host/addons/p15_bad_addon/__manifest__.py	LOCAL_TEST_ONLY
.tmp/p15-addon-fail-bash-7755/candidate-host/addons/p15_bad_addon/models.py	LOCAL_TEST_ONLY
.tmp/p15-addon-fail-bash-7755/image-cache/sha256:17c2464e90bd9d126120bc44d7afebf482cce29be86a0a5f99b550ac5e7d3fe8/digest.txt	LOCAL_TEST_ONLY
.tmp/p15-addon-fail-bash-7755/image-cache/sha256:17c2464e90bd9d126120bc44d7afebf482cce29be86a0a5f99b550ac5e7d3fe8/verified	LOCAL_TEST_ONLY
.tmp/p15-addon-fail-bash-7755/ops/operations/imgclean-upd-20260731071701-529b6723/canonical.json	LOCAL_TEST_ONLY
.tmp/p15-addon-fail-bash-7755/ops/operations/imgclean-upd-20260731071701-529b6723/events.jsonl	LOCAL_TEST_ONLY
.tmp/p15-addon-fail-bash-7755/ops/operations/upd-20260731071701-529b6723/canonical.json	LOCAL_TEST_ONLY
.tmp/p15-addon-fail-bash-7755/ops/operations/upd-20260731071701-529b6723/events.jsonl	LOCAL_TEST_ONLY
.tmp/p15-addon-fail-bash-7755/ops/operations/upd-20260731071701-529b6723/sync_pending.json	LOCAL_TEST_ONLY
.tmp/p15-addon-fail-bash-7755/ops/registry/history/upd-20260731071701-529b6723.jsonl	LOCAL_TEST_ONLY
.tmp/p15-addon-fail-bash-7755/ops/registry/index/imgclean-upd-20260731071701-529b6723.json	LOCAL_TEST_ONLY
.tmp/p15-addon-fail-bash-7755/ops/registry/index/upd-20260731071701-529b6723.json	LOCAL_TEST_ONLY
.tmp/p15-addon-fail-bash-7755/ops/registry/locks/upd-20260731071701-529b6723/owner.json	LOCAL_TEST_ONLY
.tmp/p15-addon-fail-bash-7755/stubs/docker-pull-7a153b35cfca.done	LOCAL_TEST_ONLY
.tmp/p15-addon-fail-bash-7755/stubs/switch-upd-20260731071701-529b6723.done	LOCAL_TEST_ONLY
.tmp/p15-addon-fail-bash-7755/tenant/prod-fail/current_digest.txt	LOCAL_TEST_ONLY
.tmp/p15-addon-fail-bash-7755/tenant/prod-fail/db/dump.sql	LOCAL_TEST_ONLY
.tmp/p15-addon-fail-bash-7755/tenant/prod-fail/filestore/a	LOCAL_TEST_ONLY
.tmp/p15-addon-fail-bash-7755/tenant/prod-fail/identity.json	LOCAL_TEST_ONLY
.tmp/p15-addon-fail-bash-7755/tenant/prod-fail/previous_digest.txt	LOCAL_TEST_ONLY
.tmp/p15-addon-fail-bash-7755/updates/backups/upd-20260731071701-529b6723/checksums.txt	LOCAL_TEST_ONLY
.tmp/p15-addon-fail-bash-7755/updates/backups/upd-20260731071701-529b6723/config/current_digest.txt	LOCAL_TEST_ONLY
.tmp/p15-addon-fail-bash-7755/updates/backups/upd-20260731071701-529b6723/config/database_uuid.txt	LOCAL_TEST_ONLY
.tmp/p15-addon-fail-bash-7755/updates/backups/upd-20260731071701-529b6723/config/production_identity.json	LOCAL_TEST_ONLY
.tmp/p15-addon-fail-bash-7755/updates/backups/upd-20260731071701-529b6723/config/routing_refs.txt	LOCAL_TEST_ONLY
.tmp/p15-addon-fail-bash-7755/updates/backups/upd-20260731071701-529b6723/db/dump.sql	LOCAL_TEST_ONLY
.tmp/p15-addon-fail-bash-7755/updates/backups/upd-20260731071701-529b6723/filestore/a	LOCAL_TEST_ONLY
.tmp/p15-addon-fail-bash-7755/updates/backups/upd-20260731071701-529b6723/recovery_set.json	LOCAL_TEST_ONLY
.tmp/p15-addon-fail-bash-7755/updates/backups/upd-20260731071701-529b6723/rollback_manifest.json	LOCAL_TEST_ONLY
.tmp/p15-addon-fail-bash-7755/updates/candidates/upd-20260731071701-529b6723/addons/p15_bad_addon/__manifest__.py	LOCAL_TEST_ONLY
.tmp/p15-addon-fail-bash-7755/updates/candidates/upd-20260731071701-529b6723/addons/p15_bad_addon/models.py	LOCAL_TEST_ONLY
.tmp/p15-addon-fail-bash-7755/updates/candidates/upd-20260731071701-529b6723/candidate.json	LOCAL_TEST_ONLY
.tmp/p15-addon-fail-bash-7755/updates/candidates/upd-20260731071701-529b6723/db/dump.sql	LOCAL_TEST_ONLY
.tmp/p15-addon-fail-bash-7755/updates/candidates/upd-20260731071701-529b6723/filestore/a	LOCAL_TEST_ONLY
.tmp/p15-addon-fail-bash-7755/updates/candidates/upd-20260731071701-529b6723/runtime/database_uuid.txt	LOCAL_TEST_ONLY
.tmp/p15-addon-fail-bash-7755/updates/candidates/upd-20260731071701-529b6723/runtime/db_name.txt	LOCAL_TEST_ONLY
.tmp/p15-addon-fail-bash-7755/updates/candidates/upd-20260731071701-529b6723/runtime/host_root.txt	LOCAL_TEST_ONLY
.tmp/p15-addon-fail-bash-7755/updates/candidates/upd-20260731071701-529b6723/runtime/http_validation.json	LOCAL_TEST_ONLY
.tmp/p15-addon-fail-bash-7755/updates/candidates/upd-20260731071701-529b6723/runtime/identity.txt	LOCAL_TEST_ONLY
.tmp/p15-addon-fail-bash-7755/updates/candidates/upd-20260731071701-529b6723/runtime/image_ref.txt	LOCAL_TEST_ONLY
.tmp/p15-addon-fail-bash-7755/updates/candidates/upd-20260731071701-529b6723/runtime/isolation_proof.txt	LOCAL_TEST_ONLY
.tmp/p15-addon-fail-bash-7755/updates/candidates/upd-20260731071701-529b6723/runtime/license_guard_identity.json	LOCAL_TEST_ONLY
.tmp/p15-addon-fail-bash-7755/updates/candidates/upd-20260731071701-529b6723/runtime/license_guard_proof.json	LOCAL_TEST_ONLY
.tmp/p15-addon-fail-bash-7755/updates/candidates/upd-20260731071701-529b6723/runtime/license_guard_rejection_probes.json	LOCAL_TEST_ONLY
.tmp/p15-addon-fail-bash-7755/updates/candidates/upd-20260731071701-529b6723/runtime/license_id.txt	LOCAL_TEST_ONLY
.tmp/p15-addon-fail-bash-7755/updates/candidates/upd-20260731071701-529b6723/runtime/modules_updated.txt	LOCAL_TEST_ONLY
.tmp/p15-addon-fail-bash-7755/updates/candidates/upd-20260731071701-529b6723/runtime/neutralization.env	LOCAL_TEST_ONLY
.tmp/p15-addon-fail-bash-7755/updates/candidates/upd-20260731071701-529b6723/runtime/production_tenant_id.txt	LOCAL_TEST_ONLY
.tmp/p15-addon-fail-bash-7755/updates/candidates/upd-20260731071701-529b6723/runtime/running_digest.txt	LOCAL_TEST_ONLY
.tmp/p15-addon-fail-bash-7755/updates/candidates/upd-20260731071701-529b6723/runtime/schema_result.txt	LOCAL_TEST_ONLY
.tmp/p15-addon-fail-bash-7755/updates/candidates/upd-20260731071701-529b6723/runtime/soviez.conf	LOCAL_TEST_ONLY
.tmp/p15-addon-fail-bash-7755/updates/image_cleanup/operations/imgclean-upd-20260731071701-529b6723/state.json	LOCAL_TEST_ONLY
.tmp/p15-addon-fail-bash-7755/updates/operations/upd-20260731071701-529b6723/artifact/credential_cleanup.txt	LOCAL_TEST_ONLY
.tmp/p15-addon-fail-bash-7755/updates/operations/upd-20260731071701-529b6723/artifact/digest.txt	LOCAL_TEST_ONLY
.tmp/p15-addon-fail-bash-7755/updates/operations/upd-20260731071701-529b6723/artifact/pull.meta	LOCAL_TEST_ONLY
.tmp/p15-addon-fail-bash-7755/updates/operations/upd-20260731071701-529b6723/preflight.json	LOCAL_TEST_ONLY
.tmp/p15-addon-fail-bash-7755/updates/operations/upd-20260731071701-529b6723/production.json	LOCAL_TEST_ONLY
.tmp/p15-addon-fail-bash-7755/updates/operations/upd-20260731071701-529b6723/release.json	LOCAL_TEST_ONLY
.tmp/p15-addon-fail-bash-7755/updates/operations/upd-20260731071701-529b6723/state.json	LOCAL_TEST_ONLY
.tmp/p15-addon-fail-bash-7755/updates/operations/upd-20260731071701-529b6723/switch.json	LOCAL_TEST_ONLY
.tmp/p15-addon-fail-bash-7755/updates/operations/upd-20260731071701-529b6723/target_digest.txt	LOCAL_TEST_ONLY
.tmp/p15-addon-fail-bash-7755/updates/operations/upd-20260731071701-529b6723/upgrade.log	LOCAL_TEST_ONLY
.tmp/p15-addon-fail-bash-7755/updates/operations/upd-20260731071701-529b6723/upgrade_result.json	LOCAL_TEST_ONLY
.tmp/p15-addon-fail-bash-7755/updates/operations/upd-20260731071701-529b6723/validation.json	LOCAL_TEST_ONLY
.tmp/p15-addon-fail2-11588/candidate-host/addons/p15_bad_addon/__init__.py	LOCAL_TEST_ONLY
.tmp/p15-addon-fail2-11588/candidate-host/addons/p15_bad_addon/__manifest__.py	LOCAL_TEST_ONLY
.tmp/p15-addon-fail2-11588/candidate-host/addons/p15_bad_addon/models/__init__.py	LOCAL_TEST_ONLY
.tmp/p15-addon-fail2-11588/candidate-host/addons/p15_bad_addon/models/bad.py	LOCAL_TEST_ONLY
.tmp/p15-addon-fail2-11588/image-cache/sha256:17c2464e90bd9d126120bc44d7afebf482cce29be86a0a5f99b550ac5e7d3fe8/digest.txt	LOCAL_TEST_ONLY
.tmp/p15-addon-fail2-11588/image-cache/sha256:17c2464e90bd9d126120bc44d7afebf482cce29be86a0a5f99b550ac5e7d3fe8/verified	LOCAL_TEST_ONLY
.tmp/p15-addon-fail2-11588/ops/operations/upd-20260731071758-657b2601/canonical.json	LOCAL_TEST_ONLY
.tmp/p15-addon-fail2-11588/ops/operations/upd-20260731071758-657b2601/events.jsonl	LOCAL_TEST_ONLY
.tmp/p15-addon-fail2-11588/ops/registry/index/upd-20260731071758-657b2601.json	LOCAL_TEST_ONLY
.tmp/p15-addon-fail2-11588/ops/registry/locks/upd-20260731071758-657b2601/owner.json	LOCAL_TEST_ONLY
.tmp/p15-addon-fail2-11588/stubs/docker-pull-7a153b35cfca.done	LOCAL_TEST_ONLY
.tmp/p15-addon-fail2-11588/tenant/prod-fail2/db/dump.sql	LOCAL_TEST_ONLY
.tmp/p15-addon-fail2-11588/tenant/prod-fail2/filestore/a	LOCAL_TEST_ONLY
.tmp/p15-addon-fail2-11588/tenant/prod-fail2/identity.json	LOCAL_TEST_ONLY
.tmp/p15-addon-fail2-11588/updates/backups/upd-20260731071758-657b2601/checksums.txt	LOCAL_TEST_ONLY
.tmp/p15-addon-fail2-11588/updates/backups/upd-20260731071758-657b2601/config/current_digest.txt	LOCAL_TEST_ONLY
.tmp/p15-addon-fail2-11588/updates/backups/upd-20260731071758-657b2601/config/database_uuid.txt	LOCAL_TEST_ONLY
.tmp/p15-addon-fail2-11588/updates/backups/upd-20260731071758-657b2601/config/production_identity.json	LOCAL_TEST_ONLY
.tmp/p15-addon-fail2-11588/updates/backups/upd-20260731071758-657b2601/config/routing_refs.txt	LOCAL_TEST_ONLY
.tmp/p15-addon-fail2-11588/updates/backups/upd-20260731071758-657b2601/db/dump.sql	LOCAL_TEST_ONLY
.tmp/p15-addon-fail2-11588/updates/backups/upd-20260731071758-657b2601/filestore/a	LOCAL_TEST_ONLY
.tmp/p15-addon-fail2-11588/updates/backups/upd-20260731071758-657b2601/recovery_set.json	LOCAL_TEST_ONLY
.tmp/p15-addon-fail2-11588/updates/backups/upd-20260731071758-657b2601/rollback_manifest.json	LOCAL_TEST_ONLY
.tmp/p15-addon-fail2-11588/updates/candidates/upd-20260731071758-657b2601/addons/p15_bad_addon/__init__.py	LOCAL_TEST_ONLY
.tmp/p15-addon-fail2-11588/updates/candidates/upd-20260731071758-657b2601/addons/p15_bad_addon/__manifest__.py	LOCAL_TEST_ONLY
.tmp/p15-addon-fail2-11588/updates/candidates/upd-20260731071758-657b2601/addons/p15_bad_addon/models/__init__.py	LOCAL_TEST_ONLY
.tmp/p15-addon-fail2-11588/updates/candidates/upd-20260731071758-657b2601/addons/p15_bad_addon/models/bad.py	LOCAL_TEST_ONLY
.tmp/p15-addon-fail2-11588/updates/candidates/upd-20260731071758-657b2601/candidate.json	LOCAL_TEST_ONLY
.tmp/p15-addon-fail2-11588/updates/candidates/upd-20260731071758-657b2601/db/dump.sql	LOCAL_TEST_ONLY
.tmp/p15-addon-fail2-11588/updates/candidates/upd-20260731071758-657b2601/filestore/a	LOCAL_TEST_ONLY
.tmp/p15-addon-fail2-11588/updates/candidates/upd-20260731071758-657b2601/runtime/database_uuid.txt	LOCAL_TEST_ONLY
.tmp/p15-addon-fail2-11588/updates/candidates/upd-20260731071758-657b2601/runtime/db_name.txt	LOCAL_TEST_ONLY
.tmp/p15-addon-fail2-11588/updates/candidates/upd-20260731071758-657b2601/runtime/host_root.txt	LOCAL_TEST_ONLY
.tmp/p15-addon-fail2-11588/updates/candidates/upd-20260731071758-657b2601/runtime/identity.txt	LOCAL_TEST_ONLY
.tmp/p15-addon-fail2-11588/updates/candidates/upd-20260731071758-657b2601/runtime/image_ref.txt	LOCAL_TEST_ONLY
.tmp/p15-addon-fail2-11588/updates/candidates/upd-20260731071758-657b2601/runtime/license_guard_identity.json	LOCAL_TEST_ONLY
.tmp/p15-addon-fail2-11588/updates/candidates/upd-20260731071758-657b2601/runtime/license_id.txt	LOCAL_TEST_ONLY
.tmp/p15-addon-fail2-11588/updates/candidates/upd-20260731071758-657b2601/runtime/neutralization.env	LOCAL_TEST_ONLY
.tmp/p15-addon-fail2-11588/updates/candidates/upd-20260731071758-657b2601/runtime/production_tenant_id.txt	LOCAL_TEST_ONLY
.tmp/p15-addon-fail2-11588/updates/candidates/upd-20260731071758-657b2601/runtime/soviez.conf	LOCAL_TEST_ONLY
.tmp/p15-addon-fail2-11588/updates/operations/upd-20260731071758-657b2601/artifact/credential_cleanup.txt	LOCAL_TEST_ONLY
.tmp/p15-addon-fail2-11588/updates/operations/upd-20260731071758-657b2601/artifact/digest.txt	LOCAL_TEST_ONLY
.tmp/p15-addon-fail2-11588/updates/operations/upd-20260731071758-657b2601/artifact/pull.meta	LOCAL_TEST_ONLY
.tmp/p15-addon-fail2-11588/updates/operations/upd-20260731071758-657b2601/preflight.json	LOCAL_TEST_ONLY
.tmp/p15-addon-fail2-11588/updates/operations/upd-20260731071758-657b2601/production.json	LOCAL_TEST_ONLY
.tmp/p15-addon-fail2-11588/updates/operations/upd-20260731071758-657b2601/release.json	LOCAL_TEST_ONLY
.tmp/p15-addon-fail2-11588/updates/operations/upd-20260731071758-657b2601/state.json	LOCAL_TEST_ONLY
.tmp/p15-addon-fail2-11588/updates/operations/upd-20260731071758-657b2601/target_digest.txt	LOCAL_TEST_ONLY
.tmp/p15-addon-fail2-11588/updates/operations/upd-20260731071758-657b2601/upgrade.log	LOCAL_TEST_ONLY
.tmp/p15-final-cert-14296/candidate-host/addons/p15_bad_addon/__init__.py	LOCAL_TEST_ONLY
.tmp/p15-final-cert-14296/candidate-host/addons/p15_bad_addon/__manifest__.py	LOCAL_TEST_ONLY
.tmp/p15-final-cert-14296/candidate-host/addons/p15_bad_addon/models/__init__.py	LOCAL_TEST_ONLY
.tmp/p15-final-cert-14296/candidate-host/addons/p15_bad_addon/models/bad.py	LOCAL_TEST_ONLY
.tmp/p15-final-cert-14296/image-cache/sha256:17c2464e90bd9d126120bc44d7afebf482cce29be86a0a5f99b550ac5e7d3fe8/digest.txt	LOCAL_TEST_ONLY
.tmp/p15-final-cert-14296/image-cache/sha256:17c2464e90bd9d126120bc44d7afebf482cce29be86a0a5f99b550ac5e7d3fe8/verified	LOCAL_TEST_ONLY
.tmp/p15-final-cert-14296/ops/license_slots_snapshot.json	LOCAL_TEST_ONLY
.tmp/p15-final-cert-14296/ops/operations/upd-20260731071821-bafde33c/canonical.json	LOCAL_TEST_ONLY
.tmp/p15-final-cert-14296/ops/operations/upd-20260731071821-bafde33c/events.jsonl	LOCAL_TEST_ONLY
.tmp/p15-final-cert-14296/ops/registry/index/upd-20260731071821-bafde33c.json	LOCAL_TEST_ONLY
.tmp/p15-final-cert-14296/ops/registry/locks/upd-20260731071821-bafde33c/owner.json	LOCAL_TEST_ONLY
.tmp/p15-final-cert-14296/stubs/docker-pull-7a153b35cfca.done	LOCAL_TEST_ONLY
.tmp/p15-final-cert-14296/tenant/prod-final-a/db/dump.sql	LOCAL_TEST_ONLY
.tmp/p15-final-cert-14296/tenant/prod-final-a/filestore/a	LOCAL_TEST_ONLY
.tmp/p15-final-cert-14296/tenant/prod-final-a/identity.json	LOCAL_TEST_ONLY
.tmp/p15-final-cert-14296/updates/backups/upd-20260731071821-bafde33c/checksums.txt	LOCAL_TEST_ONLY
.tmp/p15-final-cert-14296/updates/backups/upd-20260731071821-bafde33c/config/current_digest.txt	LOCAL_TEST_ONLY
.tmp/p15-final-cert-14296/updates/backups/upd-20260731071821-bafde33c/config/database_uuid.txt	LOCAL_TEST_ONLY
.tmp/p15-final-cert-14296/updates/backups/upd-20260731071821-bafde33c/config/production_identity.json	LOCAL_TEST_ONLY
.tmp/p15-final-cert-14296/updates/backups/upd-20260731071821-bafde33c/config/routing_refs.txt	LOCAL_TEST_ONLY
.tmp/p15-final-cert-14296/updates/backups/upd-20260731071821-bafde33c/db/dump.sql	LOCAL_TEST_ONLY
.tmp/p15-final-cert-14296/updates/backups/upd-20260731071821-bafde33c/filestore/a	LOCAL_TEST_ONLY
.tmp/p15-final-cert-14296/updates/backups/upd-20260731071821-bafde33c/recovery_set.json	LOCAL_TEST_ONLY
.tmp/p15-final-cert-14296/updates/backups/upd-20260731071821-bafde33c/rollback_manifest.json	LOCAL_TEST_ONLY
.tmp/p15-final-cert-14296/updates/candidates/upd-20260731071821-bafde33c/addons/p15_bad_addon/__init__.py	LOCAL_TEST_ONLY
.tmp/p15-final-cert-14296/updates/candidates/upd-20260731071821-bafde33c/addons/p15_bad_addon/__manifest__.py	LOCAL_TEST_ONLY
.tmp/p15-final-cert-14296/updates/candidates/upd-20260731071821-bafde33c/addons/p15_bad_addon/models/__init__.py	LOCAL_TEST_ONLY
.tmp/p15-final-cert-14296/updates/candidates/upd-20260731071821-bafde33c/addons/p15_bad_addon/models/bad.py	LOCAL_TEST_ONLY
.tmp/p15-final-cert-14296/updates/candidates/upd-20260731071821-bafde33c/candidate.json	LOCAL_TEST_ONLY
.tmp/p15-final-cert-14296/updates/candidates/upd-20260731071821-bafde33c/db/dump.sql	LOCAL_TEST_ONLY
.tmp/p15-final-cert-14296/updates/candidates/upd-20260731071821-bafde33c/filestore/a	LOCAL_TEST_ONLY
.tmp/p15-final-cert-14296/updates/candidates/upd-20260731071821-bafde33c/runtime/database_uuid.txt	LOCAL_TEST_ONLY
.tmp/p15-final-cert-14296/updates/candidates/upd-20260731071821-bafde33c/runtime/db_name.txt	LOCAL_TEST_ONLY
.tmp/p15-final-cert-14296/updates/candidates/upd-20260731071821-bafde33c/runtime/host_root.txt	LOCAL_TEST_ONLY
.tmp/p15-final-cert-14296/updates/candidates/upd-20260731071821-bafde33c/runtime/identity.txt	LOCAL_TEST_ONLY
.tmp/p15-final-cert-14296/updates/candidates/upd-20260731071821-bafde33c/runtime/image_ref.txt	LOCAL_TEST_ONLY
.tmp/p15-final-cert-14296/updates/candidates/upd-20260731071821-bafde33c/runtime/license_guard_identity.json	LOCAL_TEST_ONLY
.tmp/p15-final-cert-14296/updates/candidates/upd-20260731071821-bafde33c/runtime/license_id.txt	LOCAL_TEST_ONLY
.tmp/p15-final-cert-14296/updates/candidates/upd-20260731071821-bafde33c/runtime/neutralization.env	LOCAL_TEST_ONLY
.tmp/p15-final-cert-14296/updates/candidates/upd-20260731071821-bafde33c/runtime/production_tenant_id.txt	LOCAL_TEST_ONLY
.tmp/p15-final-cert-14296/updates/candidates/upd-20260731071821-bafde33c/runtime/soviez.conf	LOCAL_TEST_ONLY
.tmp/p15-final-cert-14296/updates/operations/upd-20260731071821-bafde33c/artifact/credential_cleanup.txt	LOCAL_TEST_ONLY
.tmp/p15-final-cert-14296/updates/operations/upd-20260731071821-bafde33c/artifact/digest.txt	LOCAL_TEST_ONLY
.tmp/p15-final-cert-14296/updates/operations/upd-20260731071821-bafde33c/artifact/pull.meta	LOCAL_TEST_ONLY
.tmp/p15-final-cert-14296/updates/operations/upd-20260731071821-bafde33c/preflight.json	LOCAL_TEST_ONLY
.tmp/p15-final-cert-14296/updates/operations/upd-20260731071821-bafde33c/production.json	LOCAL_TEST_ONLY
.tmp/p15-final-cert-14296/updates/operations/upd-20260731071821-bafde33c/release.json	LOCAL_TEST_ONLY
.tmp/p15-final-cert-14296/updates/operations/upd-20260731071821-bafde33c/state.json	LOCAL_TEST_ONLY
.tmp/p15-final-cert-14296/updates/operations/upd-20260731071821-bafde33c/target_digest.txt	LOCAL_TEST_ONLY
.tmp/p15-final-cert-14296/updates/operations/upd-20260731071821-bafde33c/upgrade.log	LOCAL_TEST_ONLY
.tmp/p15-final-cert-17031/candidate-host/addons/p15_bad_addon/__init__.py	LOCAL_TEST_ONLY
.tmp/p15-final-cert-17031/candidate-host/addons/p15_bad_addon/__manifest__.py	LOCAL_TEST_ONLY
.tmp/p15-final-cert-17031/candidate-host/addons/p15_bad_addon/models/__init__.py	LOCAL_TEST_ONLY
.tmp/p15-final-cert-17031/candidate-host/addons/p15_bad_addon/models/bad.py	LOCAL_TEST_ONLY
.tmp/p15-final-cert-17031/image-cache/sha256:17c2464e90bd9d126120bc44d7afebf482cce29be86a0a5f99b550ac5e7d3fe8/digest.txt	LOCAL_TEST_ONLY
.tmp/p15-final-cert-17031/image-cache/sha256:17c2464e90bd9d126120bc44d7afebf482cce29be86a0a5f99b550ac5e7d3fe8/verified	LOCAL_TEST_ONLY
.tmp/p15-final-cert-17031/ops/license_slots_snapshot.json	LOCAL_TEST_ONLY
.tmp/p15-final-cert-17031/ops/operations/imgclean-upd-20260731071852-40852ef3/canonical.json	LOCAL_TEST_ONLY
.tmp/p15-final-cert-17031/ops/operations/imgclean-upd-20260731071852-40852ef3/events.jsonl	LOCAL_TEST_ONLY
.tmp/p15-final-cert-17031/ops/operations/upd-20260731071852-40852ef3/canonical.json	LOCAL_TEST_ONLY
.tmp/p15-final-cert-17031/ops/operations/upd-20260731071852-40852ef3/events.jsonl	LOCAL_TEST_ONLY
.tmp/p15-final-cert-17031/ops/operations/upd-20260731071852-40852ef3/sync_pending.json	LOCAL_TEST_ONLY
.tmp/p15-final-cert-17031/ops/operations/upd-20260731071914-62f4b458/canonical.json	LOCAL_TEST_ONLY
.tmp/p15-final-cert-17031/ops/operations/upd-20260731071914-62f4b458/events.jsonl	LOCAL_TEST_ONLY
.tmp/p15-final-cert-17031/ops/operations/upd-interrupt-test/canonical.json	LOCAL_TEST_ONLY
.tmp/p15-final-cert-17031/ops/operations/upd-interrupt-test/events.jsonl	LOCAL_TEST_ONLY
.tmp/p15-final-cert-17031/ops/registry/history/imgclean-upd-20260731071852-40852ef3.jsonl	LOCAL_TEST_ONLY
.tmp/p15-final-cert-17031/ops/registry/history/upd-20260731071852-40852ef3.jsonl	LOCAL_TEST_ONLY
.tmp/p15-final-cert-17031/ops/registry/index/imgclean-upd-20260731071852-40852ef3.json	LOCAL_TEST_ONLY
.tmp/p15-final-cert-17031/ops/registry/index/upd-20260731071852-40852ef3.json	LOCAL_TEST_ONLY
.tmp/p15-final-cert-17031/ops/registry/index/upd-20260731071914-62f4b458.json	LOCAL_TEST_ONLY
.tmp/p15-final-cert-17031/ops/registry/index/upd-interrupt-test.json	LOCAL_TEST_ONLY
.tmp/p15-final-cert-17031/ops/registry/locks/upd-20260731071852-40852ef3/owner.json	LOCAL_TEST_ONLY
.tmp/p15-final-cert-17031/ops/registry/locks/upd-20260731071914-62f4b458/owner.json	LOCAL_TEST_ONLY
.tmp/p15-final-cert-17031/stubs/docker-pull-7a153b35cfca.done	LOCAL_TEST_ONLY
.tmp/p15-final-cert-17031/stubs/switch-upd-20260731071852-40852ef3.done	LOCAL_TEST_ONLY
.tmp/p15-final-cert-17031/tenant/prod-final-a/current_digest.txt	LOCAL_TEST_ONLY
.tmp/p15-final-cert-17031/tenant/prod-final-a/db/dump.sql	LOCAL_TEST_ONLY
.tmp/p15-final-cert-17031/tenant/prod-final-a/filestore/a	LOCAL_TEST_ONLY
.tmp/p15-final-cert-17031/tenant/prod-final-a/identity.json	LOCAL_TEST_ONLY
.tmp/p15-final-cert-17031/tenant/prod-final-a/previous_digest.txt	LOCAL_TEST_ONLY
.tmp/p15-final-cert-17031/updates/backups/upd-20260731071852-40852ef3/checksums.txt	LOCAL_TEST_ONLY
.tmp/p15-final-cert-17031/updates/backups/upd-20260731071852-40852ef3/config/current_digest.txt	LOCAL_TEST_ONLY
.tmp/p15-final-cert-17031/updates/backups/upd-20260731071852-40852ef3/config/database_uuid.txt	LOCAL_TEST_ONLY
.tmp/p15-final-cert-17031/updates/backups/upd-20260731071852-40852ef3/config/production_identity.json	LOCAL_TEST_ONLY
.tmp/p15-final-cert-17031/updates/backups/upd-20260731071852-40852ef3/config/routing_refs.txt	LOCAL_TEST_ONLY
.tmp/p15-final-cert-17031/updates/backups/upd-20260731071852-40852ef3/db/dump.sql	LOCAL_TEST_ONLY
.tmp/p15-final-cert-17031/updates/backups/upd-20260731071852-40852ef3/filestore/a	LOCAL_TEST_ONLY
.tmp/p15-final-cert-17031/updates/backups/upd-20260731071852-40852ef3/recovery_set.json	LOCAL_TEST_ONLY
.tmp/p15-final-cert-17031/updates/backups/upd-20260731071852-40852ef3/rollback_manifest.json	LOCAL_TEST_ONLY
.tmp/p15-final-cert-17031/updates/backups/upd-20260731071914-62f4b458/checksums.txt	LOCAL_TEST_ONLY
.tmp/p15-final-cert-17031/updates/backups/upd-20260731071914-62f4b458/config/current_digest.txt	LOCAL_TEST_ONLY
.tmp/p15-final-cert-17031/updates/backups/upd-20260731071914-62f4b458/config/database_uuid.txt	LOCAL_TEST_ONLY
.tmp/p15-final-cert-17031/updates/backups/upd-20260731071914-62f4b458/config/production_identity.json	LOCAL_TEST_ONLY
.tmp/p15-final-cert-17031/updates/backups/upd-20260731071914-62f4b458/config/routing_refs.txt	LOCAL_TEST_ONLY
.tmp/p15-final-cert-17031/updates/backups/upd-20260731071914-62f4b458/db/dump.sql	LOCAL_TEST_ONLY
.tmp/p15-final-cert-17031/updates/backups/upd-20260731071914-62f4b458/filestore/a	LOCAL_TEST_ONLY
.tmp/p15-final-cert-17031/updates/backups/upd-20260731071914-62f4b458/recovery_set.json	LOCAL_TEST_ONLY
.tmp/p15-final-cert-17031/updates/backups/upd-20260731071914-62f4b458/rollback_manifest.json	LOCAL_TEST_ONLY
.tmp/p15-final-cert-17031/updates/candidates/upd-20260731071852-40852ef3/candidate.json	LOCAL_TEST_ONLY
.tmp/p15-final-cert-17031/updates/candidates/upd-20260731071852-40852ef3/db/dump.sql	LOCAL_TEST_ONLY
.tmp/p15-final-cert-17031/updates/candidates/upd-20260731071852-40852ef3/filestore/a	LOCAL_TEST_ONLY
.tmp/p15-final-cert-17031/updates/candidates/upd-20260731071852-40852ef3/runtime/database_uuid.txt	LOCAL_TEST_ONLY
.tmp/p15-final-cert-17031/updates/candidates/upd-20260731071852-40852ef3/runtime/db_name.txt	LOCAL_TEST_ONLY
.tmp/p15-final-cert-17031/updates/candidates/upd-20260731071852-40852ef3/runtime/host_root.txt	LOCAL_TEST_ONLY
.tmp/p15-final-cert-17031/updates/candidates/upd-20260731071852-40852ef3/runtime/http_validation.json	LOCAL_TEST_ONLY
.tmp/p15-final-cert-17031/updates/candidates/upd-20260731071852-40852ef3/runtime/identity.txt	LOCAL_TEST_ONLY
.tmp/p15-final-cert-17031/updates/candidates/upd-20260731071852-40852ef3/runtime/image_ref.txt	LOCAL_TEST_ONLY
.tmp/p15-final-cert-17031/updates/candidates/upd-20260731071852-40852ef3/runtime/isolation_proof.txt	LOCAL_TEST_ONLY
.tmp/p15-final-cert-17031/updates/candidates/upd-20260731071852-40852ef3/runtime/license_guard_identity.json	LOCAL_TEST_ONLY
.tmp/p15-final-cert-17031/updates/candidates/upd-20260731071852-40852ef3/runtime/license_guard_proof.json	LOCAL_TEST_ONLY
.tmp/p15-final-cert-17031/updates/candidates/upd-20260731071852-40852ef3/runtime/license_guard_rejection_probes.json	LOCAL_TEST_ONLY
.tmp/p15-final-cert-17031/updates/candidates/upd-20260731071852-40852ef3/runtime/license_id.txt	LOCAL_TEST_ONLY
.tmp/p15-final-cert-17031/updates/candidates/upd-20260731071852-40852ef3/runtime/modules_updated.txt	LOCAL_TEST_ONLY
.tmp/p15-final-cert-17031/updates/candidates/upd-20260731071852-40852ef3/runtime/neutralization.env	LOCAL_TEST_ONLY
.tmp/p15-final-cert-17031/updates/candidates/upd-20260731071852-40852ef3/runtime/production_tenant_id.txt	LOCAL_TEST_ONLY
.tmp/p15-final-cert-17031/updates/candidates/upd-20260731071852-40852ef3/runtime/running_digest.txt	LOCAL_TEST_ONLY
.tmp/p15-final-cert-17031/updates/candidates/upd-20260731071852-40852ef3/runtime/schema_result.txt	LOCAL_TEST_ONLY
.tmp/p15-final-cert-17031/updates/candidates/upd-20260731071852-40852ef3/runtime/soviez.conf	LOCAL_TEST_ONLY
.tmp/p15-final-cert-17031/updates/candidates/upd-20260731071914-62f4b458/addons/p15_bad_addon/__init__.py	LOCAL_TEST_ONLY
.tmp/p15-final-cert-17031/updates/candidates/upd-20260731071914-62f4b458/addons/p15_bad_addon/__manifest__.py	LOCAL_TEST_ONLY
.tmp/p15-final-cert-17031/updates/candidates/upd-20260731071914-62f4b458/addons/p15_bad_addon/models/__init__.py	LOCAL_TEST_ONLY
.tmp/p15-final-cert-17031/updates/candidates/upd-20260731071914-62f4b458/addons/p15_bad_addon/models/bad.py	LOCAL_TEST_ONLY
.tmp/p15-final-cert-17031/updates/candidates/upd-20260731071914-62f4b458/candidate.json	LOCAL_TEST_ONLY
.tmp/p15-final-cert-17031/updates/candidates/upd-20260731071914-62f4b458/db/dump.sql	LOCAL_TEST_ONLY
.tmp/p15-final-cert-17031/updates/candidates/upd-20260731071914-62f4b458/filestore/a	LOCAL_TEST_ONLY
.tmp/p15-final-cert-17031/updates/candidates/upd-20260731071914-62f4b458/runtime/database_uuid.txt	LOCAL_TEST_ONLY
.tmp/p15-final-cert-17031/updates/candidates/upd-20260731071914-62f4b458/runtime/db_name.txt	LOCAL_TEST_ONLY
.tmp/p15-final-cert-17031/updates/candidates/upd-20260731071914-62f4b458/runtime/host_root.txt	LOCAL_TEST_ONLY
.tmp/p15-final-cert-17031/updates/candidates/upd-20260731071914-62f4b458/runtime/identity.txt	LOCAL_TEST_ONLY
.tmp/p15-final-cert-17031/updates/candidates/upd-20260731071914-62f4b458/runtime/image_ref.txt	LOCAL_TEST_ONLY
.tmp/p15-final-cert-17031/updates/candidates/upd-20260731071914-62f4b458/runtime/license_guard_identity.json	LOCAL_TEST_ONLY
.tmp/p15-final-cert-17031/updates/candidates/upd-20260731071914-62f4b458/runtime/license_id.txt	LOCAL_TEST_ONLY
.tmp/p15-final-cert-17031/updates/candidates/upd-20260731071914-62f4b458/runtime/neutralization.env	LOCAL_TEST_ONLY
.tmp/p15-final-cert-17031/updates/candidates/upd-20260731071914-62f4b458/runtime/production_tenant_id.txt	LOCAL_TEST_ONLY
.tmp/p15-final-cert-17031/updates/candidates/upd-20260731071914-62f4b458/runtime/soviez.conf	LOCAL_TEST_ONLY
.tmp/p15-final-cert-17031/updates/image_cleanup/operations/imgclean-upd-20260731071852-40852ef3/state.json	LOCAL_TEST_ONLY
.tmp/p15-final-cert-17031/updates/operations/upd-20260731071852-40852ef3/artifact/credential_cleanup.txt	LOCAL_TEST_ONLY
.tmp/p15-final-cert-17031/updates/operations/upd-20260731071852-40852ef3/artifact/digest.txt	LOCAL_TEST_ONLY
.tmp/p15-final-cert-17031/updates/operations/upd-20260731071852-40852ef3/artifact/pull.meta	LOCAL_TEST_ONLY
.tmp/p15-final-cert-17031/updates/operations/upd-20260731071852-40852ef3/preflight.json	LOCAL_TEST_ONLY
.tmp/p15-final-cert-17031/updates/operations/upd-20260731071852-40852ef3/production.json	LOCAL_TEST_ONLY
.tmp/p15-final-cert-17031/updates/operations/upd-20260731071852-40852ef3/release.json	LOCAL_TEST_ONLY
.tmp/p15-final-cert-17031/updates/operations/upd-20260731071852-40852ef3/state.json	LOCAL_TEST_ONLY
.tmp/p15-final-cert-17031/updates/operations/upd-20260731071852-40852ef3/switch.json	LOCAL_TEST_ONLY
.tmp/p15-final-cert-17031/updates/operations/upd-20260731071852-40852ef3/target_digest.txt	LOCAL_TEST_ONLY
.tmp/p15-final-cert-17031/updates/operations/upd-20260731071852-40852ef3/upgrade.log	LOCAL_TEST_ONLY
.tmp/p15-final-cert-17031/updates/operations/upd-20260731071852-40852ef3/upgrade_result.json	LOCAL_TEST_ONLY
.tmp/p15-final-cert-17031/updates/operations/upd-20260731071852-40852ef3/validation.json	LOCAL_TEST_ONLY
.tmp/p15-final-cert-17031/updates/operations/upd-20260731071914-62f4b458/artifact/digest.txt	LOCAL_TEST_ONLY
.tmp/p15-final-cert-17031/updates/operations/upd-20260731071914-62f4b458/artifact/pull.meta	LOCAL_TEST_ONLY
.tmp/p15-final-cert-17031/updates/operations/upd-20260731071914-62f4b458/preflight.json	LOCAL_TEST_ONLY
.tmp/p15-final-cert-17031/updates/operations/upd-20260731071914-62f4b458/production.json	LOCAL_TEST_ONLY
.tmp/p15-final-cert-17031/updates/operations/upd-20260731071914-62f4b458/release.json	LOCAL_TEST_ONLY
.tmp/p15-final-cert-17031/updates/operations/upd-20260731071914-62f4b458/state.json	LOCAL_TEST_ONLY
.tmp/p15-final-cert-17031/updates/operations/upd-20260731071914-62f4b458/target_digest.txt	LOCAL_TEST_ONLY
.tmp/p15-final-cert-17031/updates/operations/upd-20260731071914-62f4b458/upgrade.log	LOCAL_TEST_ONLY
.tmp/p15-final-cert-17031/updates/operations/upd-interrupt-test/interrupt_at	LOCAL_TEST_ONLY
.tmp/p15-final-cert-17031/updates/operations/upd-interrupt-test/state.json	LOCAL_TEST_ONLY
.tmp/p15-final-cert-18582/tenant/prod-final-a/db/dump.sql	LOCAL_TEST_ONLY
.tmp/p15-final-cert-18582/tenant/prod-final-a/filestore/a	LOCAL_TEST_ONLY
.tmp/p15-final-cert-18582/tenant/prod-final-a/identity.json	LOCAL_TEST_ONLY
.tmp/p15-final-cert-1973/tenant/prod-final-a/db/dump.sql	LOCAL_TEST_ONLY
.tmp/p15-final-cert-1973/tenant/prod-final-a/filestore/a	LOCAL_TEST_ONLY
.tmp/p15-final-cert-1973/tenant/prod-final-a/identity.json	LOCAL_TEST_ONLY
.tmp/p15-final-cert-21974/image-cache/sha256:ffacbb104aa9861728e4cf21bb233bb32fc17d01b664f452d69d546df071f1a4/digest.txt	LOCAL_TEST_ONLY
.tmp/p15-final-cert-21974/image-cache/sha256:ffacbb104aa9861728e4cf21bb233bb32fc17d01b664f452d69d546df071f1a4/verified	LOCAL_TEST_ONLY
.tmp/p15-final-cert-21974/ops/license_slots_snapshot.json	LOCAL_TEST_ONLY
.tmp/p15-final-cert-21974/ops/operations/upd-20260810170121-4f9c9121/canonical.json	LOCAL_TEST_ONLY
.tmp/p15-final-cert-21974/ops/operations/upd-20260810170121-4f9c9121/events.jsonl	LOCAL_TEST_ONLY
.tmp/p15-final-cert-21974/ops/registry/index/upd-20260810170121-4f9c9121.json	LOCAL_TEST_ONLY
.tmp/p15-final-cert-21974/ops/registry/locks/upd-20260810170121-4f9c9121/owner.json	LOCAL_TEST_ONLY
.tmp/p15-final-cert-21974/secrets/update_pg_creds	LOCAL_TEST_ONLY
.tmp/p15-final-cert-21974/stubs/docker-pull-7a153b35cfca.done	LOCAL_TEST_ONLY
.tmp/p15-final-cert-21974/tenant/prod-final-a/db/dump.sql	LOCAL_TEST_ONLY
.tmp/p15-final-cert-21974/tenant/prod-final-a/filestore/a	LOCAL_TEST_ONLY
.tmp/p15-final-cert-21974/tenant/prod-final-a/identity.json	LOCAL_TEST_ONLY
.tmp/p15-final-cert-21974/updates/backups/upd-20260810170121-4f9c9121/checksums.txt	LOCAL_TEST_ONLY
.tmp/p15-final-cert-21974/updates/backups/upd-20260810170121-4f9c9121/config/current_digest.txt	LOCAL_TEST_ONLY
.tmp/p15-final-cert-21974/updates/backups/upd-20260810170121-4f9c9121/config/database_uuid.txt	LOCAL_TEST_ONLY
.tmp/p15-final-cert-21974/updates/backups/upd-20260810170121-4f9c9121/config/production_identity.json	LOCAL_TEST_ONLY
.tmp/p15-final-cert-21974/updates/backups/upd-20260810170121-4f9c9121/config/routing_refs.txt	LOCAL_TEST_ONLY
.tmp/p15-final-cert-21974/updates/backups/upd-20260810170121-4f9c9121/db/dump.sql	LOCAL_TEST_ONLY
.tmp/p15-final-cert-21974/updates/backups/upd-20260810170121-4f9c9121/filestore/a	LOCAL_TEST_ONLY
.tmp/p15-final-cert-21974/updates/backups/upd-20260810170121-4f9c9121/recovery_set.json	LOCAL_TEST_ONLY
.tmp/p15-final-cert-21974/updates/backups/upd-20260810170121-4f9c9121/rollback_manifest.json	LOCAL_TEST_ONLY
.tmp/p15-final-cert-21974/updates/candidates/upd-20260810170121-4f9c9121/candidate.json	LOCAL_TEST_ONLY
.tmp/p15-final-cert-21974/updates/candidates/upd-20260810170121-4f9c9121/db/dump.sql	LOCAL_TEST_ONLY
.tmp/p15-final-cert-21974/updates/candidates/upd-20260810170121-4f9c9121/filestore/a	LOCAL_TEST_ONLY
.tmp/p15-final-cert-21974/updates/candidates/upd-20260810170121-4f9c9121/runtime/database_uuid.txt	LOCAL_TEST_ONLY
.tmp/p15-final-cert-21974/updates/candidates/upd-20260810170121-4f9c9121/runtime/db_name.txt	LOCAL_TEST_ONLY
.tmp/p15-final-cert-21974/updates/candidates/upd-20260810170121-4f9c9121/runtime/host_root.txt	LOCAL_TEST_ONLY
.tmp/p15-final-cert-21974/updates/candidates/upd-20260810170121-4f9c9121/runtime/identity.txt	LOCAL_TEST_ONLY
.tmp/p15-final-cert-21974/updates/candidates/upd-20260810170121-4f9c9121/runtime/image_ref.txt	LOCAL_TEST_ONLY
.tmp/p15-final-cert-21974/updates/candidates/upd-20260810170121-4f9c9121/runtime/license_guard_identity.json	LOCAL_TEST_ONLY
.tmp/p15-final-cert-21974/updates/candidates/upd-20260810170121-4f9c9121/runtime/license_id.txt	LOCAL_TEST_ONLY
.tmp/p15-final-cert-21974/updates/candidates/upd-20260810170121-4f9c9121/runtime/neutralization.env	LOCAL_TEST_ONLY
.tmp/p15-final-cert-21974/updates/candidates/upd-20260810170121-4f9c9121/runtime/production_tenant_id.txt	LOCAL_TEST_ONLY
.tmp/p15-final-cert-21974/updates/candidates/upd-20260810170121-4f9c9121/runtime/soviez.conf	LOCAL_TEST_ONLY
.tmp/p15-final-cert-21974/updates/operations/upd-20260810170121-4f9c9121/artifact/credential_cleanup.txt	LOCAL_TEST_ONLY
.tmp/p15-final-cert-21974/updates/operations/upd-20260810170121-4f9c9121/artifact/digest.txt	LOCAL_TEST_ONLY
.tmp/p15-final-cert-21974/updates/operations/upd-20260810170121-4f9c9121/artifact/pull.meta	LOCAL_TEST_ONLY
.tmp/p15-final-cert-21974/updates/operations/upd-20260810170121-4f9c9121/preflight.json	LOCAL_TEST_ONLY
.tmp/p15-final-cert-21974/updates/operations/upd-20260810170121-4f9c9121/production.json	LOCAL_TEST_ONLY
.tmp/p15-final-cert-21974/updates/operations/upd-20260810170121-4f9c9121/release.json	LOCAL_TEST_ONLY
.tmp/p15-final-cert-21974/updates/operations/upd-20260810170121-4f9c9121/state.json	LOCAL_TEST_ONLY
.tmp/p15-final-cert-21974/updates/operations/upd-20260810170121-4f9c9121/target_digest.txt	LOCAL_TEST_ONLY
.tmp/p15-final-cert-21974/updates/operations/upd-20260810170121-4f9c9121/upgrade.log	LOCAL_TEST_ONLY
.tmp/p15-final-cert-24564/candidate-host/addons/p15_bad_addon/__init__.py	LOCAL_TEST_ONLY
.tmp/p15-final-cert-24564/candidate-host/addons/p15_bad_addon/__manifest__.py	LOCAL_TEST_ONLY
.tmp/p15-final-cert-24564/candidate-host/addons/p15_bad_addon/models/__init__.py	LOCAL_TEST_ONLY
.tmp/p15-final-cert-24564/candidate-host/addons/p15_bad_addon/models/bad.py	LOCAL_TEST_ONLY
.tmp/p15-final-cert-24564/image-cache/sha256:17c2464e90bd9d126120bc44d7afebf482cce29be86a0a5f99b550ac5e7d3fe8/digest.txt	LOCAL_TEST_ONLY
.tmp/p15-final-cert-24564/image-cache/sha256:17c2464e90bd9d126120bc44d7afebf482cce29be86a0a5f99b550ac5e7d3fe8/verified	LOCAL_TEST_ONLY
.tmp/p15-final-cert-24564/ops/license_slots_snapshot.json	LOCAL_TEST_ONLY
.tmp/p15-final-cert-24564/ops/operations/imgclean-upd-20260802042909-3aa44542/canonical.json	LOCAL_TEST_ONLY
.tmp/p15-final-cert-24564/ops/operations/imgclean-upd-20260802042909-3aa44542/events.jsonl	LOCAL_TEST_ONLY
.tmp/p15-final-cert-24564/ops/operations/upd-20260802042909-3aa44542/canonical.json	LOCAL_TEST_ONLY
.tmp/p15-final-cert-24564/ops/operations/upd-20260802042909-3aa44542/events.jsonl	LOCAL_TEST_ONLY
.tmp/p15-final-cert-24564/ops/operations/upd-20260802042933-aa74a68e/canonical.json	LOCAL_TEST_ONLY
.tmp/p15-final-cert-24564/ops/operations/upd-20260802042933-aa74a68e/events.jsonl	LOCAL_TEST_ONLY
.tmp/p15-final-cert-24564/ops/operations/upd-interrupt-test/canonical.json	LOCAL_TEST_ONLY
.tmp/p15-final-cert-24564/ops/operations/upd-interrupt-test/events.jsonl	LOCAL_TEST_ONLY
.tmp/p15-final-cert-24564/ops/operations/upd-rb-imgclean/canonical.json	LOCAL_TEST_ONLY
.tmp/p15-final-cert-24564/ops/operations/upd-rb-imgclean/events.jsonl	LOCAL_TEST_ONLY
.tmp/p15-final-cert-24564/ops/operations/upd-rb-preswitch/canonical.json	LOCAL_TEST_ONLY
.tmp/p15-final-cert-24564/ops/operations/upd-rb-preswitch/events.jsonl	LOCAL_TEST_ONLY
.tmp/p15-final-cert-24564/ops/operations/upd-rb-rollback/canonical.json	LOCAL_TEST_ONLY
.tmp/p15-final-cert-24564/ops/operations/upd-rb-rollback/events.jsonl	LOCAL_TEST_ONLY
.tmp/p15-final-cert-24564/ops/operations/upd-rb-switch/canonical.json	LOCAL_TEST_ONLY
.tmp/p15-final-cert-24564/ops/operations/upd-rb-switch/events.jsonl	LOCAL_TEST_ONLY
.tmp/p15-final-cert-24564/ops/operations/upd-rb-upgrade/canonical.json	LOCAL_TEST_ONLY
.tmp/p15-final-cert-24564/ops/operations/upd-rb-upgrade/events.jsonl	LOCAL_TEST_ONLY
.tmp/p15-final-cert-24564/ops/registry/history/imgclean-upd-20260802042909-3aa44542.jsonl	LOCAL_TEST_ONLY
.tmp/p15-final-cert-24564/ops/registry/history/upd-20260802042909-3aa44542.jsonl	LOCAL_TEST_ONLY
.tmp/p15-final-cert-24564/ops/registry/index/imgclean-upd-20260802042909-3aa44542.json	LOCAL_TEST_ONLY
.tmp/p15-final-cert-24564/ops/registry/index/upd-20260802042909-3aa44542.json	LOCAL_TEST_ONLY
.tmp/p15-final-cert-24564/ops/registry/index/upd-20260802042933-aa74a68e.json	LOCAL_TEST_ONLY
.tmp/p15-final-cert-24564/ops/registry/index/upd-interrupt-test.json	LOCAL_TEST_ONLY
.tmp/p15-final-cert-24564/ops/registry/index/upd-rb-imgclean.json	LOCAL_TEST_ONLY
.tmp/p15-final-cert-24564/ops/registry/index/upd-rb-preswitch.json	LOCAL_TEST_ONLY
.tmp/p15-final-cert-24564/ops/registry/index/upd-rb-rollback.json	LOCAL_TEST_ONLY
.tmp/p15-final-cert-24564/ops/registry/index/upd-rb-switch.json	LOCAL_TEST_ONLY
.tmp/p15-final-cert-24564/ops/registry/index/upd-rb-upgrade.json	LOCAL_TEST_ONLY
.tmp/p15-final-cert-24564/ops/registry/locks/upd-20260802042909-3aa44542/owner.json	LOCAL_TEST_ONLY
.tmp/p15-final-cert-24564/ops/registry/locks/upd-20260802042933-aa74a68e/owner.json	LOCAL_TEST_ONLY
.tmp/p15-final-cert-24564/stubs/docker-pull-7a153b35cfca.done	LOCAL_TEST_ONLY
.tmp/p15-final-cert-24564/stubs/switch-upd-20260802042909-3aa44542.done	LOCAL_TEST_ONLY
.tmp/p15-final-cert-24564/tenant/prod-final-a/current_digest.txt	LOCAL_TEST_ONLY
.tmp/p15-final-cert-24564/tenant/prod-final-a/db/dump.sql	LOCAL_TEST_ONLY
.tmp/p15-final-cert-24564/tenant/prod-final-a/filestore/a	LOCAL_TEST_ONLY
.tmp/p15-final-cert-24564/tenant/prod-final-a/identity.json	LOCAL_TEST_ONLY
.tmp/p15-final-cert-24564/tenant/prod-final-a/previous_digest.txt	LOCAL_TEST_ONLY
.tmp/p15-final-cert-24564/updates/backups/upd-20260802042909-3aa44542/checksums.txt	LOCAL_TEST_ONLY
.tmp/p15-final-cert-24564/updates/backups/upd-20260802042909-3aa44542/config/current_digest.txt	LOCAL_TEST_ONLY
.tmp/p15-final-cert-24564/updates/backups/upd-20260802042909-3aa44542/config/database_uuid.txt	LOCAL_TEST_ONLY
.tmp/p15-final-cert-24564/updates/backups/upd-20260802042909-3aa44542/config/production_identity.json	LOCAL_TEST_ONLY
.tmp/p15-final-cert-24564/updates/backups/upd-20260802042909-3aa44542/config/routing_refs.txt	LOCAL_TEST_ONLY
.tmp/p15-final-cert-24564/updates/backups/upd-20260802042909-3aa44542/db/dump.sql	LOCAL_TEST_ONLY
.tmp/p15-final-cert-24564/updates/backups/upd-20260802042909-3aa44542/filestore/a	LOCAL_TEST_ONLY
.tmp/p15-final-cert-24564/updates/backups/upd-20260802042909-3aa44542/recovery_set.json	LOCAL_TEST_ONLY
.tmp/p15-final-cert-24564/updates/backups/upd-20260802042909-3aa44542/rollback_manifest.json	LOCAL_TEST_ONLY
.tmp/p15-final-cert-24564/updates/backups/upd-20260802042933-aa74a68e/checksums.txt	LOCAL_TEST_ONLY
.tmp/p15-final-cert-24564/updates/backups/upd-20260802042933-aa74a68e/config/current_digest.txt	LOCAL_TEST_ONLY
.tmp/p15-final-cert-24564/updates/backups/upd-20260802042933-aa74a68e/config/database_uuid.txt	LOCAL_TEST_ONLY
.tmp/p15-final-cert-24564/updates/backups/upd-20260802042933-aa74a68e/config/production_identity.json	LOCAL_TEST_ONLY
.tmp/p15-final-cert-24564/updates/backups/upd-20260802042933-aa74a68e/config/routing_refs.txt	LOCAL_TEST_ONLY
.tmp/p15-final-cert-24564/updates/backups/upd-20260802042933-aa74a68e/db/dump.sql	LOCAL_TEST_ONLY
.tmp/p15-final-cert-24564/updates/backups/upd-20260802042933-aa74a68e/filestore/a	LOCAL_TEST_ONLY
.tmp/p15-final-cert-24564/updates/backups/upd-20260802042933-aa74a68e/recovery_set.json	LOCAL_TEST_ONLY
.tmp/p15-final-cert-24564/updates/backups/upd-20260802042933-aa74a68e/rollback_manifest.json	LOCAL_TEST_ONLY
.tmp/p15-final-cert-24564/updates/backups/upd-rb-imgclean/rollback_manifest.json	LOCAL_TEST_ONLY
.tmp/p15-final-cert-24564/updates/backups/upd-rb-preswitch/rollback_manifest.json	LOCAL_TEST_ONLY
.tmp/p15-final-cert-24564/updates/backups/upd-rb-rollback/rollback_manifest.json	LOCAL_TEST_ONLY
.tmp/p15-final-cert-24564/updates/backups/upd-rb-switch/rollback_manifest.json	LOCAL_TEST_ONLY
.tmp/p15-final-cert-24564/updates/backups/upd-rb-upgrade/rollback_manifest.json	LOCAL_TEST_ONLY
.tmp/p15-final-cert-24564/updates/candidates/upd-20260802042909-3aa44542/candidate.json	LOCAL_TEST_ONLY
.tmp/p15-final-cert-24564/updates/candidates/upd-20260802042909-3aa44542/db/dump.sql	LOCAL_TEST_ONLY
.tmp/p15-final-cert-24564/updates/candidates/upd-20260802042909-3aa44542/filestore/a	LOCAL_TEST_ONLY
.tmp/p15-final-cert-24564/updates/candidates/upd-20260802042909-3aa44542/runtime/database_uuid.txt	LOCAL_TEST_ONLY
.tmp/p15-final-cert-24564/updates/candidates/upd-20260802042909-3aa44542/runtime/db_name.txt	LOCAL_TEST_ONLY
.tmp/p15-final-cert-24564/updates/candidates/upd-20260802042909-3aa44542/runtime/host_root.txt	LOCAL_TEST_ONLY
.tmp/p15-final-cert-24564/updates/candidates/upd-20260802042909-3aa44542/runtime/http_validation.json	LOCAL_TEST_ONLY
.tmp/p15-final-cert-24564/updates/candidates/upd-20260802042909-3aa44542/runtime/identity.txt	LOCAL_TEST_ONLY
.tmp/p15-final-cert-24564/updates/candidates/upd-20260802042909-3aa44542/runtime/image_ref.txt	LOCAL_TEST_ONLY
.tmp/p15-final-cert-24564/updates/candidates/upd-20260802042909-3aa44542/runtime/isolation_proof.txt	LOCAL_TEST_ONLY
.tmp/p15-final-cert-24564/updates/candidates/upd-20260802042909-3aa44542/runtime/license_guard_identity.json	LOCAL_TEST_ONLY
.tmp/p15-final-cert-24564/updates/candidates/upd-20260802042909-3aa44542/runtime/license_guard_proof.json	LOCAL_TEST_ONLY
.tmp/p15-final-cert-24564/updates/candidates/upd-20260802042909-3aa44542/runtime/license_guard_rejection_probes.json	LOCAL_TEST_ONLY
.tmp/p15-final-cert-24564/updates/candidates/upd-20260802042909-3aa44542/runtime/license_id.txt	LOCAL_TEST_ONLY
.tmp/p15-final-cert-24564/updates/candidates/upd-20260802042909-3aa44542/runtime/modules_updated.txt	LOCAL_TEST_ONLY
.tmp/p15-final-cert-24564/updates/candidates/upd-20260802042909-3aa44542/runtime/neutralization.env	LOCAL_TEST_ONLY
.tmp/p15-final-cert-24564/updates/candidates/upd-20260802042909-3aa44542/runtime/production_tenant_id.txt	LOCAL_TEST_ONLY
.tmp/p15-final-cert-24564/updates/candidates/upd-20260802042909-3aa44542/runtime/running_digest.txt	LOCAL_TEST_ONLY
.tmp/p15-final-cert-24564/updates/candidates/upd-20260802042909-3aa44542/runtime/schema_result.txt	LOCAL_TEST_ONLY
.tmp/p15-final-cert-24564/updates/candidates/upd-20260802042909-3aa44542/runtime/soviez.conf	LOCAL_TEST_ONLY
.tmp/p15-final-cert-24564/updates/candidates/upd-20260802042933-aa74a68e/addons/p15_bad_addon/__init__.py	LOCAL_TEST_ONLY
.tmp/p15-final-cert-24564/updates/candidates/upd-20260802042933-aa74a68e/addons/p15_bad_addon/__manifest__.py	LOCAL_TEST_ONLY
.tmp/p15-final-cert-24564/updates/candidates/upd-20260802042933-aa74a68e/addons/p15_bad_addon/models/__init__.py	LOCAL_TEST_ONLY
.tmp/p15-final-cert-24564/updates/candidates/upd-20260802042933-aa74a68e/addons/p15_bad_addon/models/bad.py	LOCAL_TEST_ONLY
.tmp/p15-final-cert-24564/updates/candidates/upd-20260802042933-aa74a68e/candidate.json	LOCAL_TEST_ONLY
.tmp/p15-final-cert-24564/updates/candidates/upd-20260802042933-aa74a68e/db/dump.sql	LOCAL_TEST_ONLY
.tmp/p15-final-cert-24564/updates/candidates/upd-20260802042933-aa74a68e/filestore/a	LOCAL_TEST_ONLY
.tmp/p15-final-cert-24564/updates/candidates/upd-20260802042933-aa74a68e/runtime/database_uuid.txt	LOCAL_TEST_ONLY
.tmp/p15-final-cert-24564/updates/candidates/upd-20260802042933-aa74a68e/runtime/db_name.txt	LOCAL_TEST_ONLY
.tmp/p15-final-cert-24564/updates/candidates/upd-20260802042933-aa74a68e/runtime/host_root.txt	LOCAL_TEST_ONLY
.tmp/p15-final-cert-24564/updates/candidates/upd-20260802042933-aa74a68e/runtime/identity.txt	LOCAL_TEST_ONLY
.tmp/p15-final-cert-24564/updates/candidates/upd-20260802042933-aa74a68e/runtime/image_ref.txt	LOCAL_TEST_ONLY
.tmp/p15-final-cert-24564/updates/candidates/upd-20260802042933-aa74a68e/runtime/license_guard_identity.json	LOCAL_TEST_ONLY
.tmp/p15-final-cert-24564/updates/candidates/upd-20260802042933-aa74a68e/runtime/license_id.txt	LOCAL_TEST_ONLY
.tmp/p15-final-cert-24564/updates/candidates/upd-20260802042933-aa74a68e/runtime/neutralization.env	LOCAL_TEST_ONLY
.tmp/p15-final-cert-24564/updates/candidates/upd-20260802042933-aa74a68e/runtime/production_tenant_id.txt	LOCAL_TEST_ONLY
.tmp/p15-final-cert-24564/updates/candidates/upd-20260802042933-aa74a68e/runtime/soviez.conf	LOCAL_TEST_ONLY
.tmp/p15-final-cert-24564/updates/image_cleanup/operations/imgclean-upd-20260802042909-3aa44542/state.json	LOCAL_TEST_ONLY
.tmp/p15-final-cert-24564/updates/operations/upd-20260802042909-3aa44542/artifact/credential_cleanup.txt	LOCAL_TEST_ONLY
.tmp/p15-final-cert-24564/updates/operations/upd-20260802042909-3aa44542/artifact/digest.txt	LOCAL_TEST_ONLY
.tmp/p15-final-cert-24564/updates/operations/upd-20260802042909-3aa44542/artifact/pull.meta	LOCAL_TEST_ONLY
.tmp/p15-final-cert-24564/updates/operations/upd-20260802042909-3aa44542/preflight.json	LOCAL_TEST_ONLY
.tmp/p15-final-cert-24564/updates/operations/upd-20260802042909-3aa44542/production.json	LOCAL_TEST_ONLY
.tmp/p15-final-cert-24564/updates/operations/upd-20260802042909-3aa44542/release.json	LOCAL_TEST_ONLY
.tmp/p15-final-cert-24564/updates/operations/upd-20260802042909-3aa44542/state.json	LOCAL_TEST_ONLY
.tmp/p15-final-cert-24564/updates/operations/upd-20260802042909-3aa44542/switch.json	LOCAL_TEST_ONLY
.tmp/p15-final-cert-24564/updates/operations/upd-20260802042909-3aa44542/target_digest.txt	LOCAL_TEST_ONLY
.tmp/p15-final-cert-24564/updates/operations/upd-20260802042909-3aa44542/upgrade.log	LOCAL_TEST_ONLY
.tmp/p15-final-cert-24564/updates/operations/upd-20260802042909-3aa44542/upgrade_result.json	LOCAL_TEST_ONLY
.tmp/p15-final-cert-24564/updates/operations/upd-20260802042909-3aa44542/validation.json	LOCAL_TEST_ONLY
.tmp/p15-final-cert-24564/updates/operations/upd-20260802042933-aa74a68e/artifact/digest.txt	LOCAL_TEST_ONLY
.tmp/p15-final-cert-24564/updates/operations/upd-20260802042933-aa74a68e/artifact/pull.meta	LOCAL_TEST_ONLY
.tmp/p15-final-cert-24564/updates/operations/upd-20260802042933-aa74a68e/preflight.json	LOCAL_TEST_ONLY
.tmp/p15-final-cert-24564/updates/operations/upd-20260802042933-aa74a68e/production.json	LOCAL_TEST_ONLY
.tmp/p15-final-cert-24564/updates/operations/upd-20260802042933-aa74a68e/release.json	LOCAL_TEST_ONLY
.tmp/p15-final-cert-24564/updates/operations/upd-20260802042933-aa74a68e/state.json	LOCAL_TEST_ONLY
.tmp/p15-final-cert-24564/updates/operations/upd-20260802042933-aa74a68e/target_digest.txt	LOCAL_TEST_ONLY
.tmp/p15-final-cert-24564/updates/operations/upd-20260802042933-aa74a68e/upgrade.log	LOCAL_TEST_ONLY
.tmp/p15-final-cert-24564/updates/operations/upd-interrupt-test/interrupt_at	LOCAL_TEST_ONLY
.tmp/p15-final-cert-24564/updates/operations/upd-interrupt-test/state.json	LOCAL_TEST_ONLY
.tmp/p15-final-cert-24564/updates/operations/upd-rb-imgclean/reboot_upd-rb-imgclean.json	LOCAL_TEST_ONLY
.tmp/p15-final-cert-24564/updates/operations/upd-rb-imgclean/state.json	LOCAL_TEST_ONLY
.tmp/p15-final-cert-24564/updates/operations/upd-rb-imgclean/target_digest.txt	LOCAL_TEST_ONLY
.tmp/p15-final-cert-24564/updates/operations/upd-rb-preswitch/reboot_upd-rb-preswitch.json	LOCAL_TEST_ONLY
.tmp/p15-final-cert-24564/updates/operations/upd-rb-preswitch/state.json	LOCAL_TEST_ONLY
.tmp/p15-final-cert-24564/updates/operations/upd-rb-preswitch/target_digest.txt	LOCAL_TEST_ONLY
.tmp/p15-final-cert-24564/updates/operations/upd-rb-rollback/reboot_upd-rb-rollback.json	LOCAL_TEST_ONLY
.tmp/p15-final-cert-24564/updates/operations/upd-rb-rollback/state.json	LOCAL_TEST_ONLY
.tmp/p15-final-cert-24564/updates/operations/upd-rb-rollback/target_digest.txt	LOCAL_TEST_ONLY
.tmp/p15-final-cert-24564/updates/operations/upd-rb-switch/reboot_intent.txt	LOCAL_TEST_ONLY
.tmp/p15-final-cert-24564/updates/operations/upd-rb-switch/reboot_upd-rb-switch.json	LOCAL_TEST_ONLY
.tmp/p15-final-cert-24564/updates/operations/upd-rb-switch/state.json	LOCAL_TEST_ONLY
.tmp/p15-final-cert-24564/updates/operations/upd-rb-switch/target_digest.txt	LOCAL_TEST_ONLY
.tmp/p15-final-cert-24564/updates/operations/upd-rb-upgrade/reboot_upd-rb-upgrade.json	LOCAL_TEST_ONLY
.tmp/p15-final-cert-24564/updates/operations/upd-rb-upgrade/state.json	LOCAL_TEST_ONLY
.tmp/p15-final-cert-24564/updates/operations/upd-rb-upgrade/target_digest.txt	LOCAL_TEST_ONLY
.tmp/p15-final-cert-33126/image-cache/sha256:ffacbb104aa9861728e4cf21bb233bb32fc17d01b664f452d69d546df071f1a4/digest.txt	LOCAL_TEST_ONLY
.tmp/p15-final-cert-33126/image-cache/sha256:ffacbb104aa9861728e4cf21bb233bb32fc17d01b664f452d69d546df071f1a4/verified	LOCAL_TEST_ONLY
.tmp/p15-final-cert-33126/ops/license_slots_snapshot.json	LOCAL_TEST_ONLY
.tmp/p15-final-cert-33126/ops/operations/upd-20260810180313-ea3bc05c/canonical.json	LOCAL_TEST_ONLY
.tmp/p15-final-cert-33126/ops/operations/upd-20260810180313-ea3bc05c/events.jsonl	LOCAL_TEST_ONLY
.tmp/p15-final-cert-33126/ops/registry/index/upd-20260810180313-ea3bc05c.json	LOCAL_TEST_ONLY
.tmp/p15-final-cert-33126/ops/registry/locks/upd-20260810180313-ea3bc05c/owner.json	LOCAL_TEST_ONLY
.tmp/p15-final-cert-33126/secrets/update_pg_creds	LOCAL_TEST_ONLY
.tmp/p15-final-cert-33126/stubs/docker-pull-7a153b35cfca.done	LOCAL_TEST_ONLY
.tmp/p15-final-cert-33126/tenant/prod-final-a/db/dump.sql	LOCAL_TEST_ONLY
.tmp/p15-final-cert-33126/tenant/prod-final-a/filestore/a	LOCAL_TEST_ONLY
.tmp/p15-final-cert-33126/tenant/prod-final-a/identity.json	LOCAL_TEST_ONLY
.tmp/p15-final-cert-33126/updates/backups/upd-20260810180313-ea3bc05c/checksums.txt	LOCAL_TEST_ONLY
.tmp/p15-final-cert-33126/updates/backups/upd-20260810180313-ea3bc05c/config/current_digest.txt	LOCAL_TEST_ONLY
.tmp/p15-final-cert-33126/updates/backups/upd-20260810180313-ea3bc05c/config/database_uuid.txt	LOCAL_TEST_ONLY
.tmp/p15-final-cert-33126/updates/backups/upd-20260810180313-ea3bc05c/config/production_identity.json	LOCAL_TEST_ONLY
.tmp/p15-final-cert-33126/updates/backups/upd-20260810180313-ea3bc05c/config/routing_refs.txt	LOCAL_TEST_ONLY
.tmp/p15-final-cert-33126/updates/backups/upd-20260810180313-ea3bc05c/db/dump.sql	LOCAL_TEST_ONLY
.tmp/p15-final-cert-33126/updates/backups/upd-20260810180313-ea3bc05c/filestore/a	LOCAL_TEST_ONLY
.tmp/p15-final-cert-33126/updates/backups/upd-20260810180313-ea3bc05c/recovery_set.json	LOCAL_TEST_ONLY
.tmp/p15-final-cert-33126/updates/backups/upd-20260810180313-ea3bc05c/rollback_manifest.json	LOCAL_TEST_ONLY
.tmp/p15-final-cert-33126/updates/candidates/upd-20260810180313-ea3bc05c/candidate.json	LOCAL_TEST_ONLY
.tmp/p15-final-cert-33126/updates/candidates/upd-20260810180313-ea3bc05c/db/dump.sql	LOCAL_TEST_ONLY
.tmp/p15-final-cert-33126/updates/candidates/upd-20260810180313-ea3bc05c/filestore/a	LOCAL_TEST_ONLY
.tmp/p15-final-cert-33126/updates/candidates/upd-20260810180313-ea3bc05c/runtime/database_uuid.txt	LOCAL_TEST_ONLY
.tmp/p15-final-cert-33126/updates/candidates/upd-20260810180313-ea3bc05c/runtime/db_name.txt	LOCAL_TEST_ONLY
.tmp/p15-final-cert-33126/updates/candidates/upd-20260810180313-ea3bc05c/runtime/host_root.txt	LOCAL_TEST_ONLY
.tmp/p15-final-cert-33126/updates/candidates/upd-20260810180313-ea3bc05c/runtime/identity.txt	LOCAL_TEST_ONLY
.tmp/p15-final-cert-33126/updates/candidates/upd-20260810180313-ea3bc05c/runtime/image_ref.txt	LOCAL_TEST_ONLY
.tmp/p15-final-cert-33126/updates/candidates/upd-20260810180313-ea3bc05c/runtime/license_guard_identity.json	LOCAL_TEST_ONLY
.tmp/p15-final-cert-33126/updates/candidates/upd-20260810180313-ea3bc05c/runtime/license_id.txt	LOCAL_TEST_ONLY
.tmp/p15-final-cert-33126/updates/candidates/upd-20260810180313-ea3bc05c/runtime/neutralization.env	LOCAL_TEST_ONLY
.tmp/p15-final-cert-33126/updates/candidates/upd-20260810180313-ea3bc05c/runtime/production_tenant_id.txt	LOCAL_TEST_ONLY
.tmp/p15-final-cert-33126/updates/candidates/upd-20260810180313-ea3bc05c/runtime/soviez.conf	LOCAL_TEST_ONLY
.tmp/p15-final-cert-33126/updates/operations/upd-20260810180313-ea3bc05c/artifact/credential_cleanup.txt	LOCAL_TEST_ONLY
.tmp/p15-final-cert-33126/updates/operations/upd-20260810180313-ea3bc05c/artifact/digest.txt	LOCAL_TEST_ONLY
.tmp/p15-final-cert-33126/updates/operations/upd-20260810180313-ea3bc05c/artifact/pull.meta	LOCAL_TEST_ONLY
.tmp/p15-final-cert-33126/updates/operations/upd-20260810180313-ea3bc05c/preflight.json	LOCAL_TEST_ONLY
.tmp/p15-final-cert-33126/updates/operations/upd-20260810180313-ea3bc05c/production.json	LOCAL_TEST_ONLY
.tmp/p15-final-cert-33126/updates/operations/upd-20260810180313-ea3bc05c/release.json	LOCAL_TEST_ONLY
.tmp/p15-final-cert-33126/updates/operations/upd-20260810180313-ea3bc05c/state.json	LOCAL_TEST_ONLY
.tmp/p15-final-cert-33126/updates/operations/upd-20260810180313-ea3bc05c/target_digest.txt	LOCAL_TEST_ONLY
.tmp/p15-final-cert-33126/updates/operations/upd-20260810180313-ea3bc05c/upgrade.log	LOCAL_TEST_ONLY
.tmp/p15-final-cert-3491/image-cache/sha256:ffacbb104aa9861728e4cf21bb233bb32fc17d01b664f452d69d546df071f1a4/digest.txt	LOCAL_TEST_ONLY
.tmp/p15-final-cert-3491/image-cache/sha256:ffacbb104aa9861728e4cf21bb233bb32fc17d01b664f452d69d546df071f1a4/verified	LOCAL_TEST_ONLY
.tmp/p15-final-cert-3491/ops/license_slots_snapshot.json	LOCAL_TEST_ONLY
.tmp/p15-final-cert-3491/ops/operations/upd-20260810174521-2e061505/canonical.json	LOCAL_TEST_ONLY
.tmp/p15-final-cert-3491/ops/operations/upd-20260810174521-2e061505/events.jsonl	LOCAL_TEST_ONLY
.tmp/p15-final-cert-3491/ops/registry/index/upd-20260810174521-2e061505.json	LOCAL_TEST_ONLY
.tmp/p15-final-cert-3491/ops/registry/locks/upd-20260810174521-2e061505/owner.json	LOCAL_TEST_ONLY
.tmp/p15-final-cert-3491/secrets/update_pg_creds	LOCAL_TEST_ONLY
.tmp/p15-final-cert-3491/stubs/docker-pull-7a153b35cfca.done	LOCAL_TEST_ONLY
.tmp/p15-final-cert-3491/tenant/prod-final-a/db/dump.sql	LOCAL_TEST_ONLY
.tmp/p15-final-cert-3491/tenant/prod-final-a/filestore/a	LOCAL_TEST_ONLY
.tmp/p15-final-cert-3491/tenant/prod-final-a/identity.json	LOCAL_TEST_ONLY
.tmp/p15-final-cert-3491/updates/backups/upd-20260810174521-2e061505/checksums.txt	LOCAL_TEST_ONLY
.tmp/p15-final-cert-3491/updates/backups/upd-20260810174521-2e061505/config/current_digest.txt	LOCAL_TEST_ONLY
.tmp/p15-final-cert-3491/updates/backups/upd-20260810174521-2e061505/config/database_uuid.txt	LOCAL_TEST_ONLY
.tmp/p15-final-cert-3491/updates/backups/upd-20260810174521-2e061505/config/production_identity.json	LOCAL_TEST_ONLY
.tmp/p15-final-cert-3491/updates/backups/upd-20260810174521-2e061505/config/routing_refs.txt	LOCAL_TEST_ONLY
.tmp/p15-final-cert-3491/updates/backups/upd-20260810174521-2e061505/db/dump.sql	LOCAL_TEST_ONLY
.tmp/p15-final-cert-3491/updates/backups/upd-20260810174521-2e061505/filestore/a	LOCAL_TEST_ONLY
.tmp/p15-final-cert-3491/updates/backups/upd-20260810174521-2e061505/recovery_set.json	LOCAL_TEST_ONLY
.tmp/p15-final-cert-3491/updates/backups/upd-20260810174521-2e061505/rollback_manifest.json	LOCAL_TEST_ONLY
.tmp/p15-final-cert-3491/updates/candidates/upd-20260810174521-2e061505/candidate.json	LOCAL_TEST_ONLY
.tmp/p15-final-cert-3491/updates/candidates/upd-20260810174521-2e061505/db/dump.sql	LOCAL_TEST_ONLY
.tmp/p15-final-cert-3491/updates/candidates/upd-20260810174521-2e061505/filestore/a	LOCAL_TEST_ONLY
.tmp/p15-final-cert-3491/updates/candidates/upd-20260810174521-2e061505/runtime/database_uuid.txt	LOCAL_TEST_ONLY
.tmp/p15-final-cert-3491/updates/candidates/upd-20260810174521-2e061505/runtime/db_name.txt	LOCAL_TEST_ONLY
.tmp/p15-final-cert-3491/updates/candidates/upd-20260810174521-2e061505/runtime/host_root.txt	LOCAL_TEST_ONLY
.tmp/p15-final-cert-3491/updates/candidates/upd-20260810174521-2e061505/runtime/identity.txt	LOCAL_TEST_ONLY
.tmp/p15-final-cert-3491/updates/candidates/upd-20260810174521-2e061505/runtime/image_ref.txt	LOCAL_TEST_ONLY
.tmp/p15-final-cert-3491/updates/candidates/upd-20260810174521-2e061505/runtime/license_guard_identity.json	LOCAL_TEST_ONLY
.tmp/p15-final-cert-3491/updates/candidates/upd-20260810174521-2e061505/runtime/license_id.txt	LOCAL_TEST_ONLY
.tmp/p15-final-cert-3491/updates/candidates/upd-20260810174521-2e061505/runtime/neutralization.env	LOCAL_TEST_ONLY
.tmp/p15-final-cert-3491/updates/candidates/upd-20260810174521-2e061505/runtime/production_tenant_id.txt	LOCAL_TEST_ONLY
.tmp/p15-final-cert-3491/updates/candidates/upd-20260810174521-2e061505/runtime/soviez.conf	LOCAL_TEST_ONLY
.tmp/p15-final-cert-3491/updates/operations/upd-20260810174521-2e061505/artifact/credential_cleanup.txt	LOCAL_TEST_ONLY
.tmp/p15-final-cert-3491/updates/operations/upd-20260810174521-2e061505/artifact/digest.txt	LOCAL_TEST_ONLY
.tmp/p15-final-cert-3491/updates/operations/upd-20260810174521-2e061505/artifact/pull.meta	LOCAL_TEST_ONLY
.tmp/p15-final-cert-3491/updates/operations/upd-20260810174521-2e061505/preflight.json	LOCAL_TEST_ONLY
.tmp/p15-final-cert-3491/updates/operations/upd-20260810174521-2e061505/production.json	LOCAL_TEST_ONLY
.tmp/p15-final-cert-3491/updates/operations/upd-20260810174521-2e061505/release.json	LOCAL_TEST_ONLY
.tmp/p15-final-cert-3491/updates/operations/upd-20260810174521-2e061505/state.json	LOCAL_TEST_ONLY
.tmp/p15-final-cert-3491/updates/operations/upd-20260810174521-2e061505/target_digest.txt	LOCAL_TEST_ONLY
.tmp/p15-final-cert-3491/updates/operations/upd-20260810174521-2e061505/upgrade.log	LOCAL_TEST_ONLY
.tmp/p15-final-cert-34995/image-cache/sha256:17c2464e90bd9d126120bc44d7afebf482cce29be86a0a5f99b550ac5e7d3fe8/digest.txt	LOCAL_TEST_ONLY
.tmp/p15-final-cert-34995/image-cache/sha256:17c2464e90bd9d126120bc44d7afebf482cce29be86a0a5f99b550ac5e7d3fe8/verified	LOCAL_TEST_ONLY
.tmp/p15-final-cert-34995/ops/license_slots_snapshot.json	LOCAL_TEST_ONLY
.tmp/p15-final-cert-34995/ops/operations/upd-20260805110009-f32fb285/canonical.json	LOCAL_TEST_ONLY
.tmp/p15-final-cert-34995/ops/operations/upd-20260805110009-f32fb285/events.jsonl	LOCAL_TEST_ONLY
.tmp/p15-final-cert-34995/ops/registry/index/upd-20260805110009-f32fb285.json	LOCAL_TEST_ONLY
.tmp/p15-final-cert-34995/ops/registry/locks/upd-20260805110009-f32fb285/owner.json	LOCAL_TEST_ONLY
.tmp/p15-final-cert-34995/stubs/docker-pull-7a153b35cfca.done	LOCAL_TEST_ONLY
.tmp/p15-final-cert-34995/tenant/prod-final-a/db/dump.sql	LOCAL_TEST_ONLY
.tmp/p15-final-cert-34995/tenant/prod-final-a/filestore/a	LOCAL_TEST_ONLY
.tmp/p15-final-cert-34995/tenant/prod-final-a/identity.json	LOCAL_TEST_ONLY
.tmp/p15-final-cert-34995/updates/backups/upd-20260805110009-f32fb285/checksums.txt	LOCAL_TEST_ONLY
.tmp/p15-final-cert-34995/updates/backups/upd-20260805110009-f32fb285/config/current_digest.txt	LOCAL_TEST_ONLY
.tmp/p15-final-cert-34995/updates/backups/upd-20260805110009-f32fb285/config/database_uuid.txt	LOCAL_TEST_ONLY
.tmp/p15-final-cert-34995/updates/backups/upd-20260805110009-f32fb285/config/production_identity.json	LOCAL_TEST_ONLY
.tmp/p15-final-cert-34995/updates/backups/upd-20260805110009-f32fb285/config/routing_refs.txt	LOCAL_TEST_ONLY
.tmp/p15-final-cert-34995/updates/backups/upd-20260805110009-f32fb285/db/dump.sql	LOCAL_TEST_ONLY
.tmp/p15-final-cert-34995/updates/backups/upd-20260805110009-f32fb285/filestore/a	LOCAL_TEST_ONLY
.tmp/p15-final-cert-34995/updates/backups/upd-20260805110009-f32fb285/recovery_set.json	LOCAL_TEST_ONLY
.tmp/p15-final-cert-34995/updates/backups/upd-20260805110009-f32fb285/rollback_manifest.json	LOCAL_TEST_ONLY
.tmp/p15-final-cert-34995/updates/candidates/upd-20260805110009-f32fb285/db/dump.sql	LOCAL_TEST_ONLY
.tmp/p15-final-cert-34995/updates/candidates/upd-20260805110009-f32fb285/filestore/a	LOCAL_TEST_ONLY
.tmp/p15-final-cert-34995/updates/candidates/upd-20260805110009-f32fb285/runtime/database_uuid.txt	LOCAL_TEST_ONLY
.tmp/p15-final-cert-34995/updates/candidates/upd-20260805110009-f32fb285/runtime/identity.txt	LOCAL_TEST_ONLY
.tmp/p15-final-cert-34995/updates/candidates/upd-20260805110009-f32fb285/runtime/license_id.txt	LOCAL_TEST_ONLY
.tmp/p15-final-cert-34995/updates/candidates/upd-20260805110009-f32fb285/runtime/neutralization.env	LOCAL_TEST_ONLY
.tmp/p15-final-cert-34995/updates/candidates/upd-20260805110009-f32fb285/runtime/production_tenant_id.txt	LOCAL_TEST_ONLY
.tmp/p15-final-cert-34995/updates/operations/upd-20260805110009-f32fb285/artifact/credential_cleanup.txt	LOCAL_TEST_ONLY
.tmp/p15-final-cert-34995/updates/operations/upd-20260805110009-f32fb285/artifact/digest.txt	LOCAL_TEST_ONLY
.tmp/p15-final-cert-34995/updates/operations/upd-20260805110009-f32fb285/artifact/pull.meta	LOCAL_TEST_ONLY
.tmp/p15-final-cert-34995/updates/operations/upd-20260805110009-f32fb285/preflight.json	LOCAL_TEST_ONLY
.tmp/p15-final-cert-34995/updates/operations/upd-20260805110009-f32fb285/production.json	LOCAL_TEST_ONLY
.tmp/p15-final-cert-34995/updates/operations/upd-20260805110009-f32fb285/release.json	LOCAL_TEST_ONLY
.tmp/p15-final-cert-34995/updates/operations/upd-20260805110009-f32fb285/state.json	LOCAL_TEST_ONLY
.tmp/p15-final-cert-34995/updates/operations/upd-20260805110009-f32fb285/target_digest.txt	LOCAL_TEST_ONLY
.tmp/p15-final-cert-36518/image-cache/sha256:ffacbb104aa9861728e4cf21bb233bb32fc17d01b664f452d69d546df071f1a4/digest.txt	LOCAL_TEST_ONLY
.tmp/p15-final-cert-36518/image-cache/sha256:ffacbb104aa9861728e4cf21bb233bb32fc17d01b664f452d69d546df071f1a4/verified	LOCAL_TEST_ONLY
.tmp/p15-final-cert-36518/ops/license_slots_snapshot.json	LOCAL_TEST_ONLY
.tmp/p15-final-cert-36518/ops/operations/upd-20260810180335-5184df5e/canonical.json	LOCAL_TEST_ONLY
.tmp/p15-final-cert-36518/ops/operations/upd-20260810180335-5184df5e/events.jsonl	LOCAL_TEST_ONLY
.tmp/p15-final-cert-36518/ops/registry/index/upd-20260810180335-5184df5e.json	LOCAL_TEST_ONLY
.tmp/p15-final-cert-36518/ops/registry/locks/upd-20260810180335-5184df5e/owner.json	LOCAL_TEST_ONLY
.tmp/p15-final-cert-36518/secrets/update_pg_creds	LOCAL_TEST_ONLY
.tmp/p15-final-cert-36518/stubs/docker-pull-7a153b35cfca.done	LOCAL_TEST_ONLY
.tmp/p15-final-cert-36518/tenant/prod-final-a/db/dump.sql	LOCAL_TEST_ONLY
.tmp/p15-final-cert-36518/tenant/prod-final-a/filestore/a	LOCAL_TEST_ONLY
.tmp/p15-final-cert-36518/tenant/prod-final-a/identity.json	LOCAL_TEST_ONLY
.tmp/p15-final-cert-36518/updates/backups/upd-20260810180335-5184df5e/checksums.txt	LOCAL_TEST_ONLY
.tmp/p15-final-cert-36518/updates/backups/upd-20260810180335-5184df5e/config/current_digest.txt	LOCAL_TEST_ONLY
.tmp/p15-final-cert-36518/updates/backups/upd-20260810180335-5184df5e/config/database_uuid.txt	LOCAL_TEST_ONLY
.tmp/p15-final-cert-36518/updates/backups/upd-20260810180335-5184df5e/config/production_identity.json	LOCAL_TEST_ONLY
.tmp/p15-final-cert-36518/updates/backups/upd-20260810180335-5184df5e/config/routing_refs.txt	LOCAL_TEST_ONLY
.tmp/p15-final-cert-36518/updates/backups/upd-20260810180335-5184df5e/db/dump.sql	LOCAL_TEST_ONLY
.tmp/p15-final-cert-36518/updates/backups/upd-20260810180335-5184df5e/filestore/a	LOCAL_TEST_ONLY
.tmp/p15-final-cert-36518/updates/backups/upd-20260810180335-5184df5e/recovery_set.json	LOCAL_TEST_ONLY
.tmp/p15-final-cert-36518/updates/backups/upd-20260810180335-5184df5e/rollback_manifest.json	LOCAL_TEST_ONLY
.tmp/p15-final-cert-36518/updates/candidates/upd-20260810180335-5184df5e/candidate.json	LOCAL_TEST_ONLY
.tmp/p15-final-cert-36518/updates/candidates/upd-20260810180335-5184df5e/db/dump.sql	LOCAL_TEST_ONLY
.tmp/p15-final-cert-36518/updates/candidates/upd-20260810180335-5184df5e/filestore/a	LOCAL_TEST_ONLY
.tmp/p15-final-cert-36518/updates/candidates/upd-20260810180335-5184df5e/runtime/database_uuid.txt	LOCAL_TEST_ONLY
.tmp/p15-final-cert-36518/updates/candidates/upd-20260810180335-5184df5e/runtime/db_name.txt	LOCAL_TEST_ONLY
.tmp/p15-final-cert-36518/updates/candidates/upd-20260810180335-5184df5e/runtime/host_root.txt	LOCAL_TEST_ONLY
.tmp/p15-final-cert-36518/updates/candidates/upd-20260810180335-5184df5e/runtime/identity.txt	LOCAL_TEST_ONLY
.tmp/p15-final-cert-36518/updates/candidates/upd-20260810180335-5184df5e/runtime/image_ref.txt	LOCAL_TEST_ONLY
.tmp/p15-final-cert-36518/updates/candidates/upd-20260810180335-5184df5e/runtime/license_guard_identity.json	LOCAL_TEST_ONLY
.tmp/p15-final-cert-36518/updates/candidates/upd-20260810180335-5184df5e/runtime/license_id.txt	LOCAL_TEST_ONLY
.tmp/p15-final-cert-36518/updates/candidates/upd-20260810180335-5184df5e/runtime/neutralization.env	LOCAL_TEST_ONLY
.tmp/p15-final-cert-36518/updates/candidates/upd-20260810180335-5184df5e/runtime/production_tenant_id.txt	LOCAL_TEST_ONLY
.tmp/p15-final-cert-36518/updates/candidates/upd-20260810180335-5184df5e/runtime/soviez.conf	LOCAL_TEST_ONLY
.tmp/p15-final-cert-36518/updates/operations/upd-20260810180335-5184df5e/artifact/credential_cleanup.txt	LOCAL_TEST_ONLY
.tmp/p15-final-cert-36518/updates/operations/upd-20260810180335-5184df5e/artifact/digest.txt	LOCAL_TEST_ONLY
.tmp/p15-final-cert-36518/updates/operations/upd-20260810180335-5184df5e/artifact/pull.meta	LOCAL_TEST_ONLY
.tmp/p15-final-cert-36518/updates/operations/upd-20260810180335-5184df5e/preflight.json	LOCAL_TEST_ONLY
.tmp/p15-final-cert-36518/updates/operations/upd-20260810180335-5184df5e/production.json	LOCAL_TEST_ONLY
.tmp/p15-final-cert-36518/updates/operations/upd-20260810180335-5184df5e/release.json	LOCAL_TEST_ONLY
.tmp/p15-final-cert-36518/updates/operations/upd-20260810180335-5184df5e/state.json	LOCAL_TEST_ONLY
.tmp/p15-final-cert-36518/updates/operations/upd-20260810180335-5184df5e/target_digest.txt	LOCAL_TEST_ONLY
.tmp/p15-final-cert-36518/updates/operations/upd-20260810180335-5184df5e/upgrade.log	LOCAL_TEST_ONLY
.tmp/p15-final-cert-3747/image-cache/sha256:17c2464e90bd9d126120bc44d7afebf482cce29be86a0a5f99b550ac5e7d3fe8/digest.txt	LOCAL_TEST_ONLY
.tmp/p15-final-cert-3747/image-cache/sha256:17c2464e90bd9d126120bc44d7afebf482cce29be86a0a5f99b550ac5e7d3fe8/verified	LOCAL_TEST_ONLY
.tmp/p15-final-cert-3747/ops/license_slots_snapshot.json	LOCAL_TEST_ONLY
.tmp/p15-final-cert-3747/ops/operations/upd-20260802022436-6c41bbd5/canonical.json	LOCAL_TEST_ONLY
.tmp/p15-final-cert-3747/ops/operations/upd-20260802022436-6c41bbd5/events.jsonl	LOCAL_TEST_ONLY
.tmp/p15-final-cert-3747/ops/registry/index/upd-20260802022436-6c41bbd5.json	LOCAL_TEST_ONLY
.tmp/p15-final-cert-3747/ops/registry/locks/upd-20260802022436-6c41bbd5/owner.json	LOCAL_TEST_ONLY
.tmp/p15-final-cert-3747/stubs/docker-pull-7a153b35cfca.done	LOCAL_TEST_ONLY
.tmp/p15-final-cert-3747/tenant/prod-final-a/db/dump.sql	LOCAL_TEST_ONLY
.tmp/p15-final-cert-3747/tenant/prod-final-a/filestore/a	LOCAL_TEST_ONLY
.tmp/p15-final-cert-3747/tenant/prod-final-a/identity.json	LOCAL_TEST_ONLY
.tmp/p15-final-cert-3747/updates/backups/upd-20260802022436-6c41bbd5/checksums.txt	LOCAL_TEST_ONLY
.tmp/p15-final-cert-3747/updates/backups/upd-20260802022436-6c41bbd5/config/current_digest.txt	LOCAL_TEST_ONLY
.tmp/p15-final-cert-3747/updates/backups/upd-20260802022436-6c41bbd5/config/database_uuid.txt	LOCAL_TEST_ONLY
.tmp/p15-final-cert-3747/updates/backups/upd-20260802022436-6c41bbd5/config/production_identity.json	LOCAL_TEST_ONLY
.tmp/p15-final-cert-3747/updates/backups/upd-20260802022436-6c41bbd5/config/routing_refs.txt	LOCAL_TEST_ONLY
.tmp/p15-final-cert-3747/updates/backups/upd-20260802022436-6c41bbd5/db/dump.sql	LOCAL_TEST_ONLY
.tmp/p15-final-cert-3747/updates/backups/upd-20260802022436-6c41bbd5/filestore/a	LOCAL_TEST_ONLY
.tmp/p15-final-cert-3747/updates/backups/upd-20260802022436-6c41bbd5/recovery_set.json	LOCAL_TEST_ONLY
.tmp/p15-final-cert-3747/updates/backups/upd-20260802022436-6c41bbd5/rollback_manifest.json	LOCAL_TEST_ONLY
.tmp/p15-final-cert-3747/updates/candidates/upd-20260802022436-6c41bbd5/db/dump.sql	LOCAL_TEST_ONLY
.tmp/p15-final-cert-3747/updates/candidates/upd-20260802022436-6c41bbd5/filestore/a	LOCAL_TEST_ONLY
.tmp/p15-final-cert-3747/updates/candidates/upd-20260802022436-6c41bbd5/runtime/database_uuid.txt	LOCAL_TEST_ONLY
.tmp/p15-final-cert-3747/updates/candidates/upd-20260802022436-6c41bbd5/runtime/identity.txt	LOCAL_TEST_ONLY
.tmp/p15-final-cert-3747/updates/candidates/upd-20260802022436-6c41bbd5/runtime/license_id.txt	LOCAL_TEST_ONLY
.tmp/p15-final-cert-3747/updates/candidates/upd-20260802022436-6c41bbd5/runtime/neutralization.env	LOCAL_TEST_ONLY
.tmp/p15-final-cert-3747/updates/candidates/upd-20260802022436-6c41bbd5/runtime/production_tenant_id.txt	LOCAL_TEST_ONLY
.tmp/p15-final-cert-3747/updates/operations/upd-20260802022436-6c41bbd5/artifact/credential_cleanup.txt	LOCAL_TEST_ONLY
.tmp/p15-final-cert-3747/updates/operations/upd-20260802022436-6c41bbd5/artifact/digest.txt	LOCAL_TEST_ONLY
.tmp/p15-final-cert-3747/updates/operations/upd-20260802022436-6c41bbd5/artifact/pull.meta	LOCAL_TEST_ONLY
.tmp/p15-final-cert-3747/updates/operations/upd-20260802022436-6c41bbd5/preflight.json	LOCAL_TEST_ONLY
.tmp/p15-final-cert-3747/updates/operations/upd-20260802022436-6c41bbd5/production.json	LOCAL_TEST_ONLY
.tmp/p15-final-cert-3747/updates/operations/upd-20260802022436-6c41bbd5/release.json	LOCAL_TEST_ONLY
.tmp/p15-final-cert-3747/updates/operations/upd-20260802022436-6c41bbd5/state.json	LOCAL_TEST_ONLY
.tmp/p15-final-cert-3747/updates/operations/upd-20260802022436-6c41bbd5/target_digest.txt	LOCAL_TEST_ONLY
.tmp/p15-final-cert-37989/image-cache/sha256:17c2464e90bd9d126120bc44d7afebf482cce29be86a0a5f99b550ac5e7d3fe8/digest.txt	LOCAL_TEST_ONLY
.tmp/p15-final-cert-37989/image-cache/sha256:17c2464e90bd9d126120bc44d7afebf482cce29be86a0a5f99b550ac5e7d3fe8/verified	LOCAL_TEST_ONLY
.tmp/p15-final-cert-37989/ops/license_slots_snapshot.json	LOCAL_TEST_ONLY
.tmp/p15-final-cert-37989/ops/operations/upd-20260801213530-93d1927a/canonical.json	LOCAL_TEST_ONLY
.tmp/p15-final-cert-37989/ops/operations/upd-20260801213530-93d1927a/events.jsonl	LOCAL_TEST_ONLY
.tmp/p15-final-cert-37989/ops/registry/index/upd-20260801213530-93d1927a.json	LOCAL_TEST_ONLY
.tmp/p15-final-cert-37989/ops/registry/locks/upd-20260801213530-93d1927a/owner.json	LOCAL_TEST_ONLY
.tmp/p15-final-cert-37989/stubs/docker-pull-7a153b35cfca.done	LOCAL_TEST_ONLY
.tmp/p15-final-cert-37989/tenant/prod-final-a/db/dump.sql	LOCAL_TEST_ONLY
.tmp/p15-final-cert-37989/tenant/prod-final-a/filestore/a	LOCAL_TEST_ONLY
.tmp/p15-final-cert-37989/tenant/prod-final-a/identity.json	LOCAL_TEST_ONLY
.tmp/p15-final-cert-37989/updates/backups/upd-20260801213530-93d1927a/checksums.txt	LOCAL_TEST_ONLY
.tmp/p15-final-cert-37989/updates/backups/upd-20260801213530-93d1927a/config/current_digest.txt	LOCAL_TEST_ONLY
.tmp/p15-final-cert-37989/updates/backups/upd-20260801213530-93d1927a/config/database_uuid.txt	LOCAL_TEST_ONLY
.tmp/p15-final-cert-37989/updates/backups/upd-20260801213530-93d1927a/config/production_identity.json	LOCAL_TEST_ONLY
.tmp/p15-final-cert-37989/updates/backups/upd-20260801213530-93d1927a/config/routing_refs.txt	LOCAL_TEST_ONLY
.tmp/p15-final-cert-37989/updates/backups/upd-20260801213530-93d1927a/db/dump.sql	LOCAL_TEST_ONLY
.tmp/p15-final-cert-37989/updates/backups/upd-20260801213530-93d1927a/filestore/a	LOCAL_TEST_ONLY
.tmp/p15-final-cert-37989/updates/backups/upd-20260801213530-93d1927a/recovery_set.json	LOCAL_TEST_ONLY
.tmp/p15-final-cert-37989/updates/backups/upd-20260801213530-93d1927a/rollback_manifest.json	LOCAL_TEST_ONLY
.tmp/p15-final-cert-37989/updates/candidates/upd-20260801213530-93d1927a/db/dump.sql	LOCAL_TEST_ONLY
.tmp/p15-final-cert-37989/updates/candidates/upd-20260801213530-93d1927a/filestore/a	LOCAL_TEST_ONLY
.tmp/p15-final-cert-37989/updates/candidates/upd-20260801213530-93d1927a/runtime/database_uuid.txt	LOCAL_TEST_ONLY
.tmp/p15-final-cert-37989/updates/candidates/upd-20260801213530-93d1927a/runtime/identity.txt	LOCAL_TEST_ONLY
.tmp/p15-final-cert-37989/updates/candidates/upd-20260801213530-93d1927a/runtime/license_id.txt	LOCAL_TEST_ONLY
.tmp/p15-final-cert-37989/updates/candidates/upd-20260801213530-93d1927a/runtime/neutralization.env	LOCAL_TEST_ONLY
.tmp/p15-final-cert-37989/updates/candidates/upd-20260801213530-93d1927a/runtime/production_tenant_id.txt	LOCAL_TEST_ONLY
.tmp/p15-final-cert-37989/updates/operations/upd-20260801213530-93d1927a/artifact/credential_cleanup.txt	LOCAL_TEST_ONLY
.tmp/p15-final-cert-37989/updates/operations/upd-20260801213530-93d1927a/artifact/digest.txt	LOCAL_TEST_ONLY
.tmp/p15-final-cert-37989/updates/operations/upd-20260801213530-93d1927a/artifact/pull.meta	LOCAL_TEST_ONLY
.tmp/p15-final-cert-37989/updates/operations/upd-20260801213530-93d1927a/preflight.json	LOCAL_TEST_ONLY
.tmp/p15-final-cert-37989/updates/operations/upd-20260801213530-93d1927a/production.json	LOCAL_TEST_ONLY
.tmp/p15-final-cert-37989/updates/operations/upd-20260801213530-93d1927a/release.json	LOCAL_TEST_ONLY
.tmp/p15-final-cert-37989/updates/operations/upd-20260801213530-93d1927a/state.json	LOCAL_TEST_ONLY
.tmp/p15-final-cert-37989/updates/operations/upd-20260801213530-93d1927a/target_digest.txt	LOCAL_TEST_ONLY
.tmp/p15-final-cert-40358/image-cache/sha256:17c2464e90bd9d126120bc44d7afebf482cce29be86a0a5f99b550ac5e7d3fe8/digest.txt	LOCAL_TEST_ONLY
.tmp/p15-final-cert-40358/image-cache/sha256:17c2464e90bd9d126120bc44d7afebf482cce29be86a0a5f99b550ac5e7d3fe8/verified	LOCAL_TEST_ONLY
.tmp/p15-final-cert-40358/ops/license_slots_snapshot.json	LOCAL_TEST_ONLY
.tmp/p15-final-cert-40358/ops/operations/upd-20260731165623-eaa189ec/canonical.json	LOCAL_TEST_ONLY
.tmp/p15-final-cert-40358/ops/operations/upd-20260731165623-eaa189ec/events.jsonl	LOCAL_TEST_ONLY
.tmp/p15-final-cert-40358/ops/registry/index/upd-20260731165623-eaa189ec.json	LOCAL_TEST_ONLY
.tmp/p15-final-cert-40358/ops/registry/locks/upd-20260731165623-eaa189ec/owner.json	LOCAL_TEST_ONLY
.tmp/p15-final-cert-40358/stubs/docker-pull-7a153b35cfca.done	LOCAL_TEST_ONLY
.tmp/p15-final-cert-40358/tenant/prod-final-a/db/dump.sql	LOCAL_TEST_ONLY
.tmp/p15-final-cert-40358/tenant/prod-final-a/filestore/a	LOCAL_TEST_ONLY
.tmp/p15-final-cert-40358/tenant/prod-final-a/identity.json	LOCAL_TEST_ONLY
.tmp/p15-final-cert-40358/updates/backups/upd-20260731165623-eaa189ec/checksums.txt	LOCAL_TEST_ONLY
.tmp/p15-final-cert-40358/updates/backups/upd-20260731165623-eaa189ec/config/current_digest.txt	LOCAL_TEST_ONLY
.tmp/p15-final-cert-40358/updates/backups/upd-20260731165623-eaa189ec/config/database_uuid.txt	LOCAL_TEST_ONLY
.tmp/p15-final-cert-40358/updates/backups/upd-20260731165623-eaa189ec/config/production_identity.json	LOCAL_TEST_ONLY
.tmp/p15-final-cert-40358/updates/backups/upd-20260731165623-eaa189ec/config/routing_refs.txt	LOCAL_TEST_ONLY
.tmp/p15-final-cert-40358/updates/backups/upd-20260731165623-eaa189ec/db/dump.sql	LOCAL_TEST_ONLY
.tmp/p15-final-cert-40358/updates/backups/upd-20260731165623-eaa189ec/filestore/a	LOCAL_TEST_ONLY
.tmp/p15-final-cert-40358/updates/backups/upd-20260731165623-eaa189ec/recovery_set.json	LOCAL_TEST_ONLY
.tmp/p15-final-cert-40358/updates/backups/upd-20260731165623-eaa189ec/rollback_manifest.json	LOCAL_TEST_ONLY
.tmp/p15-final-cert-40358/updates/candidates/upd-20260731165623-eaa189ec/db/dump.sql	LOCAL_TEST_ONLY
.tmp/p15-final-cert-40358/updates/candidates/upd-20260731165623-eaa189ec/filestore/a	LOCAL_TEST_ONLY
.tmp/p15-final-cert-40358/updates/candidates/upd-20260731165623-eaa189ec/runtime/database_uuid.txt	LOCAL_TEST_ONLY
.tmp/p15-final-cert-40358/updates/candidates/upd-20260731165623-eaa189ec/runtime/host_root.txt	LOCAL_TEST_ONLY
.tmp/p15-final-cert-40358/updates/candidates/upd-20260731165623-eaa189ec/runtime/identity.txt	LOCAL_TEST_ONLY
.tmp/p15-final-cert-40358/updates/candidates/upd-20260731165623-eaa189ec/runtime/license_id.txt	LOCAL_TEST_ONLY
.tmp/p15-final-cert-40358/updates/candidates/upd-20260731165623-eaa189ec/runtime/neutralization.env	LOCAL_TEST_ONLY
.tmp/p15-final-cert-40358/updates/candidates/upd-20260731165623-eaa189ec/runtime/production_tenant_id.txt	LOCAL_TEST_ONLY
.tmp/p15-final-cert-40358/updates/candidates/upd-20260731165623-eaa189ec/runtime/soviez.conf	LOCAL_TEST_ONLY
.tmp/p15-final-cert-40358/updates/operations/upd-20260731165623-eaa189ec/artifact/credential_cleanup.txt	LOCAL_TEST_ONLY
.tmp/p15-final-cert-40358/updates/operations/upd-20260731165623-eaa189ec/artifact/digest.txt	LOCAL_TEST_ONLY
.tmp/p15-final-cert-40358/updates/operations/upd-20260731165623-eaa189ec/artifact/pull.meta	LOCAL_TEST_ONLY
.tmp/p15-final-cert-40358/updates/operations/upd-20260731165623-eaa189ec/preflight.json	LOCAL_TEST_ONLY
.tmp/p15-final-cert-40358/updates/operations/upd-20260731165623-eaa189ec/production.json	LOCAL_TEST_ONLY
.tmp/p15-final-cert-40358/updates/operations/upd-20260731165623-eaa189ec/release.json	LOCAL_TEST_ONLY
.tmp/p15-final-cert-40358/updates/operations/upd-20260731165623-eaa189ec/state.json	LOCAL_TEST_ONLY
.tmp/p15-final-cert-40358/updates/operations/upd-20260731165623-eaa189ec/target_digest.txt	LOCAL_TEST_ONLY
.tmp/p15-final-cert-43295/image-cache/sha256:17c2464e90bd9d126120bc44d7afebf482cce29be86a0a5f99b550ac5e7d3fe8/digest.txt	LOCAL_TEST_ONLY
.tmp/p15-final-cert-43295/image-cache/sha256:17c2464e90bd9d126120bc44d7afebf482cce29be86a0a5f99b550ac5e7d3fe8/verified	LOCAL_TEST_ONLY
.tmp/p15-final-cert-43295/ops/license_slots_snapshot.json	LOCAL_TEST_ONLY
.tmp/p15-final-cert-43295/ops/operations/upd-20260731172433-cbafea98/canonical.json	LOCAL_TEST_ONLY
.tmp/p15-final-cert-43295/ops/operations/upd-20260731172433-cbafea98/events.jsonl	LOCAL_TEST_ONLY
.tmp/p15-final-cert-43295/ops/registry/index/upd-20260731172433-cbafea98.json	LOCAL_TEST_ONLY
.tmp/p15-final-cert-43295/ops/registry/locks/upd-20260731172433-cbafea98/owner.json	LOCAL_TEST_ONLY
.tmp/p15-final-cert-43295/stubs/docker-pull-7a153b35cfca.done	LOCAL_TEST_ONLY
.tmp/p15-final-cert-43295/tenant/prod-final-a/db/dump.sql	LOCAL_TEST_ONLY
.tmp/p15-final-cert-43295/tenant/prod-final-a/filestore/a	LOCAL_TEST_ONLY
.tmp/p15-final-cert-43295/tenant/prod-final-a/identity.json	LOCAL_TEST_ONLY
.tmp/p15-final-cert-43295/updates/backups/upd-20260731172433-cbafea98/checksums.txt	LOCAL_TEST_ONLY
.tmp/p15-final-cert-43295/updates/backups/upd-20260731172433-cbafea98/config/current_digest.txt	LOCAL_TEST_ONLY
.tmp/p15-final-cert-43295/updates/backups/upd-20260731172433-cbafea98/config/database_uuid.txt	LOCAL_TEST_ONLY
.tmp/p15-final-cert-43295/updates/backups/upd-20260731172433-cbafea98/config/production_identity.json	LOCAL_TEST_ONLY
.tmp/p15-final-cert-43295/updates/backups/upd-20260731172433-cbafea98/config/routing_refs.txt	LOCAL_TEST_ONLY
.tmp/p15-final-cert-43295/updates/backups/upd-20260731172433-cbafea98/db/dump.sql	LOCAL_TEST_ONLY
.tmp/p15-final-cert-43295/updates/backups/upd-20260731172433-cbafea98/filestore/a	LOCAL_TEST_ONLY
.tmp/p15-final-cert-43295/updates/backups/upd-20260731172433-cbafea98/recovery_set.json	LOCAL_TEST_ONLY
.tmp/p15-final-cert-43295/updates/backups/upd-20260731172433-cbafea98/rollback_manifest.json	LOCAL_TEST_ONLY
.tmp/p15-final-cert-43295/updates/candidates/upd-20260731172433-cbafea98/db/dump.sql	LOCAL_TEST_ONLY
.tmp/p15-final-cert-43295/updates/candidates/upd-20260731172433-cbafea98/filestore/a	LOCAL_TEST_ONLY
.tmp/p15-final-cert-43295/updates/candidates/upd-20260731172433-cbafea98/runtime/database_uuid.txt	LOCAL_TEST_ONLY
.tmp/p15-final-cert-43295/updates/candidates/upd-20260731172433-cbafea98/runtime/identity.txt	LOCAL_TEST_ONLY
.tmp/p15-final-cert-43295/updates/candidates/upd-20260731172433-cbafea98/runtime/license_id.txt	LOCAL_TEST_ONLY
.tmp/p15-final-cert-43295/updates/candidates/upd-20260731172433-cbafea98/runtime/neutralization.env	LOCAL_TEST_ONLY
.tmp/p15-final-cert-43295/updates/candidates/upd-20260731172433-cbafea98/runtime/production_tenant_id.txt	LOCAL_TEST_ONLY
.tmp/p15-final-cert-43295/updates/operations/upd-20260731172433-cbafea98/artifact/credential_cleanup.txt	LOCAL_TEST_ONLY
.tmp/p15-final-cert-43295/updates/operations/upd-20260731172433-cbafea98/artifact/digest.txt	LOCAL_TEST_ONLY
.tmp/p15-final-cert-43295/updates/operations/upd-20260731172433-cbafea98/artifact/pull.meta	LOCAL_TEST_ONLY
.tmp/p15-final-cert-43295/updates/operations/upd-20260731172433-cbafea98/preflight.json	LOCAL_TEST_ONLY
.tmp/p15-final-cert-43295/updates/operations/upd-20260731172433-cbafea98/production.json	LOCAL_TEST_ONLY
.tmp/p15-final-cert-43295/updates/operations/upd-20260731172433-cbafea98/release.json	LOCAL_TEST_ONLY
.tmp/p15-final-cert-43295/updates/operations/upd-20260731172433-cbafea98/state.json	LOCAL_TEST_ONLY
.tmp/p15-final-cert-43295/updates/operations/upd-20260731172433-cbafea98/target_digest.txt	LOCAL_TEST_ONLY
.tmp/p15-final-cert-46003/image-cache/sha256:17c2464e90bd9d126120bc44d7afebf482cce29be86a0a5f99b550ac5e7d3fe8/digest.txt	LOCAL_TEST_ONLY
.tmp/p15-final-cert-46003/image-cache/sha256:17c2464e90bd9d126120bc44d7afebf482cce29be86a0a5f99b550ac5e7d3fe8/verified	LOCAL_TEST_ONLY
.tmp/p15-final-cert-46003/ops/license_slots_snapshot.json	LOCAL_TEST_ONLY
.tmp/p15-final-cert-46003/ops/operations/upd-20260731175712-d2308e1f/canonical.json	LOCAL_TEST_ONLY
.tmp/p15-final-cert-46003/ops/operations/upd-20260731175712-d2308e1f/events.jsonl	LOCAL_TEST_ONLY
.tmp/p15-final-cert-46003/ops/registry/index/upd-20260731175712-d2308e1f.json	LOCAL_TEST_ONLY
.tmp/p15-final-cert-46003/ops/registry/locks/upd-20260731175712-d2308e1f/owner.json	LOCAL_TEST_ONLY
.tmp/p15-final-cert-46003/stubs/docker-pull-7a153b35cfca.done	LOCAL_TEST_ONLY
.tmp/p15-final-cert-46003/tenant/prod-final-a/db/dump.sql	LOCAL_TEST_ONLY
.tmp/p15-final-cert-46003/tenant/prod-final-a/filestore/a	LOCAL_TEST_ONLY
.tmp/p15-final-cert-46003/tenant/prod-final-a/identity.json	LOCAL_TEST_ONLY
.tmp/p15-final-cert-46003/updates/backups/upd-20260731175712-d2308e1f/checksums.txt	LOCAL_TEST_ONLY
.tmp/p15-final-cert-46003/updates/backups/upd-20260731175712-d2308e1f/config/current_digest.txt	LOCAL_TEST_ONLY
.tmp/p15-final-cert-46003/updates/backups/upd-20260731175712-d2308e1f/config/database_uuid.txt	LOCAL_TEST_ONLY
.tmp/p15-final-cert-46003/updates/backups/upd-20260731175712-d2308e1f/config/production_identity.json	LOCAL_TEST_ONLY
.tmp/p15-final-cert-46003/updates/backups/upd-20260731175712-d2308e1f/config/routing_refs.txt	LOCAL_TEST_ONLY
.tmp/p15-final-cert-46003/updates/backups/upd-20260731175712-d2308e1f/db/dump.sql	LOCAL_TEST_ONLY
.tmp/p15-final-cert-46003/updates/backups/upd-20260731175712-d2308e1f/filestore/a	LOCAL_TEST_ONLY
.tmp/p15-final-cert-46003/updates/backups/upd-20260731175712-d2308e1f/recovery_set.json	LOCAL_TEST_ONLY
.tmp/p15-final-cert-46003/updates/backups/upd-20260731175712-d2308e1f/rollback_manifest.json	LOCAL_TEST_ONLY
.tmp/p15-final-cert-46003/updates/candidates/upd-20260731175712-d2308e1f/db/dump.sql	LOCAL_TEST_ONLY
.tmp/p15-final-cert-46003/updates/candidates/upd-20260731175712-d2308e1f/filestore/a	LOCAL_TEST_ONLY
.tmp/p15-final-cert-46003/updates/candidates/upd-20260731175712-d2308e1f/runtime/database_uuid.txt	LOCAL_TEST_ONLY
.tmp/p15-final-cert-46003/updates/candidates/upd-20260731175712-d2308e1f/runtime/identity.txt	LOCAL_TEST_ONLY
.tmp/p15-final-cert-46003/updates/candidates/upd-20260731175712-d2308e1f/runtime/license_id.txt	LOCAL_TEST_ONLY
.tmp/p15-final-cert-46003/updates/candidates/upd-20260731175712-d2308e1f/runtime/neutralization.env	LOCAL_TEST_ONLY
.tmp/p15-final-cert-46003/updates/candidates/upd-20260731175712-d2308e1f/runtime/production_tenant_id.txt	LOCAL_TEST_ONLY
.tmp/p15-final-cert-46003/updates/operations/upd-20260731175712-d2308e1f/artifact/credential_cleanup.txt	LOCAL_TEST_ONLY
.tmp/p15-final-cert-46003/updates/operations/upd-20260731175712-d2308e1f/artifact/digest.txt	LOCAL_TEST_ONLY
.tmp/p15-final-cert-46003/updates/operations/upd-20260731175712-d2308e1f/artifact/pull.meta	LOCAL_TEST_ONLY
.tmp/p15-final-cert-46003/updates/operations/upd-20260731175712-d2308e1f/preflight.json	LOCAL_TEST_ONLY
.tmp/p15-final-cert-46003/updates/operations/upd-20260731175712-d2308e1f/production.json	LOCAL_TEST_ONLY
.tmp/p15-final-cert-46003/updates/operations/upd-20260731175712-d2308e1f/release.json	LOCAL_TEST_ONLY
.tmp/p15-final-cert-46003/updates/operations/upd-20260731175712-d2308e1f/state.json	LOCAL_TEST_ONLY
.tmp/p15-final-cert-46003/updates/operations/upd-20260731175712-d2308e1f/target_digest.txt	LOCAL_TEST_ONLY
.tmp/p15-final-cert-48762/image-cache/sha256:17c2464e90bd9d126120bc44d7afebf482cce29be86a0a5f99b550ac5e7d3fe8/digest.txt	LOCAL_TEST_ONLY
.tmp/p15-final-cert-48762/image-cache/sha256:17c2464e90bd9d126120bc44d7afebf482cce29be86a0a5f99b550ac5e7d3fe8/verified	LOCAL_TEST_ONLY
.tmp/p15-final-cert-48762/ops/license_slots_snapshot.json	LOCAL_TEST_ONLY
.tmp/p15-final-cert-48762/ops/operations/upd-20260731182528-1b51bbec/canonical.json	LOCAL_TEST_ONLY
.tmp/p15-final-cert-48762/ops/operations/upd-20260731182528-1b51bbec/events.jsonl	LOCAL_TEST_ONLY
.tmp/p15-final-cert-48762/ops/registry/index/upd-20260731182528-1b51bbec.json	LOCAL_TEST_ONLY
.tmp/p15-final-cert-48762/ops/registry/locks/upd-20260731182528-1b51bbec/owner.json	LOCAL_TEST_ONLY
.tmp/p15-final-cert-48762/stubs/docker-pull-7a153b35cfca.done	LOCAL_TEST_ONLY
.tmp/p15-final-cert-48762/tenant/prod-final-a/db/dump.sql	LOCAL_TEST_ONLY
.tmp/p15-final-cert-48762/tenant/prod-final-a/filestore/a	LOCAL_TEST_ONLY
.tmp/p15-final-cert-48762/tenant/prod-final-a/identity.json	LOCAL_TEST_ONLY
.tmp/p15-final-cert-48762/updates/backups/upd-20260731182528-1b51bbec/checksums.txt	LOCAL_TEST_ONLY
.tmp/p15-final-cert-48762/updates/backups/upd-20260731182528-1b51bbec/config/current_digest.txt	LOCAL_TEST_ONLY
.tmp/p15-final-cert-48762/updates/backups/upd-20260731182528-1b51bbec/config/database_uuid.txt	LOCAL_TEST_ONLY
.tmp/p15-final-cert-48762/updates/backups/upd-20260731182528-1b51bbec/config/production_identity.json	LOCAL_TEST_ONLY
.tmp/p15-final-cert-48762/updates/backups/upd-20260731182528-1b51bbec/config/routing_refs.txt	LOCAL_TEST_ONLY
.tmp/p15-final-cert-48762/updates/backups/upd-20260731182528-1b51bbec/db/dump.sql	LOCAL_TEST_ONLY
.tmp/p15-final-cert-48762/updates/backups/upd-20260731182528-1b51bbec/filestore/a	LOCAL_TEST_ONLY
.tmp/p15-final-cert-48762/updates/backups/upd-20260731182528-1b51bbec/recovery_set.json	LOCAL_TEST_ONLY
.tmp/p15-final-cert-48762/updates/backups/upd-20260731182528-1b51bbec/rollback_manifest.json	LOCAL_TEST_ONLY
.tmp/p15-final-cert-48762/updates/candidates/upd-20260731182528-1b51bbec/db/dump.sql	LOCAL_TEST_ONLY
.tmp/p15-final-cert-48762/updates/candidates/upd-20260731182528-1b51bbec/filestore/a	LOCAL_TEST_ONLY
.tmp/p15-final-cert-48762/updates/candidates/upd-20260731182528-1b51bbec/runtime/database_uuid.txt	LOCAL_TEST_ONLY
.tmp/p15-final-cert-48762/updates/candidates/upd-20260731182528-1b51bbec/runtime/identity.txt	LOCAL_TEST_ONLY
.tmp/p15-final-cert-48762/updates/candidates/upd-20260731182528-1b51bbec/runtime/license_id.txt	LOCAL_TEST_ONLY
.tmp/p15-final-cert-48762/updates/candidates/upd-20260731182528-1b51bbec/runtime/neutralization.env	LOCAL_TEST_ONLY
.tmp/p15-final-cert-48762/updates/candidates/upd-20260731182528-1b51bbec/runtime/production_tenant_id.txt	LOCAL_TEST_ONLY
.tmp/p15-final-cert-48762/updates/operations/upd-20260731182528-1b51bbec/artifact/credential_cleanup.txt	LOCAL_TEST_ONLY
.tmp/p15-final-cert-48762/updates/operations/upd-20260731182528-1b51bbec/artifact/digest.txt	LOCAL_TEST_ONLY
.tmp/p15-final-cert-48762/updates/operations/upd-20260731182528-1b51bbec/artifact/pull.meta	LOCAL_TEST_ONLY
.tmp/p15-final-cert-48762/updates/operations/upd-20260731182528-1b51bbec/preflight.json	LOCAL_TEST_ONLY
.tmp/p15-final-cert-48762/updates/operations/upd-20260731182528-1b51bbec/production.json	LOCAL_TEST_ONLY
.tmp/p15-final-cert-48762/updates/operations/upd-20260731182528-1b51bbec/release.json	LOCAL_TEST_ONLY
.tmp/p15-final-cert-48762/updates/operations/upd-20260731182528-1b51bbec/state.json	LOCAL_TEST_ONLY
.tmp/p15-final-cert-48762/updates/operations/upd-20260731182528-1b51bbec/target_digest.txt	LOCAL_TEST_ONLY
.tmp/p15-final-cert-51459/image-cache/sha256:17c2464e90bd9d126120bc44d7afebf482cce29be86a0a5f99b550ac5e7d3fe8/digest.txt	LOCAL_TEST_ONLY
.tmp/p15-final-cert-51459/image-cache/sha256:17c2464e90bd9d126120bc44d7afebf482cce29be86a0a5f99b550ac5e7d3fe8/verified	LOCAL_TEST_ONLY
.tmp/p15-final-cert-51459/ops/license_slots_snapshot.json	LOCAL_TEST_ONLY
.tmp/p15-final-cert-51459/ops/operations/upd-20260731190058-9f66d438/canonical.json	LOCAL_TEST_ONLY
.tmp/p15-final-cert-51459/ops/operations/upd-20260731190058-9f66d438/events.jsonl	LOCAL_TEST_ONLY
.tmp/p15-final-cert-51459/ops/registry/index/upd-20260731190058-9f66d438.json	LOCAL_TEST_ONLY
.tmp/p15-final-cert-51459/ops/registry/locks/upd-20260731190058-9f66d438/owner.json	LOCAL_TEST_ONLY
.tmp/p15-final-cert-51459/stubs/docker-pull-7a153b35cfca.done	LOCAL_TEST_ONLY
.tmp/p15-final-cert-51459/tenant/prod-final-a/db/dump.sql	LOCAL_TEST_ONLY
.tmp/p15-final-cert-51459/tenant/prod-final-a/filestore/a	LOCAL_TEST_ONLY
.tmp/p15-final-cert-51459/tenant/prod-final-a/identity.json	LOCAL_TEST_ONLY
.tmp/p15-final-cert-51459/updates/backups/upd-20260731190058-9f66d438/checksums.txt	LOCAL_TEST_ONLY
.tmp/p15-final-cert-51459/updates/backups/upd-20260731190058-9f66d438/config/current_digest.txt	LOCAL_TEST_ONLY
.tmp/p15-final-cert-51459/updates/backups/upd-20260731190058-9f66d438/config/database_uuid.txt	LOCAL_TEST_ONLY
.tmp/p15-final-cert-51459/updates/backups/upd-20260731190058-9f66d438/config/production_identity.json	LOCAL_TEST_ONLY
.tmp/p15-final-cert-51459/updates/backups/upd-20260731190058-9f66d438/config/routing_refs.txt	LOCAL_TEST_ONLY
.tmp/p15-final-cert-51459/updates/backups/upd-20260731190058-9f66d438/db/dump.sql	LOCAL_TEST_ONLY
.tmp/p15-final-cert-51459/updates/backups/upd-20260731190058-9f66d438/filestore/a	LOCAL_TEST_ONLY
.tmp/p15-final-cert-51459/updates/backups/upd-20260731190058-9f66d438/recovery_set.json	LOCAL_TEST_ONLY
.tmp/p15-final-cert-51459/updates/backups/upd-20260731190058-9f66d438/rollback_manifest.json	LOCAL_TEST_ONLY
.tmp/p15-final-cert-51459/updates/candidates/upd-20260731190058-9f66d438/db/dump.sql	LOCAL_TEST_ONLY
.tmp/p15-final-cert-51459/updates/candidates/upd-20260731190058-9f66d438/filestore/a	LOCAL_TEST_ONLY
.tmp/p15-final-cert-51459/updates/candidates/upd-20260731190058-9f66d438/runtime/database_uuid.txt	LOCAL_TEST_ONLY
.tmp/p15-final-cert-51459/updates/candidates/upd-20260731190058-9f66d438/runtime/identity.txt	LOCAL_TEST_ONLY
.tmp/p15-final-cert-51459/updates/candidates/upd-20260731190058-9f66d438/runtime/license_id.txt	LOCAL_TEST_ONLY
.tmp/p15-final-cert-51459/updates/candidates/upd-20260731190058-9f66d438/runtime/neutralization.env	LOCAL_TEST_ONLY
.tmp/p15-final-cert-51459/updates/candidates/upd-20260731190058-9f66d438/runtime/production_tenant_id.txt	LOCAL_TEST_ONLY
.tmp/p15-final-cert-51459/updates/operations/upd-20260731190058-9f66d438/artifact/credential_cleanup.txt	LOCAL_TEST_ONLY
.tmp/p15-final-cert-51459/updates/operations/upd-20260731190058-9f66d438/artifact/digest.txt	LOCAL_TEST_ONLY
.tmp/p15-final-cert-51459/updates/operations/upd-20260731190058-9f66d438/artifact/pull.meta	LOCAL_TEST_ONLY
.tmp/p15-final-cert-51459/updates/operations/upd-20260731190058-9f66d438/preflight.json	LOCAL_TEST_ONLY
.tmp/p15-final-cert-51459/updates/operations/upd-20260731190058-9f66d438/production.json	LOCAL_TEST_ONLY
.tmp/p15-final-cert-51459/updates/operations/upd-20260731190058-9f66d438/release.json	LOCAL_TEST_ONLY
.tmp/p15-final-cert-51459/updates/operations/upd-20260731190058-9f66d438/state.json	LOCAL_TEST_ONLY
.tmp/p15-final-cert-51459/updates/operations/upd-20260731190058-9f66d438/target_digest.txt	LOCAL_TEST_ONLY
.tmp/p15-final-cert-58660/image-cache/sha256:17c2464e90bd9d126120bc44d7afebf482cce29be86a0a5f99b550ac5e7d3fe8/digest.txt	LOCAL_TEST_ONLY
.tmp/p15-final-cert-58660/image-cache/sha256:17c2464e90bd9d126120bc44d7afebf482cce29be86a0a5f99b550ac5e7d3fe8/verified	LOCAL_TEST_ONLY
.tmp/p15-final-cert-58660/ops/license_slots_snapshot.json	LOCAL_TEST_ONLY
.tmp/p15-final-cert-58660/ops/operations/upd-20260801022941-5cad8f53/canonical.json	LOCAL_TEST_ONLY
.tmp/p15-final-cert-58660/ops/operations/upd-20260801022941-5cad8f53/events.jsonl	LOCAL_TEST_ONLY
.tmp/p15-final-cert-58660/ops/registry/index/upd-20260801022941-5cad8f53.json	LOCAL_TEST_ONLY
.tmp/p15-final-cert-58660/ops/registry/locks/upd-20260801022941-5cad8f53/owner.json	LOCAL_TEST_ONLY
.tmp/p15-final-cert-58660/stubs/docker-pull-7a153b35cfca.done	LOCAL_TEST_ONLY
.tmp/p15-final-cert-58660/tenant/prod-final-a/db/dump.sql	LOCAL_TEST_ONLY
.tmp/p15-final-cert-58660/tenant/prod-final-a/filestore/a	LOCAL_TEST_ONLY
.tmp/p15-final-cert-58660/tenant/prod-final-a/identity.json	LOCAL_TEST_ONLY
.tmp/p15-final-cert-58660/updates/backups/upd-20260801022941-5cad8f53/checksums.txt	LOCAL_TEST_ONLY
.tmp/p15-final-cert-58660/updates/backups/upd-20260801022941-5cad8f53/config/current_digest.txt	LOCAL_TEST_ONLY
.tmp/p15-final-cert-58660/updates/backups/upd-20260801022941-5cad8f53/config/database_uuid.txt	LOCAL_TEST_ONLY
.tmp/p15-final-cert-58660/updates/backups/upd-20260801022941-5cad8f53/config/production_identity.json	LOCAL_TEST_ONLY
.tmp/p15-final-cert-58660/updates/backups/upd-20260801022941-5cad8f53/config/routing_refs.txt	LOCAL_TEST_ONLY
.tmp/p15-final-cert-58660/updates/backups/upd-20260801022941-5cad8f53/db/dump.sql	LOCAL_TEST_ONLY
.tmp/p15-final-cert-58660/updates/backups/upd-20260801022941-5cad8f53/filestore/a	LOCAL_TEST_ONLY
.tmp/p15-final-cert-58660/updates/backups/upd-20260801022941-5cad8f53/recovery_set.json	LOCAL_TEST_ONLY
.tmp/p15-final-cert-58660/updates/backups/upd-20260801022941-5cad8f53/rollback_manifest.json	LOCAL_TEST_ONLY
.tmp/p15-final-cert-58660/updates/candidates/upd-20260801022941-5cad8f53/db/dump.sql	LOCAL_TEST_ONLY
.tmp/p15-final-cert-58660/updates/candidates/upd-20260801022941-5cad8f53/filestore/a	LOCAL_TEST_ONLY
.tmp/p15-final-cert-58660/updates/candidates/upd-20260801022941-5cad8f53/runtime/database_uuid.txt	LOCAL_TEST_ONLY
.tmp/p15-final-cert-58660/updates/candidates/upd-20260801022941-5cad8f53/runtime/identity.txt	LOCAL_TEST_ONLY
.tmp/p15-final-cert-58660/updates/candidates/upd-20260801022941-5cad8f53/runtime/license_id.txt	LOCAL_TEST_ONLY
.tmp/p15-final-cert-58660/updates/candidates/upd-20260801022941-5cad8f53/runtime/neutralization.env	LOCAL_TEST_ONLY
.tmp/p15-final-cert-58660/updates/candidates/upd-20260801022941-5cad8f53/runtime/production_tenant_id.txt	LOCAL_TEST_ONLY
.tmp/p15-final-cert-58660/updates/operations/upd-20260801022941-5cad8f53/artifact/credential_cleanup.txt	LOCAL_TEST_ONLY
.tmp/p15-final-cert-58660/updates/operations/upd-20260801022941-5cad8f53/artifact/digest.txt	LOCAL_TEST_ONLY
.tmp/p15-final-cert-58660/updates/operations/upd-20260801022941-5cad8f53/artifact/pull.meta	LOCAL_TEST_ONLY
.tmp/p15-final-cert-58660/updates/operations/upd-20260801022941-5cad8f53/preflight.json	LOCAL_TEST_ONLY
.tmp/p15-final-cert-58660/updates/operations/upd-20260801022941-5cad8f53/production.json	LOCAL_TEST_ONLY
.tmp/p15-final-cert-58660/updates/operations/upd-20260801022941-5cad8f53/release.json	LOCAL_TEST_ONLY
.tmp/p15-final-cert-58660/updates/operations/upd-20260801022941-5cad8f53/state.json	LOCAL_TEST_ONLY
.tmp/p15-final-cert-58660/updates/operations/upd-20260801022941-5cad8f53/target_digest.txt	LOCAL_TEST_ONLY
.tmp/p15-final-cert-61143/image-cache/sha256:17c2464e90bd9d126120bc44d7afebf482cce29be86a0a5f99b550ac5e7d3fe8/digest.txt	LOCAL_TEST_ONLY
.tmp/p15-final-cert-61143/image-cache/sha256:17c2464e90bd9d126120bc44d7afebf482cce29be86a0a5f99b550ac5e7d3fe8/verified	LOCAL_TEST_ONLY
.tmp/p15-final-cert-61143/ops/license_slots_snapshot.json	LOCAL_TEST_ONLY
.tmp/p15-final-cert-61143/ops/operations/upd-20260801023028-ab9cba13/canonical.json	LOCAL_TEST_ONLY
.tmp/p15-final-cert-61143/ops/operations/upd-20260801023028-ab9cba13/events.jsonl	LOCAL_TEST_ONLY
.tmp/p15-final-cert-61143/ops/registry/index/upd-20260801023028-ab9cba13.json	LOCAL_TEST_ONLY
.tmp/p15-final-cert-61143/ops/registry/locks/upd-20260801023028-ab9cba13/owner.json	LOCAL_TEST_ONLY
.tmp/p15-final-cert-61143/stubs/docker-pull-7a153b35cfca.done	LOCAL_TEST_ONLY
.tmp/p15-final-cert-61143/tenant/prod-final-a/db/dump.sql	LOCAL_TEST_ONLY
.tmp/p15-final-cert-61143/tenant/prod-final-a/filestore/a	LOCAL_TEST_ONLY
.tmp/p15-final-cert-61143/tenant/prod-final-a/identity.json	LOCAL_TEST_ONLY
.tmp/p15-final-cert-61143/updates/backups/upd-20260801023028-ab9cba13/checksums.txt	LOCAL_TEST_ONLY
.tmp/p15-final-cert-61143/updates/backups/upd-20260801023028-ab9cba13/config/current_digest.txt	LOCAL_TEST_ONLY
.tmp/p15-final-cert-61143/updates/backups/upd-20260801023028-ab9cba13/config/database_uuid.txt	LOCAL_TEST_ONLY
.tmp/p15-final-cert-61143/updates/backups/upd-20260801023028-ab9cba13/config/production_identity.json	LOCAL_TEST_ONLY
.tmp/p15-final-cert-61143/updates/backups/upd-20260801023028-ab9cba13/config/routing_refs.txt	LOCAL_TEST_ONLY
.tmp/p15-final-cert-61143/updates/backups/upd-20260801023028-ab9cba13/db/dump.sql	LOCAL_TEST_ONLY
.tmp/p15-final-cert-61143/updates/backups/upd-20260801023028-ab9cba13/filestore/a	LOCAL_TEST_ONLY
.tmp/p15-final-cert-61143/updates/backups/upd-20260801023028-ab9cba13/recovery_set.json	LOCAL_TEST_ONLY
.tmp/p15-final-cert-61143/updates/backups/upd-20260801023028-ab9cba13/rollback_manifest.json	LOCAL_TEST_ONLY
.tmp/p15-final-cert-61143/updates/candidates/upd-20260801023028-ab9cba13/db/dump.sql	LOCAL_TEST_ONLY
.tmp/p15-final-cert-61143/updates/candidates/upd-20260801023028-ab9cba13/filestore/a	LOCAL_TEST_ONLY
.tmp/p15-final-cert-61143/updates/candidates/upd-20260801023028-ab9cba13/runtime/database_uuid.txt	LOCAL_TEST_ONLY
.tmp/p15-final-cert-61143/updates/candidates/upd-20260801023028-ab9cba13/runtime/identity.txt	LOCAL_TEST_ONLY
.tmp/p15-final-cert-61143/updates/candidates/upd-20260801023028-ab9cba13/runtime/license_id.txt	LOCAL_TEST_ONLY
.tmp/p15-final-cert-61143/updates/candidates/upd-20260801023028-ab9cba13/runtime/neutralization.env	LOCAL_TEST_ONLY
.tmp/p15-final-cert-61143/updates/candidates/upd-20260801023028-ab9cba13/runtime/production_tenant_id.txt	LOCAL_TEST_ONLY
.tmp/p15-final-cert-61143/updates/operations/upd-20260801023028-ab9cba13/artifact/credential_cleanup.txt	LOCAL_TEST_ONLY
.tmp/p15-final-cert-61143/updates/operations/upd-20260801023028-ab9cba13/artifact/digest.txt	LOCAL_TEST_ONLY
.tmp/p15-final-cert-61143/updates/operations/upd-20260801023028-ab9cba13/artifact/pull.meta	LOCAL_TEST_ONLY
.tmp/p15-final-cert-61143/updates/operations/upd-20260801023028-ab9cba13/preflight.json	LOCAL_TEST_ONLY
.tmp/p15-final-cert-61143/updates/operations/upd-20260801023028-ab9cba13/production.json	LOCAL_TEST_ONLY
.tmp/p15-final-cert-61143/updates/operations/upd-20260801023028-ab9cba13/release.json	LOCAL_TEST_ONLY
.tmp/p15-final-cert-61143/updates/operations/upd-20260801023028-ab9cba13/state.json	LOCAL_TEST_ONLY
.tmp/p15-final-cert-61143/updates/operations/upd-20260801023028-ab9cba13/target_digest.txt	LOCAL_TEST_ONLY
.tmp/p15-final-cert-62381/ops/license_slots_snapshot.json	LOCAL_TEST_ONLY
.tmp/p15-final-cert-62381/ops/operations/upd-20260809161448-ef9e2114/canonical.json	LOCAL_TEST_ONLY
.tmp/p15-final-cert-62381/ops/operations/upd-20260809161448-ef9e2114/events.jsonl	LOCAL_TEST_ONLY
.tmp/p15-final-cert-62381/ops/registry/index/upd-20260809161448-ef9e2114.json	LOCAL_TEST_ONLY
.tmp/p15-final-cert-62381/ops/registry/locks/upd-20260809161448-ef9e2114/owner.json	LOCAL_TEST_ONLY
.tmp/p15-final-cert-62381/tenant/prod-final-a/db/dump.sql	LOCAL_TEST_ONLY
.tmp/p15-final-cert-62381/tenant/prod-final-a/filestore/a	LOCAL_TEST_ONLY
.tmp/p15-final-cert-62381/tenant/prod-final-a/identity.json	LOCAL_TEST_ONLY
.tmp/p15-final-cert-62381/updates/operations/upd-20260809161448-ef9e2114/state.json	LOCAL_TEST_ONLY
.tmp/p15-final-cert-63844/image-cache/sha256:17c2464e90bd9d126120bc44d7afebf482cce29be86a0a5f99b550ac5e7d3fe8/digest.txt	LOCAL_TEST_ONLY
.tmp/p15-final-cert-63844/image-cache/sha256:17c2464e90bd9d126120bc44d7afebf482cce29be86a0a5f99b550ac5e7d3fe8/verified	LOCAL_TEST_ONLY
.tmp/p15-final-cert-63844/ops/license_slots_snapshot.json	LOCAL_TEST_ONLY
.tmp/p15-final-cert-63844/ops/operations/upd-20260801023104-6c92ce41/canonical.json	LOCAL_TEST_ONLY
.tmp/p15-final-cert-63844/ops/operations/upd-20260801023104-6c92ce41/events.jsonl	LOCAL_TEST_ONLY
.tmp/p15-final-cert-63844/ops/registry/index/upd-20260801023104-6c92ce41.json	LOCAL_TEST_ONLY
.tmp/p15-final-cert-63844/ops/registry/locks/upd-20260801023104-6c92ce41/owner.json	LOCAL_TEST_ONLY
.tmp/p15-final-cert-63844/stubs/docker-pull-7a153b35cfca.done	LOCAL_TEST_ONLY
.tmp/p15-final-cert-63844/tenant/prod-final-a/db/dump.sql	LOCAL_TEST_ONLY
.tmp/p15-final-cert-63844/tenant/prod-final-a/filestore/a	LOCAL_TEST_ONLY
.tmp/p15-final-cert-63844/tenant/prod-final-a/identity.json	LOCAL_TEST_ONLY
.tmp/p15-final-cert-63844/updates/backups/upd-20260801023104-6c92ce41/checksums.txt	LOCAL_TEST_ONLY
.tmp/p15-final-cert-63844/updates/backups/upd-20260801023104-6c92ce41/config/current_digest.txt	LOCAL_TEST_ONLY
.tmp/p15-final-cert-63844/updates/backups/upd-20260801023104-6c92ce41/config/database_uuid.txt	LOCAL_TEST_ONLY
.tmp/p15-final-cert-63844/updates/backups/upd-20260801023104-6c92ce41/config/production_identity.json	LOCAL_TEST_ONLY
.tmp/p15-final-cert-63844/updates/backups/upd-20260801023104-6c92ce41/config/routing_refs.txt	LOCAL_TEST_ONLY
.tmp/p15-final-cert-63844/updates/backups/upd-20260801023104-6c92ce41/db/dump.sql	LOCAL_TEST_ONLY
.tmp/p15-final-cert-63844/updates/backups/upd-20260801023104-6c92ce41/filestore/a	LOCAL_TEST_ONLY
.tmp/p15-final-cert-63844/updates/backups/upd-20260801023104-6c92ce41/recovery_set.json	LOCAL_TEST_ONLY
.tmp/p15-final-cert-63844/updates/backups/upd-20260801023104-6c92ce41/rollback_manifest.json	LOCAL_TEST_ONLY
.tmp/p15-final-cert-63844/updates/candidates/upd-20260801023104-6c92ce41/candidate.json	LOCAL_TEST_ONLY
.tmp/p15-final-cert-63844/updates/candidates/upd-20260801023104-6c92ce41/db/dump.sql	LOCAL_TEST_ONLY
.tmp/p15-final-cert-63844/updates/candidates/upd-20260801023104-6c92ce41/filestore/a	LOCAL_TEST_ONLY
.tmp/p15-final-cert-63844/updates/candidates/upd-20260801023104-6c92ce41/runtime/database_uuid.txt	LOCAL_TEST_ONLY
.tmp/p15-final-cert-63844/updates/candidates/upd-20260801023104-6c92ce41/runtime/db_name.txt	LOCAL_TEST_ONLY
.tmp/p15-final-cert-63844/updates/candidates/upd-20260801023104-6c92ce41/runtime/host_root.txt	LOCAL_TEST_ONLY
.tmp/p15-final-cert-63844/updates/candidates/upd-20260801023104-6c92ce41/runtime/identity.txt	LOCAL_TEST_ONLY
.tmp/p15-final-cert-63844/updates/candidates/upd-20260801023104-6c92ce41/runtime/image_ref.txt	LOCAL_TEST_ONLY
.tmp/p15-final-cert-63844/updates/candidates/upd-20260801023104-6c92ce41/runtime/license_guard_identity.json	LOCAL_TEST_ONLY
.tmp/p15-final-cert-63844/updates/candidates/upd-20260801023104-6c92ce41/runtime/license_id.txt	LOCAL_TEST_ONLY
.tmp/p15-final-cert-63844/updates/candidates/upd-20260801023104-6c92ce41/runtime/neutralization.env	LOCAL_TEST_ONLY
.tmp/p15-final-cert-63844/updates/candidates/upd-20260801023104-6c92ce41/runtime/production_tenant_id.txt	LOCAL_TEST_ONLY
.tmp/p15-final-cert-63844/updates/candidates/upd-20260801023104-6c92ce41/runtime/soviez.conf	LOCAL_TEST_ONLY
.tmp/p15-final-cert-63844/updates/operations/upd-20260801023104-6c92ce41/artifact/credential_cleanup.txt	LOCAL_TEST_ONLY
.tmp/p15-final-cert-63844/updates/operations/upd-20260801023104-6c92ce41/artifact/digest.txt	LOCAL_TEST_ONLY
.tmp/p15-final-cert-63844/updates/operations/upd-20260801023104-6c92ce41/artifact/pull.meta	LOCAL_TEST_ONLY
.tmp/p15-final-cert-63844/updates/operations/upd-20260801023104-6c92ce41/preflight.json	LOCAL_TEST_ONLY
.tmp/p15-final-cert-63844/updates/operations/upd-20260801023104-6c92ce41/production.json	LOCAL_TEST_ONLY
.tmp/p15-final-cert-63844/updates/operations/upd-20260801023104-6c92ce41/release.json	LOCAL_TEST_ONLY
.tmp/p15-final-cert-63844/updates/operations/upd-20260801023104-6c92ce41/state.json	LOCAL_TEST_ONLY
.tmp/p15-final-cert-63844/updates/operations/upd-20260801023104-6c92ce41/target_digest.txt	LOCAL_TEST_ONLY
.tmp/p15-final-cert-63844/updates/operations/upd-20260801023104-6c92ce41/upgrade.log	LOCAL_TEST_ONLY
.tmp/p15-final-cert-65332/image-cache/sha256:17c2464e90bd9d126120bc44d7afebf482cce29be86a0a5f99b550ac5e7d3fe8/digest.txt	LOCAL_TEST_ONLY
.tmp/p15-final-cert-65332/image-cache/sha256:17c2464e90bd9d126120bc44d7afebf482cce29be86a0a5f99b550ac5e7d3fe8/verified	LOCAL_TEST_ONLY
.tmp/p15-final-cert-65332/ops/license_slots_snapshot.json	LOCAL_TEST_ONLY
.tmp/p15-final-cert-65332/ops/operations/upd-20260805031900-42338790/canonical.json	LOCAL_TEST_ONLY
.tmp/p15-final-cert-65332/ops/operations/upd-20260805031900-42338790/events.jsonl	LOCAL_TEST_ONLY
.tmp/p15-final-cert-65332/ops/registry/index/upd-20260805031900-42338790.json	LOCAL_TEST_ONLY
.tmp/p15-final-cert-65332/ops/registry/locks/upd-20260805031900-42338790/owner.json	LOCAL_TEST_ONLY
.tmp/p15-final-cert-65332/stubs/docker-pull-7a153b35cfca.done	LOCAL_TEST_ONLY
.tmp/p15-final-cert-65332/tenant/prod-final-a/db/dump.sql	LOCAL_TEST_ONLY
.tmp/p15-final-cert-65332/tenant/prod-final-a/filestore/a	LOCAL_TEST_ONLY
.tmp/p15-final-cert-65332/tenant/prod-final-a/identity.json	LOCAL_TEST_ONLY
.tmp/p15-final-cert-65332/updates/backups/upd-20260805031900-42338790/checksums.txt	LOCAL_TEST_ONLY
.tmp/p15-final-cert-65332/updates/backups/upd-20260805031900-42338790/config/current_digest.txt	LOCAL_TEST_ONLY
.tmp/p15-final-cert-65332/updates/backups/upd-20260805031900-42338790/config/database_uuid.txt	LOCAL_TEST_ONLY
.tmp/p15-final-cert-65332/updates/backups/upd-20260805031900-42338790/config/production_identity.json	LOCAL_TEST_ONLY
.tmp/p15-final-cert-65332/updates/backups/upd-20260805031900-42338790/config/routing_refs.txt	LOCAL_TEST_ONLY
.tmp/p15-final-cert-65332/updates/backups/upd-20260805031900-42338790/db/dump.sql	LOCAL_TEST_ONLY
.tmp/p15-final-cert-65332/updates/backups/upd-20260805031900-42338790/filestore/a	LOCAL_TEST_ONLY
.tmp/p15-final-cert-65332/updates/backups/upd-20260805031900-42338790/recovery_set.json	LOCAL_TEST_ONLY
.tmp/p15-final-cert-65332/updates/backups/upd-20260805031900-42338790/rollback_manifest.json	LOCAL_TEST_ONLY
.tmp/p15-final-cert-65332/updates/candidates/upd-20260805031900-42338790/db/dump.sql	LOCAL_TEST_ONLY
.tmp/p15-final-cert-65332/updates/candidates/upd-20260805031900-42338790/filestore/a	LOCAL_TEST_ONLY
.tmp/p15-final-cert-65332/updates/candidates/upd-20260805031900-42338790/runtime/database_uuid.txt	LOCAL_TEST_ONLY
.tmp/p15-final-cert-65332/updates/candidates/upd-20260805031900-42338790/runtime/identity.txt	LOCAL_TEST_ONLY
.tmp/p15-final-cert-65332/updates/candidates/upd-20260805031900-42338790/runtime/license_id.txt	LOCAL_TEST_ONLY
.tmp/p15-final-cert-65332/updates/candidates/upd-20260805031900-42338790/runtime/neutralization.env	LOCAL_TEST_ONLY
.tmp/p15-final-cert-65332/updates/candidates/upd-20260805031900-42338790/runtime/production_tenant_id.txt	LOCAL_TEST_ONLY
.tmp/p15-final-cert-65332/updates/operations/upd-20260805031900-42338790/artifact/credential_cleanup.txt	LOCAL_TEST_ONLY
.tmp/p15-final-cert-65332/updates/operations/upd-20260805031900-42338790/artifact/digest.txt	LOCAL_TEST_ONLY
.tmp/p15-final-cert-65332/updates/operations/upd-20260805031900-42338790/artifact/pull.meta	LOCAL_TEST_ONLY
.tmp/p15-final-cert-65332/updates/operations/upd-20260805031900-42338790/preflight.json	LOCAL_TEST_ONLY
.tmp/p15-final-cert-65332/updates/operations/upd-20260805031900-42338790/production.json	LOCAL_TEST_ONLY
.tmp/p15-final-cert-65332/updates/operations/upd-20260805031900-42338790/release.json	LOCAL_TEST_ONLY
.tmp/p15-final-cert-65332/updates/operations/upd-20260805031900-42338790/state.json	LOCAL_TEST_ONLY
.tmp/p15-final-cert-65332/updates/operations/upd-20260805031900-42338790/target_digest.txt	LOCAL_TEST_ONLY
.tmp/p15-final-cert-66810/image-cache/sha256:17c2464e90bd9d126120bc44d7afebf482cce29be86a0a5f99b550ac5e7d3fe8/digest.txt	LOCAL_TEST_ONLY
.tmp/p15-final-cert-66810/image-cache/sha256:17c2464e90bd9d126120bc44d7afebf482cce29be86a0a5f99b550ac5e7d3fe8/verified	LOCAL_TEST_ONLY
.tmp/p15-final-cert-66810/ops/license_slots_snapshot.json	LOCAL_TEST_ONLY
.tmp/p15-final-cert-66810/ops/operations/upd-20260801023138-0ff33670/canonical.json	LOCAL_TEST_ONLY
.tmp/p15-final-cert-66810/ops/operations/upd-20260801023138-0ff33670/events.jsonl	LOCAL_TEST_ONLY
.tmp/p15-final-cert-66810/ops/registry/index/upd-20260801023138-0ff33670.json	LOCAL_TEST_ONLY
.tmp/p15-final-cert-66810/ops/registry/locks/upd-20260801023138-0ff33670/owner.json	LOCAL_TEST_ONLY
.tmp/p15-final-cert-66810/stubs/docker-pull-7a153b35cfca.done	LOCAL_TEST_ONLY
.tmp/p15-final-cert-66810/tenant/prod-final-a/db/dump.sql	LOCAL_TEST_ONLY
.tmp/p15-final-cert-66810/tenant/prod-final-a/filestore/a	LOCAL_TEST_ONLY
.tmp/p15-final-cert-66810/tenant/prod-final-a/identity.json	LOCAL_TEST_ONLY
.tmp/p15-final-cert-66810/updates/backups/upd-20260801023138-0ff33670/checksums.txt	LOCAL_TEST_ONLY
.tmp/p15-final-cert-66810/updates/backups/upd-20260801023138-0ff33670/config/current_digest.txt	LOCAL_TEST_ONLY
.tmp/p15-final-cert-66810/updates/backups/upd-20260801023138-0ff33670/config/database_uuid.txt	LOCAL_TEST_ONLY
.tmp/p15-final-cert-66810/updates/backups/upd-20260801023138-0ff33670/config/production_identity.json	LOCAL_TEST_ONLY
.tmp/p15-final-cert-66810/updates/backups/upd-20260801023138-0ff33670/config/routing_refs.txt	LOCAL_TEST_ONLY
.tmp/p15-final-cert-66810/updates/backups/upd-20260801023138-0ff33670/db/dump.sql	LOCAL_TEST_ONLY
.tmp/p15-final-cert-66810/updates/backups/upd-20260801023138-0ff33670/filestore/a	LOCAL_TEST_ONLY
.tmp/p15-final-cert-66810/updates/backups/upd-20260801023138-0ff33670/recovery_set.json	LOCAL_TEST_ONLY
.tmp/p15-final-cert-66810/updates/backups/upd-20260801023138-0ff33670/rollback_manifest.json	LOCAL_TEST_ONLY
.tmp/p15-final-cert-66810/updates/candidates/upd-20260801023138-0ff33670/db/dump.sql	LOCAL_TEST_ONLY
.tmp/p15-final-cert-66810/updates/candidates/upd-20260801023138-0ff33670/filestore/a	LOCAL_TEST_ONLY
.tmp/p15-final-cert-66810/updates/candidates/upd-20260801023138-0ff33670/runtime/database_uuid.txt	LOCAL_TEST_ONLY
.tmp/p15-final-cert-66810/updates/candidates/upd-20260801023138-0ff33670/runtime/identity.txt	LOCAL_TEST_ONLY
.tmp/p15-final-cert-66810/updates/candidates/upd-20260801023138-0ff33670/runtime/license_id.txt	LOCAL_TEST_ONLY
.tmp/p15-final-cert-66810/updates/candidates/upd-20260801023138-0ff33670/runtime/neutralization.env	LOCAL_TEST_ONLY
.tmp/p15-final-cert-66810/updates/candidates/upd-20260801023138-0ff33670/runtime/production_tenant_id.txt	LOCAL_TEST_ONLY
.tmp/p15-final-cert-66810/updates/operations/upd-20260801023138-0ff33670/artifact/credential_cleanup.txt	LOCAL_TEST_ONLY
.tmp/p15-final-cert-66810/updates/operations/upd-20260801023138-0ff33670/artifact/digest.txt	LOCAL_TEST_ONLY
.tmp/p15-final-cert-66810/updates/operations/upd-20260801023138-0ff33670/artifact/pull.meta	LOCAL_TEST_ONLY
.tmp/p15-final-cert-66810/updates/operations/upd-20260801023138-0ff33670/preflight.json	LOCAL_TEST_ONLY
.tmp/p15-final-cert-66810/updates/operations/upd-20260801023138-0ff33670/production.json	LOCAL_TEST_ONLY
.tmp/p15-final-cert-66810/updates/operations/upd-20260801023138-0ff33670/release.json	LOCAL_TEST_ONLY
.tmp/p15-final-cert-66810/updates/operations/upd-20260801023138-0ff33670/state.json	LOCAL_TEST_ONLY
.tmp/p15-final-cert-66810/updates/operations/upd-20260801023138-0ff33670/target_digest.txt	LOCAL_TEST_ONLY
.tmp/p15-final-cert-69330/image-cache/sha256:17c2464e90bd9d126120bc44d7afebf482cce29be86a0a5f99b550ac5e7d3fe8/digest.txt	LOCAL_TEST_ONLY
.tmp/p15-final-cert-69330/image-cache/sha256:17c2464e90bd9d126120bc44d7afebf482cce29be86a0a5f99b550ac5e7d3fe8/verified	LOCAL_TEST_ONLY
.tmp/p15-final-cert-69330/ops/license_slots_snapshot.json	LOCAL_TEST_ONLY
.tmp/p15-final-cert-69330/ops/operations/upd-20260801023207-25e6fe86/canonical.json	LOCAL_TEST_ONLY
.tmp/p15-final-cert-69330/ops/operations/upd-20260801023207-25e6fe86/events.jsonl	LOCAL_TEST_ONLY
.tmp/p15-final-cert-69330/ops/registry/index/upd-20260801023207-25e6fe86.json	LOCAL_TEST_ONLY
.tmp/p15-final-cert-69330/ops/registry/locks/upd-20260801023207-25e6fe86/owner.json	LOCAL_TEST_ONLY
.tmp/p15-final-cert-69330/stubs/docker-pull-7a153b35cfca.done	LOCAL_TEST_ONLY
.tmp/p15-final-cert-69330/tenant/prod-final-a/db/dump.sql	LOCAL_TEST_ONLY
.tmp/p15-final-cert-69330/tenant/prod-final-a/filestore/a	LOCAL_TEST_ONLY
.tmp/p15-final-cert-69330/tenant/prod-final-a/identity.json	LOCAL_TEST_ONLY
.tmp/p15-final-cert-69330/updates/backups/upd-20260801023207-25e6fe86/checksums.txt	LOCAL_TEST_ONLY
.tmp/p15-final-cert-69330/updates/backups/upd-20260801023207-25e6fe86/config/current_digest.txt	LOCAL_TEST_ONLY
.tmp/p15-final-cert-69330/updates/backups/upd-20260801023207-25e6fe86/config/database_uuid.txt	LOCAL_TEST_ONLY
.tmp/p15-final-cert-69330/updates/backups/upd-20260801023207-25e6fe86/config/production_identity.json	LOCAL_TEST_ONLY
.tmp/p15-final-cert-69330/updates/backups/upd-20260801023207-25e6fe86/config/routing_refs.txt	LOCAL_TEST_ONLY
.tmp/p15-final-cert-69330/updates/backups/upd-20260801023207-25e6fe86/db/dump.sql	LOCAL_TEST_ONLY
.tmp/p15-final-cert-69330/updates/backups/upd-20260801023207-25e6fe86/filestore/a	LOCAL_TEST_ONLY
.tmp/p15-final-cert-69330/updates/backups/upd-20260801023207-25e6fe86/recovery_set.json	LOCAL_TEST_ONLY
.tmp/p15-final-cert-69330/updates/backups/upd-20260801023207-25e6fe86/rollback_manifest.json	LOCAL_TEST_ONLY
.tmp/p15-final-cert-69330/updates/candidates/upd-20260801023207-25e6fe86/db/dump.sql	LOCAL_TEST_ONLY
.tmp/p15-final-cert-69330/updates/candidates/upd-20260801023207-25e6fe86/filestore/a	LOCAL_TEST_ONLY
.tmp/p15-final-cert-69330/updates/candidates/upd-20260801023207-25e6fe86/runtime/database_uuid.txt	LOCAL_TEST_ONLY
.tmp/p15-final-cert-69330/updates/candidates/upd-20260801023207-25e6fe86/runtime/identity.txt	LOCAL_TEST_ONLY
.tmp/p15-final-cert-69330/updates/candidates/upd-20260801023207-25e6fe86/runtime/license_id.txt	LOCAL_TEST_ONLY
.tmp/p15-final-cert-69330/updates/candidates/upd-20260801023207-25e6fe86/runtime/neutralization.env	LOCAL_TEST_ONLY
.tmp/p15-final-cert-69330/updates/candidates/upd-20260801023207-25e6fe86/runtime/production_tenant_id.txt	LOCAL_TEST_ONLY
.tmp/p15-final-cert-69330/updates/operations/upd-20260801023207-25e6fe86/artifact/credential_cleanup.txt	LOCAL_TEST_ONLY
.tmp/p15-final-cert-69330/updates/operations/upd-20260801023207-25e6fe86/artifact/digest.txt	LOCAL_TEST_ONLY
.tmp/p15-final-cert-69330/updates/operations/upd-20260801023207-25e6fe86/artifact/pull.meta	LOCAL_TEST_ONLY
.tmp/p15-final-cert-69330/updates/operations/upd-20260801023207-25e6fe86/preflight.json	LOCAL_TEST_ONLY
.tmp/p15-final-cert-69330/updates/operations/upd-20260801023207-25e6fe86/production.json	LOCAL_TEST_ONLY
.tmp/p15-final-cert-69330/updates/operations/upd-20260801023207-25e6fe86/release.json	LOCAL_TEST_ONLY
.tmp/p15-final-cert-69330/updates/operations/upd-20260801023207-25e6fe86/state.json	LOCAL_TEST_ONLY
.tmp/p15-final-cert-69330/updates/operations/upd-20260801023207-25e6fe86/target_digest.txt	LOCAL_TEST_ONLY
.tmp/p15-final-cert-79895/image-cache/sha256:17c2464e90bd9d126120bc44d7afebf482cce29be86a0a5f99b550ac5e7d3fe8/digest.txt	LOCAL_TEST_ONLY
.tmp/p15-final-cert-79895/image-cache/sha256:17c2464e90bd9d126120bc44d7afebf482cce29be86a0a5f99b550ac5e7d3fe8/verified	LOCAL_TEST_ONLY
.tmp/p15-final-cert-79895/ops/license_slots_snapshot.json	LOCAL_TEST_ONLY
.tmp/p15-final-cert-79895/ops/operations/imgclean-upd-20260731061139-11fa6e4d/canonical.json	LOCAL_TEST_ONLY
.tmp/p15-final-cert-79895/ops/operations/imgclean-upd-20260731061139-11fa6e4d/events.jsonl	LOCAL_TEST_ONLY
.tmp/p15-final-cert-79895/ops/operations/upd-20260731061139-11fa6e4d/canonical.json	LOCAL_TEST_ONLY
.tmp/p15-final-cert-79895/ops/operations/upd-20260731061139-11fa6e4d/events.jsonl	LOCAL_TEST_ONLY
.tmp/p15-final-cert-79895/ops/operations/upd-20260731061139-11fa6e4d/sync_pending.json	LOCAL_TEST_ONLY
.tmp/p15-final-cert-79895/ops/registry/history/upd-20260731061139-11fa6e4d.jsonl	LOCAL_TEST_ONLY
.tmp/p15-final-cert-79895/ops/registry/index/imgclean-upd-20260731061139-11fa6e4d.json	LOCAL_TEST_ONLY
.tmp/p15-final-cert-79895/ops/registry/index/upd-20260731061139-11fa6e4d.json	LOCAL_TEST_ONLY
.tmp/p15-final-cert-79895/ops/registry/locks/upd-20260731061139-11fa6e4d/owner.json	LOCAL_TEST_ONLY
.tmp/p15-final-cert-79895/stubs/docker-pull-7a153b35cfca.done	LOCAL_TEST_ONLY
.tmp/p15-final-cert-79895/stubs/switch-upd-20260731061139-11fa6e4d.done	LOCAL_TEST_ONLY
.tmp/p15-final-cert-79895/tenant/prod-final-a/current_digest.txt	LOCAL_TEST_ONLY
.tmp/p15-final-cert-79895/tenant/prod-final-a/db/dump.sql	LOCAL_TEST_ONLY
.tmp/p15-final-cert-79895/tenant/prod-final-a/filestore/a	LOCAL_TEST_ONLY
.tmp/p15-final-cert-79895/tenant/prod-final-a/identity.json	LOCAL_TEST_ONLY
.tmp/p15-final-cert-79895/tenant/prod-final-a/previous_digest.txt	LOCAL_TEST_ONLY
.tmp/p15-final-cert-79895/updates/backups/upd-20260731061139-11fa6e4d/checksums.txt	LOCAL_TEST_ONLY
.tmp/p15-final-cert-79895/updates/backups/upd-20260731061139-11fa6e4d/config/current_digest.txt	LOCAL_TEST_ONLY
.tmp/p15-final-cert-79895/updates/backups/upd-20260731061139-11fa6e4d/config/database_uuid.txt	LOCAL_TEST_ONLY
.tmp/p15-final-cert-79895/updates/backups/upd-20260731061139-11fa6e4d/config/production_identity.json	LOCAL_TEST_ONLY
.tmp/p15-final-cert-79895/updates/backups/upd-20260731061139-11fa6e4d/config/routing_refs.txt	LOCAL_TEST_ONLY
.tmp/p15-final-cert-79895/updates/backups/upd-20260731061139-11fa6e4d/db/dump.sql	LOCAL_TEST_ONLY
.tmp/p15-final-cert-79895/updates/backups/upd-20260731061139-11fa6e4d/filestore/a	LOCAL_TEST_ONLY
.tmp/p15-final-cert-79895/updates/backups/upd-20260731061139-11fa6e4d/recovery_set.json	LOCAL_TEST_ONLY
.tmp/p15-final-cert-79895/updates/backups/upd-20260731061139-11fa6e4d/rollback_manifest.json	LOCAL_TEST_ONLY
.tmp/p15-final-cert-79895/updates/candidates/upd-20260731061139-11fa6e4d/candidate.json	LOCAL_TEST_ONLY
.tmp/p15-final-cert-79895/updates/candidates/upd-20260731061139-11fa6e4d/db/dump.sql	LOCAL_TEST_ONLY
.tmp/p15-final-cert-79895/updates/candidates/upd-20260731061139-11fa6e4d/filestore/a	LOCAL_TEST_ONLY
.tmp/p15-final-cert-79895/updates/candidates/upd-20260731061139-11fa6e4d/runtime/database_uuid.txt	LOCAL_TEST_ONLY
.tmp/p15-final-cert-79895/updates/candidates/upd-20260731061139-11fa6e4d/runtime/db_name.txt	LOCAL_TEST_ONLY
.tmp/p15-final-cert-79895/updates/candidates/upd-20260731061139-11fa6e4d/runtime/host_root.txt	LOCAL_TEST_ONLY
.tmp/p15-final-cert-79895/updates/candidates/upd-20260731061139-11fa6e4d/runtime/http_validation.json	LOCAL_TEST_ONLY
.tmp/p15-final-cert-79895/updates/candidates/upd-20260731061139-11fa6e4d/runtime/identity.txt	LOCAL_TEST_ONLY
.tmp/p15-final-cert-79895/updates/candidates/upd-20260731061139-11fa6e4d/runtime/image_ref.txt	LOCAL_TEST_ONLY
.tmp/p15-final-cert-79895/updates/candidates/upd-20260731061139-11fa6e4d/runtime/isolation_proof.txt	LOCAL_TEST_ONLY
.tmp/p15-final-cert-79895/updates/candidates/upd-20260731061139-11fa6e4d/runtime/license_guard_identity.json	LOCAL_TEST_ONLY
.tmp/p15-final-cert-79895/updates/candidates/upd-20260731061139-11fa6e4d/runtime/license_guard_proof.json	LOCAL_TEST_ONLY
.tmp/p15-final-cert-79895/updates/candidates/upd-20260731061139-11fa6e4d/runtime/license_guard_rejection_probes.json	LOCAL_TEST_ONLY
.tmp/p15-final-cert-79895/updates/candidates/upd-20260731061139-11fa6e4d/runtime/license_id.txt	LOCAL_TEST_ONLY
.tmp/p15-final-cert-79895/updates/candidates/upd-20260731061139-11fa6e4d/runtime/modules_updated.txt	LOCAL_TEST_ONLY
.tmp/p15-final-cert-79895/updates/candidates/upd-20260731061139-11fa6e4d/runtime/neutralization.env	LOCAL_TEST_ONLY
.tmp/p15-final-cert-79895/updates/candidates/upd-20260731061139-11fa6e4d/runtime/production_tenant_id.txt	LOCAL_TEST_ONLY
.tmp/p15-final-cert-79895/updates/candidates/upd-20260731061139-11fa6e4d/runtime/running_digest.txt	LOCAL_TEST_ONLY
.tmp/p15-final-cert-79895/updates/candidates/upd-20260731061139-11fa6e4d/runtime/schema_result.txt	LOCAL_TEST_ONLY
.tmp/p15-final-cert-79895/updates/candidates/upd-20260731061139-11fa6e4d/runtime/soviez.conf	LOCAL_TEST_ONLY
.tmp/p15-final-cert-79895/updates/image_cleanup/operations/imgclean-upd-20260731061139-11fa6e4d/state.json	LOCAL_TEST_ONLY
.tmp/p15-final-cert-79895/updates/operations/upd-20260731061139-11fa6e4d/artifact/credential_cleanup.txt	LOCAL_TEST_ONLY
.tmp/p15-final-cert-79895/updates/operations/upd-20260731061139-11fa6e4d/artifact/digest.txt	LOCAL_TEST_ONLY
.tmp/p15-final-cert-79895/updates/operations/upd-20260731061139-11fa6e4d/artifact/pull.meta	LOCAL_TEST_ONLY
.tmp/p15-final-cert-79895/updates/operations/upd-20260731061139-11fa6e4d/preflight.json	LOCAL_TEST_ONLY
.tmp/p15-final-cert-79895/updates/operations/upd-20260731061139-11fa6e4d/production.json	LOCAL_TEST_ONLY
.tmp/p15-final-cert-79895/updates/operations/upd-20260731061139-11fa6e4d/release.json	LOCAL_TEST_ONLY
.tmp/p15-final-cert-79895/updates/operations/upd-20260731061139-11fa6e4d/state.json	LOCAL_TEST_ONLY
.tmp/p15-final-cert-79895/updates/operations/upd-20260731061139-11fa6e4d/switch.json	LOCAL_TEST_ONLY
.tmp/p15-final-cert-79895/updates/operations/upd-20260731061139-11fa6e4d/target_digest.txt	LOCAL_TEST_ONLY
.tmp/p15-final-cert-79895/updates/operations/upd-20260731061139-11fa6e4d/upgrade.log	LOCAL_TEST_ONLY
.tmp/p15-final-cert-79895/updates/operations/upd-20260731061139-11fa6e4d/upgrade_result.json	LOCAL_TEST_ONLY
.tmp/p15-final-cert-79895/updates/operations/upd-20260731061139-11fa6e4d/validation.json	LOCAL_TEST_ONLY
.tmp/p15-final-cert-82322/image-cache/sha256:17c2464e90bd9d126120bc44d7afebf482cce29be86a0a5f99b550ac5e7d3fe8/digest.txt	LOCAL_TEST_ONLY
.tmp/p15-final-cert-82322/image-cache/sha256:17c2464e90bd9d126120bc44d7afebf482cce29be86a0a5f99b550ac5e7d3fe8/verified	LOCAL_TEST_ONLY
.tmp/p15-final-cert-82322/ops/license_slots_snapshot.json	LOCAL_TEST_ONLY
.tmp/p15-final-cert-82322/ops/operations/upd-20260802022247-d7e49a77/canonical.json	LOCAL_TEST_ONLY
.tmp/p15-final-cert-82322/ops/operations/upd-20260802022247-d7e49a77/events.jsonl	LOCAL_TEST_ONLY
.tmp/p15-final-cert-82322/ops/registry/index/upd-20260802022247-d7e49a77.json	LOCAL_TEST_ONLY
.tmp/p15-final-cert-82322/ops/registry/locks/upd-20260802022247-d7e49a77/owner.json	LOCAL_TEST_ONLY
.tmp/p15-final-cert-82322/stubs/docker-pull-7a153b35cfca.done	LOCAL_TEST_ONLY
.tmp/p15-final-cert-82322/tenant/prod-final-a/db/dump.sql	LOCAL_TEST_ONLY
.tmp/p15-final-cert-82322/tenant/prod-final-a/filestore/a	LOCAL_TEST_ONLY
.tmp/p15-final-cert-82322/tenant/prod-final-a/identity.json	LOCAL_TEST_ONLY
.tmp/p15-final-cert-82322/updates/backups/upd-20260802022247-d7e49a77/checksums.txt	LOCAL_TEST_ONLY
.tmp/p15-final-cert-82322/updates/backups/upd-20260802022247-d7e49a77/config/current_digest.txt	LOCAL_TEST_ONLY
.tmp/p15-final-cert-82322/updates/backups/upd-20260802022247-d7e49a77/config/database_uuid.txt	LOCAL_TEST_ONLY
.tmp/p15-final-cert-82322/updates/backups/upd-20260802022247-d7e49a77/config/production_identity.json	LOCAL_TEST_ONLY
.tmp/p15-final-cert-82322/updates/backups/upd-20260802022247-d7e49a77/config/routing_refs.txt	LOCAL_TEST_ONLY
.tmp/p15-final-cert-82322/updates/backups/upd-20260802022247-d7e49a77/db/dump.sql	LOCAL_TEST_ONLY
.tmp/p15-final-cert-82322/updates/backups/upd-20260802022247-d7e49a77/filestore/a	LOCAL_TEST_ONLY
.tmp/p15-final-cert-82322/updates/backups/upd-20260802022247-d7e49a77/recovery_set.json	LOCAL_TEST_ONLY
.tmp/p15-final-cert-82322/updates/backups/upd-20260802022247-d7e49a77/rollback_manifest.json	LOCAL_TEST_ONLY
.tmp/p15-final-cert-82322/updates/candidates/upd-20260802022247-d7e49a77/db/dump.sql	LOCAL_TEST_ONLY
.tmp/p15-final-cert-82322/updates/candidates/upd-20260802022247-d7e49a77/filestore/a	LOCAL_TEST_ONLY
.tmp/p15-final-cert-82322/updates/candidates/upd-20260802022247-d7e49a77/runtime/database_uuid.txt	LOCAL_TEST_ONLY
.tmp/p15-final-cert-82322/updates/candidates/upd-20260802022247-d7e49a77/runtime/identity.txt	LOCAL_TEST_ONLY
.tmp/p15-final-cert-82322/updates/candidates/upd-20260802022247-d7e49a77/runtime/license_id.txt	LOCAL_TEST_ONLY
.tmp/p15-final-cert-82322/updates/candidates/upd-20260802022247-d7e49a77/runtime/neutralization.env	LOCAL_TEST_ONLY
.tmp/p15-final-cert-82322/updates/candidates/upd-20260802022247-d7e49a77/runtime/production_tenant_id.txt	LOCAL_TEST_ONLY
.tmp/p15-final-cert-82322/updates/operations/upd-20260802022247-d7e49a77/artifact/credential_cleanup.txt	LOCAL_TEST_ONLY
.tmp/p15-final-cert-82322/updates/operations/upd-20260802022247-d7e49a77/artifact/digest.txt	LOCAL_TEST_ONLY
.tmp/p15-final-cert-82322/updates/operations/upd-20260802022247-d7e49a77/artifact/pull.meta	LOCAL_TEST_ONLY
.tmp/p15-final-cert-82322/updates/operations/upd-20260802022247-d7e49a77/preflight.json	LOCAL_TEST_ONLY
.tmp/p15-final-cert-82322/updates/operations/upd-20260802022247-d7e49a77/production.json	LOCAL_TEST_ONLY
.tmp/p15-final-cert-82322/updates/operations/upd-20260802022247-d7e49a77/release.json	LOCAL_TEST_ONLY
.tmp/p15-final-cert-82322/updates/operations/upd-20260802022247-d7e49a77/state.json	LOCAL_TEST_ONLY
.tmp/p15-final-cert-82322/updates/operations/upd-20260802022247-d7e49a77/target_digest.txt	LOCAL_TEST_ONLY
.tmp/p15-final-cert-83692/candidate-host/addons/p15_bad_addon/__manifest__.py	LOCAL_TEST_ONLY
.tmp/p15-final-cert-83692/candidate-host/addons/p15_bad_addon/models.py	LOCAL_TEST_ONLY
.tmp/p15-final-cert-83692/image-cache/sha256:17c2464e90bd9d126120bc44d7afebf482cce29be86a0a5f99b550ac5e7d3fe8/digest.txt	LOCAL_TEST_ONLY
.tmp/p15-final-cert-83692/image-cache/sha256:17c2464e90bd9d126120bc44d7afebf482cce29be86a0a5f99b550ac5e7d3fe8/verified	LOCAL_TEST_ONLY
.tmp/p15-final-cert-83692/ops/license_slots_snapshot.json	LOCAL_TEST_ONLY
.tmp/p15-final-cert-83692/ops/operations/imgclean-upd-20260731061214-5c0db882/canonical.json	LOCAL_TEST_ONLY
.tmp/p15-final-cert-83692/ops/operations/imgclean-upd-20260731061214-5c0db882/events.jsonl	LOCAL_TEST_ONLY
.tmp/p15-final-cert-83692/ops/operations/imgclean-upd-20260731061236-505953ac/canonical.json	LOCAL_TEST_ONLY
.tmp/p15-final-cert-83692/ops/operations/imgclean-upd-20260731061236-505953ac/events.jsonl	LOCAL_TEST_ONLY
.tmp/p15-final-cert-83692/ops/operations/upd-20260731061214-5c0db882/canonical.json	LOCAL_TEST_ONLY
.tmp/p15-final-cert-83692/ops/operations/upd-20260731061214-5c0db882/events.jsonl	LOCAL_TEST_ONLY
.tmp/p15-final-cert-83692/ops/operations/upd-20260731061214-5c0db882/sync_pending.json	LOCAL_TEST_ONLY
.tmp/p15-final-cert-83692/ops/operations/upd-20260731061236-505953ac/canonical.json	LOCAL_TEST_ONLY
.tmp/p15-final-cert-83692/ops/operations/upd-20260731061236-505953ac/events.jsonl	LOCAL_TEST_ONLY
.tmp/p15-final-cert-83692/ops/operations/upd-20260731061236-505953ac/sync_pending.json	LOCAL_TEST_ONLY
.tmp/p15-final-cert-83692/ops/registry/history/imgclean-upd-20260731061214-5c0db882.jsonl	LOCAL_TEST_ONLY
.tmp/p15-final-cert-83692/ops/registry/history/upd-20260731061214-5c0db882.jsonl	LOCAL_TEST_ONLY
.tmp/p15-final-cert-83692/ops/registry/history/upd-20260731061236-505953ac.jsonl	LOCAL_TEST_ONLY
.tmp/p15-final-cert-83692/ops/registry/index/imgclean-upd-20260731061214-5c0db882.json	LOCAL_TEST_ONLY
.tmp/p15-final-cert-83692/ops/registry/index/imgclean-upd-20260731061236-505953ac.json	LOCAL_TEST_ONLY
.tmp/p15-final-cert-83692/ops/registry/index/upd-20260731061214-5c0db882.json	LOCAL_TEST_ONLY
.tmp/p15-final-cert-83692/ops/registry/index/upd-20260731061236-505953ac.json	LOCAL_TEST_ONLY
.tmp/p15-final-cert-83692/ops/registry/locks/upd-20260731061214-5c0db882/owner.json	LOCAL_TEST_ONLY
.tmp/p15-final-cert-83692/ops/registry/locks/upd-20260731061236-505953ac/owner.json	LOCAL_TEST_ONLY
.tmp/p15-final-cert-83692/stubs/docker-pull-7a153b35cfca.done	LOCAL_TEST_ONLY
.tmp/p15-final-cert-83692/stubs/switch-upd-20260731061214-5c0db882.done	LOCAL_TEST_ONLY
.tmp/p15-final-cert-83692/stubs/switch-upd-20260731061236-505953ac.done	LOCAL_TEST_ONLY
.tmp/p15-final-cert-83692/tenant/prod-final-a/current_digest.txt	LOCAL_TEST_ONLY
.tmp/p15-final-cert-83692/tenant/prod-final-a/db/dump.sql	LOCAL_TEST_ONLY
.tmp/p15-final-cert-83692/tenant/prod-final-a/filestore/a	LOCAL_TEST_ONLY
.tmp/p15-final-cert-83692/tenant/prod-final-a/identity.json	LOCAL_TEST_ONLY
.tmp/p15-final-cert-83692/tenant/prod-final-a/previous_digest.txt	LOCAL_TEST_ONLY
.tmp/p15-final-cert-83692/updates/backups/upd-20260731061214-5c0db882/checksums.txt	LOCAL_TEST_ONLY
.tmp/p15-final-cert-83692/updates/backups/upd-20260731061214-5c0db882/config/current_digest.txt	LOCAL_TEST_ONLY
.tmp/p15-final-cert-83692/updates/backups/upd-20260731061214-5c0db882/config/database_uuid.txt	LOCAL_TEST_ONLY
.tmp/p15-final-cert-83692/updates/backups/upd-20260731061214-5c0db882/config/production_identity.json	LOCAL_TEST_ONLY
.tmp/p15-final-cert-83692/updates/backups/upd-20260731061214-5c0db882/config/routing_refs.txt	LOCAL_TEST_ONLY
.tmp/p15-final-cert-83692/updates/backups/upd-20260731061214-5c0db882/db/dump.sql	LOCAL_TEST_ONLY
.tmp/p15-final-cert-83692/updates/backups/upd-20260731061214-5c0db882/filestore/a	LOCAL_TEST_ONLY
.tmp/p15-final-cert-83692/updates/backups/upd-20260731061214-5c0db882/recovery_set.json	LOCAL_TEST_ONLY
.tmp/p15-final-cert-83692/updates/backups/upd-20260731061214-5c0db882/rollback_manifest.json	LOCAL_TEST_ONLY
.tmp/p15-final-cert-83692/updates/backups/upd-20260731061236-505953ac/checksums.txt	LOCAL_TEST_ONLY
.tmp/p15-final-cert-83692/updates/backups/upd-20260731061236-505953ac/config/current_digest.txt	LOCAL_TEST_ONLY
.tmp/p15-final-cert-83692/updates/backups/upd-20260731061236-505953ac/config/database_uuid.txt	LOCAL_TEST_ONLY
.tmp/p15-final-cert-83692/updates/backups/upd-20260731061236-505953ac/config/production_identity.json	LOCAL_TEST_ONLY
.tmp/p15-final-cert-83692/updates/backups/upd-20260731061236-505953ac/config/routing_refs.txt	LOCAL_TEST_ONLY
.tmp/p15-final-cert-83692/updates/backups/upd-20260731061236-505953ac/db/dump.sql	LOCAL_TEST_ONLY
.tmp/p15-final-cert-83692/updates/backups/upd-20260731061236-505953ac/filestore/a	LOCAL_TEST_ONLY
.tmp/p15-final-cert-83692/updates/backups/upd-20260731061236-505953ac/recovery_set.json	LOCAL_TEST_ONLY
.tmp/p15-final-cert-83692/updates/backups/upd-20260731061236-505953ac/rollback_manifest.json	LOCAL_TEST_ONLY
.tmp/p15-final-cert-83692/updates/candidates/upd-20260731061214-5c0db882/candidate.json	LOCAL_TEST_ONLY
.tmp/p15-final-cert-83692/updates/candidates/upd-20260731061214-5c0db882/db/dump.sql	LOCAL_TEST_ONLY
.tmp/p15-final-cert-83692/updates/candidates/upd-20260731061214-5c0db882/filestore/a	LOCAL_TEST_ONLY
.tmp/p15-final-cert-83692/updates/candidates/upd-20260731061214-5c0db882/runtime/database_uuid.txt	LOCAL_TEST_ONLY
.tmp/p15-final-cert-83692/updates/candidates/upd-20260731061214-5c0db882/runtime/db_name.txt	LOCAL_TEST_ONLY
.tmp/p15-final-cert-83692/updates/candidates/upd-20260731061214-5c0db882/runtime/host_root.txt	LOCAL_TEST_ONLY
.tmp/p15-final-cert-83692/updates/candidates/upd-20260731061214-5c0db882/runtime/http_validation.json	LOCAL_TEST_ONLY
.tmp/p15-final-cert-83692/updates/candidates/upd-20260731061214-5c0db882/runtime/identity.txt	LOCAL_TEST_ONLY
.tmp/p15-final-cert-83692/updates/candidates/upd-20260731061214-5c0db882/runtime/image_ref.txt	LOCAL_TEST_ONLY
.tmp/p15-final-cert-83692/updates/candidates/upd-20260731061214-5c0db882/runtime/isolation_proof.txt	LOCAL_TEST_ONLY
.tmp/p15-final-cert-83692/updates/candidates/upd-20260731061214-5c0db882/runtime/license_guard_identity.json	LOCAL_TEST_ONLY
.tmp/p15-final-cert-83692/updates/candidates/upd-20260731061214-5c0db882/runtime/license_guard_proof.json	LOCAL_TEST_ONLY
.tmp/p15-final-cert-83692/updates/candidates/upd-20260731061214-5c0db882/runtime/license_guard_rejection_probes.json	LOCAL_TEST_ONLY
.tmp/p15-final-cert-83692/updates/candidates/upd-20260731061214-5c0db882/runtime/license_id.txt	LOCAL_TEST_ONLY
.tmp/p15-final-cert-83692/updates/candidates/upd-20260731061214-5c0db882/runtime/modules_updated.txt	LOCAL_TEST_ONLY
.tmp/p15-final-cert-83692/updates/candidates/upd-20260731061214-5c0db882/runtime/neutralization.env	LOCAL_TEST_ONLY
.tmp/p15-final-cert-83692/updates/candidates/upd-20260731061214-5c0db882/runtime/production_tenant_id.txt	LOCAL_TEST_ONLY
.tmp/p15-final-cert-83692/updates/candidates/upd-20260731061214-5c0db882/runtime/running_digest.txt	LOCAL_TEST_ONLY
.tmp/p15-final-cert-83692/updates/candidates/upd-20260731061214-5c0db882/runtime/schema_result.txt	LOCAL_TEST_ONLY
.tmp/p15-final-cert-83692/updates/candidates/upd-20260731061214-5c0db882/runtime/soviez.conf	LOCAL_TEST_ONLY
.tmp/p15-final-cert-83692/updates/candidates/upd-20260731061236-505953ac/addons/p15_bad_addon/__manifest__.py	LOCAL_TEST_ONLY
.tmp/p15-final-cert-83692/updates/candidates/upd-20260731061236-505953ac/addons/p15_bad_addon/models.py	LOCAL_TEST_ONLY
.tmp/p15-final-cert-83692/updates/candidates/upd-20260731061236-505953ac/candidate.json	LOCAL_TEST_ONLY
.tmp/p15-final-cert-83692/updates/candidates/upd-20260731061236-505953ac/db/dump.sql	LOCAL_TEST_ONLY
.tmp/p15-final-cert-83692/updates/candidates/upd-20260731061236-505953ac/filestore/a	LOCAL_TEST_ONLY
.tmp/p15-final-cert-83692/updates/candidates/upd-20260731061236-505953ac/runtime/database_uuid.txt	LOCAL_TEST_ONLY
.tmp/p15-final-cert-83692/updates/candidates/upd-20260731061236-505953ac/runtime/db_name.txt	LOCAL_TEST_ONLY
.tmp/p15-final-cert-83692/updates/candidates/upd-20260731061236-505953ac/runtime/host_root.txt	LOCAL_TEST_ONLY
.tmp/p15-final-cert-83692/updates/candidates/upd-20260731061236-505953ac/runtime/http_validation.json	LOCAL_TEST_ONLY
.tmp/p15-final-cert-83692/updates/candidates/upd-20260731061236-505953ac/runtime/identity.txt	LOCAL_TEST_ONLY
.tmp/p15-final-cert-83692/updates/candidates/upd-20260731061236-505953ac/runtime/image_ref.txt	LOCAL_TEST_ONLY
.tmp/p15-final-cert-83692/updates/candidates/upd-20260731061236-505953ac/runtime/isolation_proof.txt	LOCAL_TEST_ONLY
.tmp/p15-final-cert-83692/updates/candidates/upd-20260731061236-505953ac/runtime/license_guard_identity.json	LOCAL_TEST_ONLY
.tmp/p15-final-cert-83692/updates/candidates/upd-20260731061236-505953ac/runtime/license_guard_proof.json	LOCAL_TEST_ONLY
.tmp/p15-final-cert-83692/updates/candidates/upd-20260731061236-505953ac/runtime/license_guard_rejection_probes.json	LOCAL_TEST_ONLY
.tmp/p15-final-cert-83692/updates/candidates/upd-20260731061236-505953ac/runtime/license_id.txt	LOCAL_TEST_ONLY
.tmp/p15-final-cert-83692/updates/candidates/upd-20260731061236-505953ac/runtime/modules_updated.txt	LOCAL_TEST_ONLY
.tmp/p15-final-cert-83692/updates/candidates/upd-20260731061236-505953ac/runtime/neutralization.env	LOCAL_TEST_ONLY
.tmp/p15-final-cert-83692/updates/candidates/upd-20260731061236-505953ac/runtime/production_tenant_id.txt	LOCAL_TEST_ONLY
.tmp/p15-final-cert-83692/updates/candidates/upd-20260731061236-505953ac/runtime/running_digest.txt	LOCAL_TEST_ONLY
.tmp/p15-final-cert-83692/updates/candidates/upd-20260731061236-505953ac/runtime/schema_result.txt	LOCAL_TEST_ONLY
.tmp/p15-final-cert-83692/updates/candidates/upd-20260731061236-505953ac/runtime/soviez.conf	LOCAL_TEST_ONLY
.tmp/p15-final-cert-83692/updates/image_cleanup/operations/imgclean-upd-20260731061214-5c0db882/state.json	LOCAL_TEST_ONLY
.tmp/p15-final-cert-83692/updates/image_cleanup/operations/imgclean-upd-20260731061236-505953ac/state.json	LOCAL_TEST_ONLY
.tmp/p15-final-cert-83692/updates/operations/upd-20260731061214-5c0db882/artifact/credential_cleanup.txt	LOCAL_TEST_ONLY
.tmp/p15-final-cert-83692/updates/operations/upd-20260731061214-5c0db882/artifact/digest.txt	LOCAL_TEST_ONLY
.tmp/p15-final-cert-83692/updates/operations/upd-20260731061214-5c0db882/artifact/pull.meta	LOCAL_TEST_ONLY
.tmp/p15-final-cert-83692/updates/operations/upd-20260731061214-5c0db882/preflight.json	LOCAL_TEST_ONLY
.tmp/p15-final-cert-83692/updates/operations/upd-20260731061214-5c0db882/production.json	LOCAL_TEST_ONLY
.tmp/p15-final-cert-83692/updates/operations/upd-20260731061214-5c0db882/release.json	LOCAL_TEST_ONLY
.tmp/p15-final-cert-83692/updates/operations/upd-20260731061214-5c0db882/state.json	LOCAL_TEST_ONLY
.tmp/p15-final-cert-83692/updates/operations/upd-20260731061214-5c0db882/switch.json	LOCAL_TEST_ONLY
.tmp/p15-final-cert-83692/updates/operations/upd-20260731061214-5c0db882/target_digest.txt	LOCAL_TEST_ONLY
.tmp/p15-final-cert-83692/updates/operations/upd-20260731061214-5c0db882/upgrade.log	LOCAL_TEST_ONLY
.tmp/p15-final-cert-83692/updates/operations/upd-20260731061214-5c0db882/upgrade_result.json	LOCAL_TEST_ONLY
.tmp/p15-final-cert-83692/updates/operations/upd-20260731061214-5c0db882/validation.json	LOCAL_TEST_ONLY
.tmp/p15-final-cert-83692/updates/operations/upd-20260731061236-505953ac/artifact/digest.txt	LOCAL_TEST_ONLY
.tmp/p15-final-cert-83692/updates/operations/upd-20260731061236-505953ac/artifact/pull.meta	LOCAL_TEST_ONLY
.tmp/p15-final-cert-83692/updates/operations/upd-20260731061236-505953ac/preflight.json	LOCAL_TEST_ONLY
.tmp/p15-final-cert-83692/updates/operations/upd-20260731061236-505953ac/production.json	LOCAL_TEST_ONLY
.tmp/p15-final-cert-83692/updates/operations/upd-20260731061236-505953ac/release.json	LOCAL_TEST_ONLY
.tmp/p15-final-cert-83692/updates/operations/upd-20260731061236-505953ac/state.json	LOCAL_TEST_ONLY
.tmp/p15-final-cert-83692/updates/operations/upd-20260731061236-505953ac/switch.json	LOCAL_TEST_ONLY
.tmp/p15-final-cert-83692/updates/operations/upd-20260731061236-505953ac/target_digest.txt	LOCAL_TEST_ONLY
.tmp/p15-final-cert-83692/updates/operations/upd-20260731061236-505953ac/upgrade.log	LOCAL_TEST_ONLY
.tmp/p15-final-cert-83692/updates/operations/upd-20260731061236-505953ac/upgrade_result.json	LOCAL_TEST_ONLY
.tmp/p15-final-cert-83692/updates/operations/upd-20260731061236-505953ac/validation.json	LOCAL_TEST_ONLY
.tmp/p15-final-cert-84152/ops/license_slots_snapshot.json	LOCAL_TEST_ONLY
.tmp/p15-final-cert-84152/ops/operations/upd-20260809125434-f9cfaf19/canonical.json	LOCAL_TEST_ONLY
.tmp/p15-final-cert-84152/ops/operations/upd-20260809125434-f9cfaf19/events.jsonl	LOCAL_TEST_ONLY
.tmp/p15-final-cert-84152/ops/registry/index/upd-20260809125434-f9cfaf19.json	LOCAL_TEST_ONLY
.tmp/p15-final-cert-84152/ops/registry/locks/upd-20260809125434-f9cfaf19/owner.json	LOCAL_TEST_ONLY
.tmp/p15-final-cert-84152/tenant/prod-final-a/db/dump.sql	LOCAL_TEST_ONLY
.tmp/p15-final-cert-84152/tenant/prod-final-a/filestore/a	LOCAL_TEST_ONLY
.tmp/p15-final-cert-84152/tenant/prod-final-a/identity.json	LOCAL_TEST_ONLY
.tmp/p15-final-cert-84152/updates/operations/upd-20260809125434-f9cfaf19/state.json	LOCAL_TEST_ONLY
.tmp/p15-final-cert-84192/image-cache/sha256:17c2464e90bd9d126120bc44d7afebf482cce29be86a0a5f99b550ac5e7d3fe8/digest.txt	LOCAL_TEST_ONLY
.tmp/p15-final-cert-84192/image-cache/sha256:17c2464e90bd9d126120bc44d7afebf482cce29be86a0a5f99b550ac5e7d3fe8/verified	LOCAL_TEST_ONLY
.tmp/p15-final-cert-84192/ops/license_slots_snapshot.json	LOCAL_TEST_ONLY
.tmp/p15-final-cert-84192/ops/operations/upd-20260801180118-c99142fb/canonical.json	LOCAL_TEST_ONLY
.tmp/p15-final-cert-84192/ops/operations/upd-20260801180118-c99142fb/events.jsonl	LOCAL_TEST_ONLY
.tmp/p15-final-cert-84192/ops/registry/index/upd-20260801180118-c99142fb.json	LOCAL_TEST_ONLY
.tmp/p15-final-cert-84192/ops/registry/locks/upd-20260801180118-c99142fb/owner.json	LOCAL_TEST_ONLY
.tmp/p15-final-cert-84192/stubs/docker-pull-7a153b35cfca.done	LOCAL_TEST_ONLY
.tmp/p15-final-cert-84192/tenant/prod-final-a/db/dump.sql	LOCAL_TEST_ONLY
.tmp/p15-final-cert-84192/tenant/prod-final-a/filestore/a	LOCAL_TEST_ONLY
.tmp/p15-final-cert-84192/tenant/prod-final-a/identity.json	LOCAL_TEST_ONLY
.tmp/p15-final-cert-84192/updates/backups/upd-20260801180118-c99142fb/checksums.txt	LOCAL_TEST_ONLY
.tmp/p15-final-cert-84192/updates/backups/upd-20260801180118-c99142fb/config/current_digest.txt	LOCAL_TEST_ONLY
.tmp/p15-final-cert-84192/updates/backups/upd-20260801180118-c99142fb/config/database_uuid.txt	LOCAL_TEST_ONLY
.tmp/p15-final-cert-84192/updates/backups/upd-20260801180118-c99142fb/config/production_identity.json	LOCAL_TEST_ONLY
.tmp/p15-final-cert-84192/updates/backups/upd-20260801180118-c99142fb/config/routing_refs.txt	LOCAL_TEST_ONLY
.tmp/p15-final-cert-84192/updates/backups/upd-20260801180118-c99142fb/db/dump.sql	LOCAL_TEST_ONLY
.tmp/p15-final-cert-84192/updates/backups/upd-20260801180118-c99142fb/filestore/a	LOCAL_TEST_ONLY
.tmp/p15-final-cert-84192/updates/backups/upd-20260801180118-c99142fb/recovery_set.json	LOCAL_TEST_ONLY
.tmp/p15-final-cert-84192/updates/backups/upd-20260801180118-c99142fb/rollback_manifest.json	LOCAL_TEST_ONLY
.tmp/p15-final-cert-84192/updates/candidates/upd-20260801180118-c99142fb/db/dump.sql	LOCAL_TEST_ONLY
.tmp/p15-final-cert-84192/updates/candidates/upd-20260801180118-c99142fb/filestore/a	LOCAL_TEST_ONLY
.tmp/p15-final-cert-84192/updates/candidates/upd-20260801180118-c99142fb/runtime/database_uuid.txt	LOCAL_TEST_ONLY
.tmp/p15-final-cert-84192/updates/candidates/upd-20260801180118-c99142fb/runtime/identity.txt	LOCAL_TEST_ONLY
.tmp/p15-final-cert-84192/updates/candidates/upd-20260801180118-c99142fb/runtime/license_id.txt	LOCAL_TEST_ONLY
.tmp/p15-final-cert-84192/updates/candidates/upd-20260801180118-c99142fb/runtime/neutralization.env	LOCAL_TEST_ONLY
.tmp/p15-final-cert-84192/updates/candidates/upd-20260801180118-c99142fb/runtime/production_tenant_id.txt	LOCAL_TEST_ONLY
.tmp/p15-final-cert-84192/updates/operations/upd-20260801180118-c99142fb/artifact/credential_cleanup.txt	LOCAL_TEST_ONLY
.tmp/p15-final-cert-84192/updates/operations/upd-20260801180118-c99142fb/artifact/digest.txt	LOCAL_TEST_ONLY
.tmp/p15-final-cert-84192/updates/operations/upd-20260801180118-c99142fb/artifact/pull.meta	LOCAL_TEST_ONLY
.tmp/p15-final-cert-84192/updates/operations/upd-20260801180118-c99142fb/preflight.json	LOCAL_TEST_ONLY
.tmp/p15-final-cert-84192/updates/operations/upd-20260801180118-c99142fb/production.json	LOCAL_TEST_ONLY
.tmp/p15-final-cert-84192/updates/operations/upd-20260801180118-c99142fb/release.json	LOCAL_TEST_ONLY
.tmp/p15-final-cert-84192/updates/operations/upd-20260801180118-c99142fb/state.json	LOCAL_TEST_ONLY
.tmp/p15-final-cert-84192/updates/operations/upd-20260801180118-c99142fb/target_digest.txt	LOCAL_TEST_ONLY
.tmp/p15-final-cert-89539/image-cache/sha256:17c2464e90bd9d126120bc44d7afebf482cce29be86a0a5f99b550ac5e7d3fe8/digest.txt	LOCAL_TEST_ONLY
.tmp/p15-final-cert-89539/image-cache/sha256:17c2464e90bd9d126120bc44d7afebf482cce29be86a0a5f99b550ac5e7d3fe8/verified	LOCAL_TEST_ONLY
.tmp/p15-final-cert-89539/ops/license_slots_snapshot.json	LOCAL_TEST_ONLY
.tmp/p15-final-cert-89539/ops/operations/upd-20260801180153-13a0fd80/canonical.json	LOCAL_TEST_ONLY
.tmp/p15-final-cert-89539/ops/operations/upd-20260801180153-13a0fd80/events.jsonl	LOCAL_TEST_ONLY
.tmp/p15-final-cert-89539/ops/registry/index/upd-20260801180153-13a0fd80.json	LOCAL_TEST_ONLY
.tmp/p15-final-cert-89539/ops/registry/locks/upd-20260801180153-13a0fd80/owner.json	LOCAL_TEST_ONLY
.tmp/p15-final-cert-89539/stubs/docker-pull-7a153b35cfca.done	LOCAL_TEST_ONLY
.tmp/p15-final-cert-89539/tenant/prod-final-a/db/dump.sql	LOCAL_TEST_ONLY
.tmp/p15-final-cert-89539/tenant/prod-final-a/filestore/a	LOCAL_TEST_ONLY
.tmp/p15-final-cert-89539/tenant/prod-final-a/identity.json	LOCAL_TEST_ONLY
.tmp/p15-final-cert-89539/updates/backups/upd-20260801180153-13a0fd80/checksums.txt	LOCAL_TEST_ONLY
.tmp/p15-final-cert-89539/updates/backups/upd-20260801180153-13a0fd80/config/current_digest.txt	LOCAL_TEST_ONLY
.tmp/p15-final-cert-89539/updates/backups/upd-20260801180153-13a0fd80/config/database_uuid.txt	LOCAL_TEST_ONLY
.tmp/p15-final-cert-89539/updates/backups/upd-20260801180153-13a0fd80/config/production_identity.json	LOCAL_TEST_ONLY
.tmp/p15-final-cert-89539/updates/backups/upd-20260801180153-13a0fd80/config/routing_refs.txt	LOCAL_TEST_ONLY
.tmp/p15-final-cert-89539/updates/backups/upd-20260801180153-13a0fd80/db/dump.sql	LOCAL_TEST_ONLY
.tmp/p15-final-cert-89539/updates/backups/upd-20260801180153-13a0fd80/filestore/a	LOCAL_TEST_ONLY
.tmp/p15-final-cert-89539/updates/backups/upd-20260801180153-13a0fd80/recovery_set.json	LOCAL_TEST_ONLY
.tmp/p15-final-cert-89539/updates/backups/upd-20260801180153-13a0fd80/rollback_manifest.json	LOCAL_TEST_ONLY
.tmp/p15-final-cert-89539/updates/candidates/upd-20260801180153-13a0fd80/db/dump.sql	LOCAL_TEST_ONLY
.tmp/p15-final-cert-89539/updates/candidates/upd-20260801180153-13a0fd80/filestore/a	LOCAL_TEST_ONLY
.tmp/p15-final-cert-89539/updates/candidates/upd-20260801180153-13a0fd80/runtime/database_uuid.txt	LOCAL_TEST_ONLY
.tmp/p15-final-cert-89539/updates/candidates/upd-20260801180153-13a0fd80/runtime/identity.txt	LOCAL_TEST_ONLY
.tmp/p15-final-cert-89539/updates/candidates/upd-20260801180153-13a0fd80/runtime/license_id.txt	LOCAL_TEST_ONLY
.tmp/p15-final-cert-89539/updates/candidates/upd-20260801180153-13a0fd80/runtime/neutralization.env	LOCAL_TEST_ONLY
.tmp/p15-final-cert-89539/updates/candidates/upd-20260801180153-13a0fd80/runtime/production_tenant_id.txt	LOCAL_TEST_ONLY
.tmp/p15-final-cert-89539/updates/operations/upd-20260801180153-13a0fd80/artifact/credential_cleanup.txt	LOCAL_TEST_ONLY
.tmp/p15-final-cert-89539/updates/operations/upd-20260801180153-13a0fd80/artifact/digest.txt	LOCAL_TEST_ONLY
.tmp/p15-final-cert-89539/updates/operations/upd-20260801180153-13a0fd80/artifact/pull.meta	LOCAL_TEST_ONLY
.tmp/p15-final-cert-89539/updates/operations/upd-20260801180153-13a0fd80/preflight.json	LOCAL_TEST_ONLY
.tmp/p15-final-cert-89539/updates/operations/upd-20260801180153-13a0fd80/production.json	LOCAL_TEST_ONLY
.tmp/p15-final-cert-89539/updates/operations/upd-20260801180153-13a0fd80/release.json	LOCAL_TEST_ONLY
.tmp/p15-final-cert-89539/updates/operations/upd-20260801180153-13a0fd80/state.json	LOCAL_TEST_ONLY
.tmp/p15-final-cert-89539/updates/operations/upd-20260801180153-13a0fd80/target_digest.txt	LOCAL_TEST_ONLY
.tmp/p15-final-cert-91596/candidate-host/addons/p15_bad_addon/__manifest__.py	LOCAL_TEST_ONLY
.tmp/p15-final-cert-91596/candidate-host/addons/p15_bad_addon/models.py	LOCAL_TEST_ONLY
.tmp/p15-final-cert-91596/image-cache/sha256:17c2464e90bd9d126120bc44d7afebf482cce29be86a0a5f99b550ac5e7d3fe8/digest.txt	LOCAL_TEST_ONLY
.tmp/p15-final-cert-91596/image-cache/sha256:17c2464e90bd9d126120bc44d7afebf482cce29be86a0a5f99b550ac5e7d3fe8/verified	LOCAL_TEST_ONLY
.tmp/p15-final-cert-91596/ops/license_slots_snapshot.json	LOCAL_TEST_ONLY
.tmp/p15-final-cert-91596/ops/operations/imgclean-upd-20260731064944-160489fb/canonical.json	LOCAL_TEST_ONLY
.tmp/p15-final-cert-91596/ops/operations/imgclean-upd-20260731064944-160489fb/events.jsonl	LOCAL_TEST_ONLY
.tmp/p15-final-cert-91596/ops/operations/imgclean-upd-20260731070512-a9048435/canonical.json	LOCAL_TEST_ONLY
.tmp/p15-final-cert-91596/ops/operations/imgclean-upd-20260731070512-a9048435/events.jsonl	LOCAL_TEST_ONLY
.tmp/p15-final-cert-91596/ops/operations/upd-20260731064944-160489fb/canonical.json	LOCAL_TEST_ONLY
.tmp/p15-final-cert-91596/ops/operations/upd-20260731064944-160489fb/events.jsonl	LOCAL_TEST_ONLY
.tmp/p15-final-cert-91596/ops/operations/upd-20260731064944-160489fb/sync_pending.json	LOCAL_TEST_ONLY
.tmp/p15-final-cert-91596/ops/operations/upd-20260731070512-a9048435/canonical.json	LOCAL_TEST_ONLY
.tmp/p15-final-cert-91596/ops/operations/upd-20260731070512-a9048435/events.jsonl	LOCAL_TEST_ONLY
.tmp/p15-final-cert-91596/ops/operations/upd-20260731070512-a9048435/sync_pending.json	LOCAL_TEST_ONLY
.tmp/p15-final-cert-91596/ops/registry/history/imgclean-upd-20260731064944-160489fb.jsonl	LOCAL_TEST_ONLY
.tmp/p15-final-cert-91596/ops/registry/history/upd-20260731064944-160489fb.jsonl	LOCAL_TEST_ONLY
.tmp/p15-final-cert-91596/ops/registry/history/upd-20260731070512-a9048435.jsonl	LOCAL_TEST_ONLY
.tmp/p15-final-cert-91596/ops/registry/index/imgclean-upd-20260731064944-160489fb.json	LOCAL_TEST_ONLY
.tmp/p15-final-cert-91596/ops/registry/index/imgclean-upd-20260731070512-a9048435.json	LOCAL_TEST_ONLY
.tmp/p15-final-cert-91596/ops/registry/index/upd-20260731064944-160489fb.json	LOCAL_TEST_ONLY
.tmp/p15-final-cert-91596/ops/registry/index/upd-20260731070512-a9048435.json	LOCAL_TEST_ONLY
.tmp/p15-final-cert-91596/ops/registry/locks/upd-20260731064944-160489fb/owner.json	LOCAL_TEST_ONLY
.tmp/p15-final-cert-91596/ops/registry/locks/upd-20260731070512-a9048435/owner.json	LOCAL_TEST_ONLY
.tmp/p15-final-cert-91596/stubs/docker-pull-7a153b35cfca.done	LOCAL_TEST_ONLY
.tmp/p15-final-cert-91596/stubs/switch-upd-20260731064944-160489fb.done	LOCAL_TEST_ONLY
.tmp/p15-final-cert-91596/stubs/switch-upd-20260731070512-a9048435.done	LOCAL_TEST_ONLY
.tmp/p15-final-cert-91596/tenant/prod-final-a/current_digest.txt	LOCAL_TEST_ONLY
.tmp/p15-final-cert-91596/tenant/prod-final-a/db/dump.sql	LOCAL_TEST_ONLY
.tmp/p15-final-cert-91596/tenant/prod-final-a/filestore/a	LOCAL_TEST_ONLY
.tmp/p15-final-cert-91596/tenant/prod-final-a/identity.json	LOCAL_TEST_ONLY
.tmp/p15-final-cert-91596/tenant/prod-final-a/previous_digest.txt	LOCAL_TEST_ONLY
.tmp/p15-final-cert-91596/updates/backups/upd-20260731064944-160489fb/checksums.txt	LOCAL_TEST_ONLY
.tmp/p15-final-cert-91596/updates/backups/upd-20260731064944-160489fb/config/current_digest.txt	LOCAL_TEST_ONLY
.tmp/p15-final-cert-91596/updates/backups/upd-20260731064944-160489fb/config/database_uuid.txt	LOCAL_TEST_ONLY
.tmp/p15-final-cert-91596/updates/backups/upd-20260731064944-160489fb/config/production_identity.json	LOCAL_TEST_ONLY
.tmp/p15-final-cert-91596/updates/backups/upd-20260731064944-160489fb/config/routing_refs.txt	LOCAL_TEST_ONLY
.tmp/p15-final-cert-91596/updates/backups/upd-20260731064944-160489fb/db/dump.sql	LOCAL_TEST_ONLY
.tmp/p15-final-cert-91596/updates/backups/upd-20260731064944-160489fb/filestore/a	LOCAL_TEST_ONLY
.tmp/p15-final-cert-91596/updates/backups/upd-20260731064944-160489fb/recovery_set.json	LOCAL_TEST_ONLY
.tmp/p15-final-cert-91596/updates/backups/upd-20260731064944-160489fb/rollback_manifest.json	LOCAL_TEST_ONLY
.tmp/p15-final-cert-91596/updates/backups/upd-20260731070512-a9048435/checksums.txt	LOCAL_TEST_ONLY
.tmp/p15-final-cert-91596/updates/backups/upd-20260731070512-a9048435/config/current_digest.txt	LOCAL_TEST_ONLY
.tmp/p15-final-cert-91596/updates/backups/upd-20260731070512-a9048435/config/database_uuid.txt	LOCAL_TEST_ONLY
.tmp/p15-final-cert-91596/updates/backups/upd-20260731070512-a9048435/config/production_identity.json	LOCAL_TEST_ONLY
.tmp/p15-final-cert-91596/updates/backups/upd-20260731070512-a9048435/config/routing_refs.txt	LOCAL_TEST_ONLY
.tmp/p15-final-cert-91596/updates/backups/upd-20260731070512-a9048435/db/dump.sql	LOCAL_TEST_ONLY
.tmp/p15-final-cert-91596/updates/backups/upd-20260731070512-a9048435/filestore/a	LOCAL_TEST_ONLY
.tmp/p15-final-cert-91596/updates/backups/upd-20260731070512-a9048435/recovery_set.json	LOCAL_TEST_ONLY
.tmp/p15-final-cert-91596/updates/backups/upd-20260731070512-a9048435/rollback_manifest.json	LOCAL_TEST_ONLY
.tmp/p15-final-cert-91596/updates/candidates/upd-20260731064944-160489fb/candidate.json	LOCAL_TEST_ONLY
.tmp/p15-final-cert-91596/updates/candidates/upd-20260731064944-160489fb/db/dump.sql	LOCAL_TEST_ONLY
.tmp/p15-final-cert-91596/updates/candidates/upd-20260731064944-160489fb/filestore/a	LOCAL_TEST_ONLY
.tmp/p15-final-cert-91596/updates/candidates/upd-20260731064944-160489fb/runtime/database_uuid.txt	LOCAL_TEST_ONLY
.tmp/p15-final-cert-91596/updates/candidates/upd-20260731064944-160489fb/runtime/db_name.txt	LOCAL_TEST_ONLY
.tmp/p15-final-cert-91596/updates/candidates/upd-20260731064944-160489fb/runtime/host_root.txt	LOCAL_TEST_ONLY
.tmp/p15-final-cert-91596/updates/candidates/upd-20260731064944-160489fb/runtime/http_validation.json	LOCAL_TEST_ONLY
.tmp/p15-final-cert-91596/updates/candidates/upd-20260731064944-160489fb/runtime/identity.txt	LOCAL_TEST_ONLY
.tmp/p15-final-cert-91596/updates/candidates/upd-20260731064944-160489fb/runtime/image_ref.txt	LOCAL_TEST_ONLY
.tmp/p15-final-cert-91596/updates/candidates/upd-20260731064944-160489fb/runtime/isolation_proof.txt	LOCAL_TEST_ONLY
.tmp/p15-final-cert-91596/updates/candidates/upd-20260731064944-160489fb/runtime/license_guard_identity.json	LOCAL_TEST_ONLY
.tmp/p15-final-cert-91596/updates/candidates/upd-20260731064944-160489fb/runtime/license_guard_proof.json	LOCAL_TEST_ONLY
.tmp/p15-final-cert-91596/updates/candidates/upd-20260731064944-160489fb/runtime/license_guard_rejection_probes.json	LOCAL_TEST_ONLY
.tmp/p15-final-cert-91596/updates/candidates/upd-20260731064944-160489fb/runtime/license_id.txt	LOCAL_TEST_ONLY
.tmp/p15-final-cert-91596/updates/candidates/upd-20260731064944-160489fb/runtime/modules_updated.txt	LOCAL_TEST_ONLY
.tmp/p15-final-cert-91596/updates/candidates/upd-20260731064944-160489fb/runtime/neutralization.env	LOCAL_TEST_ONLY
.tmp/p15-final-cert-91596/updates/candidates/upd-20260731064944-160489fb/runtime/production_tenant_id.txt	LOCAL_TEST_ONLY
.tmp/p15-final-cert-91596/updates/candidates/upd-20260731064944-160489fb/runtime/running_digest.txt	LOCAL_TEST_ONLY
.tmp/p15-final-cert-91596/updates/candidates/upd-20260731064944-160489fb/runtime/schema_result.txt	LOCAL_TEST_ONLY
.tmp/p15-final-cert-91596/updates/candidates/upd-20260731064944-160489fb/runtime/soviez.conf	LOCAL_TEST_ONLY
.tmp/p15-final-cert-91596/updates/candidates/upd-20260731070512-a9048435/addons/p15_bad_addon/__manifest__.py	LOCAL_TEST_ONLY
.tmp/p15-final-cert-91596/updates/candidates/upd-20260731070512-a9048435/addons/p15_bad_addon/models.py	LOCAL_TEST_ONLY
.tmp/p15-final-cert-91596/updates/candidates/upd-20260731070512-a9048435/candidate.json	LOCAL_TEST_ONLY
.tmp/p15-final-cert-91596/updates/candidates/upd-20260731070512-a9048435/db/dump.sql	LOCAL_TEST_ONLY
.tmp/p15-final-cert-91596/updates/candidates/upd-20260731070512-a9048435/filestore/a	LOCAL_TEST_ONLY
.tmp/p15-final-cert-91596/updates/candidates/upd-20260731070512-a9048435/runtime/database_uuid.txt	LOCAL_TEST_ONLY
.tmp/p15-final-cert-91596/updates/candidates/upd-20260731070512-a9048435/runtime/db_name.txt	LOCAL_TEST_ONLY
.tmp/p15-final-cert-91596/updates/candidates/upd-20260731070512-a9048435/runtime/host_root.txt	LOCAL_TEST_ONLY
.tmp/p15-final-cert-91596/updates/candidates/upd-20260731070512-a9048435/runtime/http_validation.json	LOCAL_TEST_ONLY
.tmp/p15-final-cert-91596/updates/candidates/upd-20260731070512-a9048435/runtime/identity.txt	LOCAL_TEST_ONLY
.tmp/p15-final-cert-91596/updates/candidates/upd-20260731070512-a9048435/runtime/image_ref.txt	LOCAL_TEST_ONLY
.tmp/p15-final-cert-91596/updates/candidates/upd-20260731070512-a9048435/runtime/isolation_proof.txt	LOCAL_TEST_ONLY
.tmp/p15-final-cert-91596/updates/candidates/upd-20260731070512-a9048435/runtime/license_guard_identity.json	LOCAL_TEST_ONLY
.tmp/p15-final-cert-91596/updates/candidates/upd-20260731070512-a9048435/runtime/license_guard_proof.json	LOCAL_TEST_ONLY
.tmp/p15-final-cert-91596/updates/candidates/upd-20260731070512-a9048435/runtime/license_guard_rejection_probes.json	LOCAL_TEST_ONLY
.tmp/p15-final-cert-91596/updates/candidates/upd-20260731070512-a9048435/runtime/license_id.txt	LOCAL_TEST_ONLY
.tmp/p15-final-cert-91596/updates/candidates/upd-20260731070512-a9048435/runtime/modules_updated.txt	LOCAL_TEST_ONLY
.tmp/p15-final-cert-91596/updates/candidates/upd-20260731070512-a9048435/runtime/neutralization.env	LOCAL_TEST_ONLY
.tmp/p15-final-cert-91596/updates/candidates/upd-20260731070512-a9048435/runtime/production_tenant_id.txt	LOCAL_TEST_ONLY
.tmp/p15-final-cert-91596/updates/candidates/upd-20260731070512-a9048435/runtime/running_digest.txt	LOCAL_TEST_ONLY
.tmp/p15-final-cert-91596/updates/candidates/upd-20260731070512-a9048435/runtime/schema_result.txt	LOCAL_TEST_ONLY
.tmp/p15-final-cert-91596/updates/candidates/upd-20260731070512-a9048435/runtime/soviez.conf	LOCAL_TEST_ONLY
.tmp/p15-final-cert-91596/updates/image_cleanup/operations/imgclean-upd-20260731064944-160489fb/state.json	LOCAL_TEST_ONLY
.tmp/p15-final-cert-91596/updates/image_cleanup/operations/imgclean-upd-20260731070512-a9048435/state.json	LOCAL_TEST_ONLY
.tmp/p15-final-cert-91596/updates/operations/upd-20260731064944-160489fb/artifact/credential_cleanup.txt	LOCAL_TEST_ONLY
.tmp/p15-final-cert-91596/updates/operations/upd-20260731064944-160489fb/artifact/digest.txt	LOCAL_TEST_ONLY
.tmp/p15-final-cert-91596/updates/operations/upd-20260731064944-160489fb/artifact/pull.meta	LOCAL_TEST_ONLY
.tmp/p15-final-cert-91596/updates/operations/upd-20260731064944-160489fb/preflight.json	LOCAL_TEST_ONLY
.tmp/p15-final-cert-91596/updates/operations/upd-20260731064944-160489fb/production.json	LOCAL_TEST_ONLY
.tmp/p15-final-cert-91596/updates/operations/upd-20260731064944-160489fb/release.json	LOCAL_TEST_ONLY
.tmp/p15-final-cert-91596/updates/operations/upd-20260731064944-160489fb/state.json	LOCAL_TEST_ONLY
.tmp/p15-final-cert-91596/updates/operations/upd-20260731064944-160489fb/switch.json	LOCAL_TEST_ONLY
.tmp/p15-final-cert-91596/updates/operations/upd-20260731064944-160489fb/target_digest.txt	LOCAL_TEST_ONLY
.tmp/p15-final-cert-91596/updates/operations/upd-20260731064944-160489fb/upgrade.log	LOCAL_TEST_ONLY
.tmp/p15-final-cert-91596/updates/operations/upd-20260731064944-160489fb/upgrade_result.json	LOCAL_TEST_ONLY
.tmp/p15-final-cert-91596/updates/operations/upd-20260731064944-160489fb/validation.json	LOCAL_TEST_ONLY
.tmp/p15-final-cert-91596/updates/operations/upd-20260731070512-a9048435/artifact/digest.txt	LOCAL_TEST_ONLY
.tmp/p15-final-cert-91596/updates/operations/upd-20260731070512-a9048435/artifact/pull.meta	LOCAL_TEST_ONLY
.tmp/p15-final-cert-91596/updates/operations/upd-20260731070512-a9048435/preflight.json	LOCAL_TEST_ONLY
.tmp/p15-final-cert-91596/updates/operations/upd-20260731070512-a9048435/production.json	LOCAL_TEST_ONLY
.tmp/p15-final-cert-91596/updates/operations/upd-20260731070512-a9048435/release.json	LOCAL_TEST_ONLY
.tmp/p15-final-cert-91596/updates/operations/upd-20260731070512-a9048435/state.json	LOCAL_TEST_ONLY
.tmp/p15-final-cert-91596/updates/operations/upd-20260731070512-a9048435/switch.json	LOCAL_TEST_ONLY
.tmp/p15-final-cert-91596/updates/operations/upd-20260731070512-a9048435/target_digest.txt	LOCAL_TEST_ONLY
.tmp/p15-final-cert-91596/updates/operations/upd-20260731070512-a9048435/upgrade.log	LOCAL_TEST_ONLY
.tmp/p15-final-cert-91596/updates/operations/upd-20260731070512-a9048435/upgrade_result.json	LOCAL_TEST_ONLY
.tmp/p15-final-cert-91596/updates/operations/upd-20260731070512-a9048435/validation.json	LOCAL_TEST_ONLY
.tmp/p15-final-cert-93401/candidate-host/addons/p15_bad_addon/__init__.py	LOCAL_TEST_ONLY
.tmp/p15-final-cert-93401/candidate-host/addons/p15_bad_addon/__manifest__.py	LOCAL_TEST_ONLY
.tmp/p15-final-cert-93401/candidate-host/addons/p15_bad_addon/models/__init__.py	LOCAL_TEST_ONLY
.tmp/p15-final-cert-93401/candidate-host/addons/p15_bad_addon/models/bad.py	LOCAL_TEST_ONLY
.tmp/p15-final-cert-93401/image-cache/sha256:17c2464e90bd9d126120bc44d7afebf482cce29be86a0a5f99b550ac5e7d3fe8/digest.txt	LOCAL_TEST_ONLY
.tmp/p15-final-cert-93401/image-cache/sha256:17c2464e90bd9d126120bc44d7afebf482cce29be86a0a5f99b550ac5e7d3fe8/verified	LOCAL_TEST_ONLY
.tmp/p15-final-cert-93401/ops/license_slots_snapshot.json	LOCAL_TEST_ONLY
.tmp/p15-final-cert-93401/ops/operations/imgclean-upd-20260801155959-e4d59bcd/canonical.json	LOCAL_TEST_ONLY
.tmp/p15-final-cert-93401/ops/operations/imgclean-upd-20260801155959-e4d59bcd/events.jsonl	LOCAL_TEST_ONLY
.tmp/p15-final-cert-93401/ops/operations/upd-20260801155959-e4d59bcd/canonical.json	LOCAL_TEST_ONLY
.tmp/p15-final-cert-93401/ops/operations/upd-20260801155959-e4d59bcd/events.jsonl	LOCAL_TEST_ONLY
.tmp/p15-final-cert-93401/ops/operations/upd-20260801160031-74872bf3/canonical.json	LOCAL_TEST_ONLY
.tmp/p15-final-cert-93401/ops/operations/upd-20260801160031-74872bf3/events.jsonl	LOCAL_TEST_ONLY
.tmp/p15-final-cert-93401/ops/operations/upd-interrupt-test/canonical.json	LOCAL_TEST_ONLY
.tmp/p15-final-cert-93401/ops/operations/upd-interrupt-test/events.jsonl	LOCAL_TEST_ONLY
.tmp/p15-final-cert-93401/ops/operations/upd-rb-imgclean/canonical.json	LOCAL_TEST_ONLY
.tmp/p15-final-cert-93401/ops/operations/upd-rb-imgclean/events.jsonl	LOCAL_TEST_ONLY
.tmp/p15-final-cert-93401/ops/operations/upd-rb-preswitch/canonical.json	LOCAL_TEST_ONLY
.tmp/p15-final-cert-93401/ops/operations/upd-rb-preswitch/events.jsonl	LOCAL_TEST_ONLY
.tmp/p15-final-cert-93401/ops/operations/upd-rb-rollback/canonical.json	LOCAL_TEST_ONLY
.tmp/p15-final-cert-93401/ops/operations/upd-rb-rollback/events.jsonl	LOCAL_TEST_ONLY
.tmp/p15-final-cert-93401/ops/operations/upd-rb-switch/canonical.json	LOCAL_TEST_ONLY
.tmp/p15-final-cert-93401/ops/operations/upd-rb-switch/events.jsonl	LOCAL_TEST_ONLY
.tmp/p15-final-cert-93401/ops/operations/upd-rb-upgrade/canonical.json	LOCAL_TEST_ONLY
.tmp/p15-final-cert-93401/ops/operations/upd-rb-upgrade/events.jsonl	LOCAL_TEST_ONLY
.tmp/p15-final-cert-93401/ops/registry/history/imgclean-upd-20260801155959-e4d59bcd.jsonl	LOCAL_TEST_ONLY
.tmp/p15-final-cert-93401/ops/registry/history/upd-20260801155959-e4d59bcd.jsonl	LOCAL_TEST_ONLY
.tmp/p15-final-cert-93401/ops/registry/index/imgclean-upd-20260801155959-e4d59bcd.json	LOCAL_TEST_ONLY
.tmp/p15-final-cert-93401/ops/registry/index/upd-20260801155959-e4d59bcd.json	LOCAL_TEST_ONLY
.tmp/p15-final-cert-93401/ops/registry/index/upd-20260801160031-74872bf3.json	LOCAL_TEST_ONLY
.tmp/p15-final-cert-93401/ops/registry/index/upd-interrupt-test.json	LOCAL_TEST_ONLY
.tmp/p15-final-cert-93401/ops/registry/index/upd-rb-imgclean.json	LOCAL_TEST_ONLY
.tmp/p15-final-cert-93401/ops/registry/index/upd-rb-preswitch.json	LOCAL_TEST_ONLY
.tmp/p15-final-cert-93401/ops/registry/index/upd-rb-rollback.json	LOCAL_TEST_ONLY
.tmp/p15-final-cert-93401/ops/registry/index/upd-rb-switch.json	LOCAL_TEST_ONLY
.tmp/p15-final-cert-93401/ops/registry/index/upd-rb-upgrade.json	LOCAL_TEST_ONLY
.tmp/p15-final-cert-93401/ops/registry/locks/upd-20260801155959-e4d59bcd/owner.json	LOCAL_TEST_ONLY
.tmp/p15-final-cert-93401/ops/registry/locks/upd-20260801160031-74872bf3/owner.json	LOCAL_TEST_ONLY
.tmp/p15-final-cert-93401/stubs/docker-pull-7a153b35cfca.done	LOCAL_TEST_ONLY
.tmp/p15-final-cert-93401/stubs/switch-upd-20260801155959-e4d59bcd.done	LOCAL_TEST_ONLY
.tmp/p15-final-cert-93401/tenant/prod-final-a/current_digest.txt	LOCAL_TEST_ONLY
.tmp/p15-final-cert-93401/tenant/prod-final-a/db/dump.sql	LOCAL_TEST_ONLY
.tmp/p15-final-cert-93401/tenant/prod-final-a/filestore/a	LOCAL_TEST_ONLY
.tmp/p15-final-cert-93401/tenant/prod-final-a/identity.json	LOCAL_TEST_ONLY
.tmp/p15-final-cert-93401/tenant/prod-final-a/previous_digest.txt	LOCAL_TEST_ONLY
.tmp/p15-final-cert-93401/updates/backups/upd-20260801155959-e4d59bcd/checksums.txt	LOCAL_TEST_ONLY
.tmp/p15-final-cert-93401/updates/backups/upd-20260801155959-e4d59bcd/config/current_digest.txt	LOCAL_TEST_ONLY
.tmp/p15-final-cert-93401/updates/backups/upd-20260801155959-e4d59bcd/config/database_uuid.txt	LOCAL_TEST_ONLY
.tmp/p15-final-cert-93401/updates/backups/upd-20260801155959-e4d59bcd/config/production_identity.json	LOCAL_TEST_ONLY
.tmp/p15-final-cert-93401/updates/backups/upd-20260801155959-e4d59bcd/config/routing_refs.txt	LOCAL_TEST_ONLY
.tmp/p15-final-cert-93401/updates/backups/upd-20260801155959-e4d59bcd/db/dump.sql	LOCAL_TEST_ONLY
.tmp/p15-final-cert-93401/updates/backups/upd-20260801155959-e4d59bcd/filestore/a	LOCAL_TEST_ONLY
.tmp/p15-final-cert-93401/updates/backups/upd-20260801155959-e4d59bcd/recovery_set.json	LOCAL_TEST_ONLY
.tmp/p15-final-cert-93401/updates/backups/upd-20260801155959-e4d59bcd/rollback_manifest.json	LOCAL_TEST_ONLY
.tmp/p15-final-cert-93401/updates/backups/upd-20260801160031-74872bf3/checksums.txt	LOCAL_TEST_ONLY
.tmp/p15-final-cert-93401/updates/backups/upd-20260801160031-74872bf3/config/current_digest.txt	LOCAL_TEST_ONLY
.tmp/p15-final-cert-93401/updates/backups/upd-20260801160031-74872bf3/config/database_uuid.txt	LOCAL_TEST_ONLY
.tmp/p15-final-cert-93401/updates/backups/upd-20260801160031-74872bf3/config/production_identity.json	LOCAL_TEST_ONLY
.tmp/p15-final-cert-93401/updates/backups/upd-20260801160031-74872bf3/config/routing_refs.txt	LOCAL_TEST_ONLY
.tmp/p15-final-cert-93401/updates/backups/upd-20260801160031-74872bf3/db/dump.sql	LOCAL_TEST_ONLY
.tmp/p15-final-cert-93401/updates/backups/upd-20260801160031-74872bf3/filestore/a	LOCAL_TEST_ONLY
.tmp/p15-final-cert-93401/updates/backups/upd-20260801160031-74872bf3/recovery_set.json	LOCAL_TEST_ONLY
.tmp/p15-final-cert-93401/updates/backups/upd-20260801160031-74872bf3/rollback_manifest.json	LOCAL_TEST_ONLY
.tmp/p15-final-cert-93401/updates/backups/upd-rb-imgclean/rollback_manifest.json	LOCAL_TEST_ONLY
.tmp/p15-final-cert-93401/updates/backups/upd-rb-preswitch/rollback_manifest.json	LOCAL_TEST_ONLY
.tmp/p15-final-cert-93401/updates/backups/upd-rb-rollback/rollback_manifest.json	LOCAL_TEST_ONLY
.tmp/p15-final-cert-93401/updates/backups/upd-rb-switch/rollback_manifest.json	LOCAL_TEST_ONLY
.tmp/p15-final-cert-93401/updates/backups/upd-rb-upgrade/rollback_manifest.json	LOCAL_TEST_ONLY
.tmp/p15-final-cert-93401/updates/candidates/upd-20260801155959-e4d59bcd/candidate.json	LOCAL_TEST_ONLY
.tmp/p15-final-cert-93401/updates/candidates/upd-20260801155959-e4d59bcd/db/dump.sql	LOCAL_TEST_ONLY
.tmp/p15-final-cert-93401/updates/candidates/upd-20260801155959-e4d59bcd/filestore/a	LOCAL_TEST_ONLY
.tmp/p15-final-cert-93401/updates/candidates/upd-20260801155959-e4d59bcd/runtime/database_uuid.txt	LOCAL_TEST_ONLY
.tmp/p15-final-cert-93401/updates/candidates/upd-20260801155959-e4d59bcd/runtime/db_name.txt	LOCAL_TEST_ONLY
.tmp/p15-final-cert-93401/updates/candidates/upd-20260801155959-e4d59bcd/runtime/host_root.txt	LOCAL_TEST_ONLY
.tmp/p15-final-cert-93401/updates/candidates/upd-20260801155959-e4d59bcd/runtime/http_validation.json	LOCAL_TEST_ONLY
.tmp/p15-final-cert-93401/updates/candidates/upd-20260801155959-e4d59bcd/runtime/identity.txt	LOCAL_TEST_ONLY
.tmp/p15-final-cert-93401/updates/candidates/upd-20260801155959-e4d59bcd/runtime/image_ref.txt	LOCAL_TEST_ONLY
.tmp/p15-final-cert-93401/updates/candidates/upd-20260801155959-e4d59bcd/runtime/isolation_proof.txt	LOCAL_TEST_ONLY
.tmp/p15-final-cert-93401/updates/candidates/upd-20260801155959-e4d59bcd/runtime/license_guard_identity.json	LOCAL_TEST_ONLY
.tmp/p15-final-cert-93401/updates/candidates/upd-20260801155959-e4d59bcd/runtime/license_guard_proof.json	LOCAL_TEST_ONLY
.tmp/p15-final-cert-93401/updates/candidates/upd-20260801155959-e4d59bcd/runtime/license_guard_rejection_probes.json	LOCAL_TEST_ONLY
.tmp/p15-final-cert-93401/updates/candidates/upd-20260801155959-e4d59bcd/runtime/license_id.txt	LOCAL_TEST_ONLY
.tmp/p15-final-cert-93401/updates/candidates/upd-20260801155959-e4d59bcd/runtime/modules_updated.txt	LOCAL_TEST_ONLY
.tmp/p15-final-cert-93401/updates/candidates/upd-20260801155959-e4d59bcd/runtime/neutralization.env	LOCAL_TEST_ONLY
.tmp/p15-final-cert-93401/updates/candidates/upd-20260801155959-e4d59bcd/runtime/production_tenant_id.txt	LOCAL_TEST_ONLY
.tmp/p15-final-cert-93401/updates/candidates/upd-20260801155959-e4d59bcd/runtime/running_digest.txt	LOCAL_TEST_ONLY
.tmp/p15-final-cert-93401/updates/candidates/upd-20260801155959-e4d59bcd/runtime/schema_result.txt	LOCAL_TEST_ONLY
.tmp/p15-final-cert-93401/updates/candidates/upd-20260801155959-e4d59bcd/runtime/soviez.conf	LOCAL_TEST_ONLY
.tmp/p15-final-cert-93401/updates/candidates/upd-20260801160031-74872bf3/addons/p15_bad_addon/__init__.py	LOCAL_TEST_ONLY
.tmp/p15-final-cert-93401/updates/candidates/upd-20260801160031-74872bf3/addons/p15_bad_addon/__manifest__.py	LOCAL_TEST_ONLY
.tmp/p15-final-cert-93401/updates/candidates/upd-20260801160031-74872bf3/addons/p15_bad_addon/models/__init__.py	LOCAL_TEST_ONLY
.tmp/p15-final-cert-93401/updates/candidates/upd-20260801160031-74872bf3/addons/p15_bad_addon/models/bad.py	LOCAL_TEST_ONLY
.tmp/p15-final-cert-93401/updates/candidates/upd-20260801160031-74872bf3/candidate.json	LOCAL_TEST_ONLY
.tmp/p15-final-cert-93401/updates/candidates/upd-20260801160031-74872bf3/db/dump.sql	LOCAL_TEST_ONLY
.tmp/p15-final-cert-93401/updates/candidates/upd-20260801160031-74872bf3/filestore/a	LOCAL_TEST_ONLY
.tmp/p15-final-cert-93401/updates/candidates/upd-20260801160031-74872bf3/runtime/database_uuid.txt	LOCAL_TEST_ONLY
.tmp/p15-final-cert-93401/updates/candidates/upd-20260801160031-74872bf3/runtime/db_name.txt	LOCAL_TEST_ONLY
.tmp/p15-final-cert-93401/updates/candidates/upd-20260801160031-74872bf3/runtime/host_root.txt	LOCAL_TEST_ONLY
.tmp/p15-final-cert-93401/updates/candidates/upd-20260801160031-74872bf3/runtime/identity.txt	LOCAL_TEST_ONLY
.tmp/p15-final-cert-93401/updates/candidates/upd-20260801160031-74872bf3/runtime/image_ref.txt	LOCAL_TEST_ONLY
.tmp/p15-final-cert-93401/updates/candidates/upd-20260801160031-74872bf3/runtime/license_guard_identity.json	LOCAL_TEST_ONLY
.tmp/p15-final-cert-93401/updates/candidates/upd-20260801160031-74872bf3/runtime/license_id.txt	LOCAL_TEST_ONLY
.tmp/p15-final-cert-93401/updates/candidates/upd-20260801160031-74872bf3/runtime/neutralization.env	LOCAL_TEST_ONLY
.tmp/p15-final-cert-93401/updates/candidates/upd-20260801160031-74872bf3/runtime/production_tenant_id.txt	LOCAL_TEST_ONLY
.tmp/p15-final-cert-93401/updates/candidates/upd-20260801160031-74872bf3/runtime/soviez.conf	LOCAL_TEST_ONLY
.tmp/p15-final-cert-93401/updates/image_cleanup/operations/imgclean-upd-20260801155959-e4d59bcd/state.json	LOCAL_TEST_ONLY
.tmp/p15-final-cert-93401/updates/operations/upd-20260801155959-e4d59bcd/artifact/credential_cleanup.txt	LOCAL_TEST_ONLY
.tmp/p15-final-cert-93401/updates/operations/upd-20260801155959-e4d59bcd/artifact/digest.txt	LOCAL_TEST_ONLY
.tmp/p15-final-cert-93401/updates/operations/upd-20260801155959-e4d59bcd/artifact/pull.meta	LOCAL_TEST_ONLY
.tmp/p15-final-cert-93401/updates/operations/upd-20260801155959-e4d59bcd/preflight.json	LOCAL_TEST_ONLY
.tmp/p15-final-cert-93401/updates/operations/upd-20260801155959-e4d59bcd/production.json	LOCAL_TEST_ONLY
.tmp/p15-final-cert-93401/updates/operations/upd-20260801155959-e4d59bcd/release.json	LOCAL_TEST_ONLY
.tmp/p15-final-cert-93401/updates/operations/upd-20260801155959-e4d59bcd/state.json	LOCAL_TEST_ONLY
.tmp/p15-final-cert-93401/updates/operations/upd-20260801155959-e4d59bcd/switch.json	LOCAL_TEST_ONLY
.tmp/p15-final-cert-93401/updates/operations/upd-20260801155959-e4d59bcd/target_digest.txt	LOCAL_TEST_ONLY
.tmp/p15-final-cert-93401/updates/operations/upd-20260801155959-e4d59bcd/upgrade.log	LOCAL_TEST_ONLY
.tmp/p15-final-cert-93401/updates/operations/upd-20260801155959-e4d59bcd/upgrade_result.json	LOCAL_TEST_ONLY
.tmp/p15-final-cert-93401/updates/operations/upd-20260801155959-e4d59bcd/validation.json	LOCAL_TEST_ONLY
.tmp/p15-final-cert-93401/updates/operations/upd-20260801160031-74872bf3/artifact/digest.txt	LOCAL_TEST_ONLY
.tmp/p15-final-cert-93401/updates/operations/upd-20260801160031-74872bf3/artifact/pull.meta	LOCAL_TEST_ONLY
.tmp/p15-final-cert-93401/updates/operations/upd-20260801160031-74872bf3/preflight.json	LOCAL_TEST_ONLY
.tmp/p15-final-cert-93401/updates/operations/upd-20260801160031-74872bf3/production.json	LOCAL_TEST_ONLY
.tmp/p15-final-cert-93401/updates/operations/upd-20260801160031-74872bf3/release.json	LOCAL_TEST_ONLY
.tmp/p15-final-cert-93401/updates/operations/upd-20260801160031-74872bf3/state.json	LOCAL_TEST_ONLY
.tmp/p15-final-cert-93401/updates/operations/upd-20260801160031-74872bf3/target_digest.txt	LOCAL_TEST_ONLY
.tmp/p15-final-cert-93401/updates/operations/upd-20260801160031-74872bf3/upgrade.log	LOCAL_TEST_ONLY
.tmp/p15-final-cert-93401/updates/operations/upd-interrupt-test/interrupt_at	LOCAL_TEST_ONLY
.tmp/p15-final-cert-93401/updates/operations/upd-interrupt-test/state.json	LOCAL_TEST_ONLY
.tmp/p15-final-cert-93401/updates/operations/upd-rb-imgclean/state.json	LOCAL_TEST_ONLY
.tmp/p15-final-cert-93401/updates/operations/upd-rb-imgclean/target_digest.txt	LOCAL_TEST_ONLY
.tmp/p15-final-cert-93401/updates/operations/upd-rb-preswitch/state.json	LOCAL_TEST_ONLY
.tmp/p15-final-cert-93401/updates/operations/upd-rb-preswitch/target_digest.txt	LOCAL_TEST_ONLY
.tmp/p15-final-cert-93401/updates/operations/upd-rb-rollback/state.json	LOCAL_TEST_ONLY
.tmp/p15-final-cert-93401/updates/operations/upd-rb-rollback/target_digest.txt	LOCAL_TEST_ONLY
.tmp/p15-final-cert-93401/updates/operations/upd-rb-switch/reboot_intent.txt	LOCAL_TEST_ONLY
.tmp/p15-final-cert-93401/updates/operations/upd-rb-switch/state.json	LOCAL_TEST_ONLY
.tmp/p15-final-cert-93401/updates/operations/upd-rb-switch/target_digest.txt	LOCAL_TEST_ONLY
.tmp/p15-final-cert-93401/updates/operations/upd-rb-upgrade/state.json	LOCAL_TEST_ONLY
.tmp/p15-final-cert-93401/updates/operations/upd-rb-upgrade/target_digest.txt	LOCAL_TEST_ONLY
.tmp/p15-final-cert-96170/image-cache/sha256:ffacbb104aa9861728e4cf21bb233bb32fc17d01b664f452d69d546df071f1a4/digest.txt	LOCAL_TEST_ONLY
.tmp/p15-final-cert-96170/image-cache/sha256:ffacbb104aa9861728e4cf21bb233bb32fc17d01b664f452d69d546df071f1a4/verified	LOCAL_TEST_ONLY
.tmp/p15-final-cert-96170/ops/license_slots_snapshot.json	LOCAL_TEST_ONLY
.tmp/p15-final-cert-96170/ops/operations/upd-20260810174234-f6a0de52/canonical.json	LOCAL_TEST_ONLY
.tmp/p15-final-cert-96170/ops/operations/upd-20260810174234-f6a0de52/events.jsonl	LOCAL_TEST_ONLY
.tmp/p15-final-cert-96170/ops/registry/index/upd-20260810174234-f6a0de52.json	LOCAL_TEST_ONLY
.tmp/p15-final-cert-96170/ops/registry/locks/upd-20260810174234-f6a0de52/owner.json	LOCAL_TEST_ONLY
.tmp/p15-final-cert-96170/secrets/update_pg_creds	LOCAL_TEST_ONLY
.tmp/p15-final-cert-96170/stubs/docker-pull-7a153b35cfca.done	LOCAL_TEST_ONLY
.tmp/p15-final-cert-96170/tenant/prod-final-a/db/dump.sql	LOCAL_TEST_ONLY
.tmp/p15-final-cert-96170/tenant/prod-final-a/filestore/a	LOCAL_TEST_ONLY
.tmp/p15-final-cert-96170/tenant/prod-final-a/identity.json	LOCAL_TEST_ONLY
.tmp/p15-final-cert-96170/updates/backups/upd-20260810174234-f6a0de52/checksums.txt	LOCAL_TEST_ONLY
.tmp/p15-final-cert-96170/updates/backups/upd-20260810174234-f6a0de52/config/current_digest.txt	LOCAL_TEST_ONLY
.tmp/p15-final-cert-96170/updates/backups/upd-20260810174234-f6a0de52/config/database_uuid.txt	LOCAL_TEST_ONLY
.tmp/p15-final-cert-96170/updates/backups/upd-20260810174234-f6a0de52/config/production_identity.json	LOCAL_TEST_ONLY
.tmp/p15-final-cert-96170/updates/backups/upd-20260810174234-f6a0de52/config/routing_refs.txt	LOCAL_TEST_ONLY
.tmp/p15-final-cert-96170/updates/backups/upd-20260810174234-f6a0de52/db/dump.sql	LOCAL_TEST_ONLY
.tmp/p15-final-cert-96170/updates/backups/upd-20260810174234-f6a0de52/filestore/a	LOCAL_TEST_ONLY
.tmp/p15-final-cert-96170/updates/backups/upd-20260810174234-f6a0de52/recovery_set.json	LOCAL_TEST_ONLY
.tmp/p15-final-cert-96170/updates/backups/upd-20260810174234-f6a0de52/rollback_manifest.json	LOCAL_TEST_ONLY
.tmp/p15-final-cert-96170/updates/candidates/upd-20260810174234-f6a0de52/candidate.json	LOCAL_TEST_ONLY
.tmp/p15-final-cert-96170/updates/candidates/upd-20260810174234-f6a0de52/db/dump.sql	LOCAL_TEST_ONLY
.tmp/p15-final-cert-96170/updates/candidates/upd-20260810174234-f6a0de52/filestore/a	LOCAL_TEST_ONLY
.tmp/p15-final-cert-96170/updates/candidates/upd-20260810174234-f6a0de52/runtime/database_uuid.txt	LOCAL_TEST_ONLY
.tmp/p15-final-cert-96170/updates/candidates/upd-20260810174234-f6a0de52/runtime/db_name.txt	LOCAL_TEST_ONLY
.tmp/p15-final-cert-96170/updates/candidates/upd-20260810174234-f6a0de52/runtime/host_root.txt	LOCAL_TEST_ONLY
.tmp/p15-final-cert-96170/updates/candidates/upd-20260810174234-f6a0de52/runtime/identity.txt	LOCAL_TEST_ONLY
.tmp/p15-final-cert-96170/updates/candidates/upd-20260810174234-f6a0de52/runtime/image_ref.txt	LOCAL_TEST_ONLY
.tmp/p15-final-cert-96170/updates/candidates/upd-20260810174234-f6a0de52/runtime/license_guard_identity.json	LOCAL_TEST_ONLY
.tmp/p15-final-cert-96170/updates/candidates/upd-20260810174234-f6a0de52/runtime/license_id.txt	LOCAL_TEST_ONLY
.tmp/p15-final-cert-96170/updates/candidates/upd-20260810174234-f6a0de52/runtime/neutralization.env	LOCAL_TEST_ONLY
.tmp/p15-final-cert-96170/updates/candidates/upd-20260810174234-f6a0de52/runtime/production_tenant_id.txt	LOCAL_TEST_ONLY
.tmp/p15-final-cert-96170/updates/candidates/upd-20260810174234-f6a0de52/runtime/soviez.conf	LOCAL_TEST_ONLY
.tmp/p15-final-cert-96170/updates/operations/upd-20260810174234-f6a0de52/artifact/credential_cleanup.txt	LOCAL_TEST_ONLY
.tmp/p15-final-cert-96170/updates/operations/upd-20260810174234-f6a0de52/artifact/digest.txt	LOCAL_TEST_ONLY
.tmp/p15-final-cert-96170/updates/operations/upd-20260810174234-f6a0de52/artifact/pull.meta	LOCAL_TEST_ONLY
.tmp/p15-final-cert-96170/updates/operations/upd-20260810174234-f6a0de52/preflight.json	LOCAL_TEST_ONLY
.tmp/p15-final-cert-96170/updates/operations/upd-20260810174234-f6a0de52/production.json	LOCAL_TEST_ONLY
.tmp/p15-final-cert-96170/updates/operations/upd-20260810174234-f6a0de52/release.json	LOCAL_TEST_ONLY
.tmp/p15-final-cert-96170/updates/operations/upd-20260810174234-f6a0de52/state.json	LOCAL_TEST_ONLY
.tmp/p15-final-cert-96170/updates/operations/upd-20260810174234-f6a0de52/target_digest.txt	LOCAL_TEST_ONLY
.tmp/p15-final-cert-96170/updates/operations/upd-20260810174234-f6a0de52/upgrade.log	LOCAL_TEST_ONLY
.tmp/p15-final-cert-96296/image-cache/sha256:17c2464e90bd9d126120bc44d7afebf482cce29be86a0a5f99b550ac5e7d3fe8/digest.txt	LOCAL_TEST_ONLY
.tmp/p15-final-cert-96296/image-cache/sha256:17c2464e90bd9d126120bc44d7afebf482cce29be86a0a5f99b550ac5e7d3fe8/verified	LOCAL_TEST_ONLY
.tmp/p15-final-cert-96296/ops/license_slots_snapshot.json	LOCAL_TEST_ONLY
.tmp/p15-final-cert-96296/ops/operations/upd-20260805043132-79565d6f/canonical.json	LOCAL_TEST_ONLY
.tmp/p15-final-cert-96296/ops/operations/upd-20260805043132-79565d6f/events.jsonl	LOCAL_TEST_ONLY
.tmp/p15-final-cert-96296/ops/registry/index/upd-20260805043132-79565d6f.json	LOCAL_TEST_ONLY
.tmp/p15-final-cert-96296/ops/registry/locks/upd-20260805043132-79565d6f/owner.json	LOCAL_TEST_ONLY
.tmp/p15-final-cert-96296/stubs/docker-pull-7a153b35cfca.done	LOCAL_TEST_ONLY
.tmp/p15-final-cert-96296/tenant/prod-final-a/db/dump.sql	LOCAL_TEST_ONLY
.tmp/p15-final-cert-96296/tenant/prod-final-a/filestore/a	LOCAL_TEST_ONLY
.tmp/p15-final-cert-96296/tenant/prod-final-a/identity.json	LOCAL_TEST_ONLY
.tmp/p15-final-cert-96296/updates/backups/upd-20260805043132-79565d6f/checksums.txt	LOCAL_TEST_ONLY
.tmp/p15-final-cert-96296/updates/backups/upd-20260805043132-79565d6f/config/current_digest.txt	LOCAL_TEST_ONLY
.tmp/p15-final-cert-96296/updates/backups/upd-20260805043132-79565d6f/config/database_uuid.txt	LOCAL_TEST_ONLY
.tmp/p15-final-cert-96296/updates/backups/upd-20260805043132-79565d6f/config/production_identity.json	LOCAL_TEST_ONLY
.tmp/p15-final-cert-96296/updates/backups/upd-20260805043132-79565d6f/config/routing_refs.txt	LOCAL_TEST_ONLY
.tmp/p15-final-cert-96296/updates/backups/upd-20260805043132-79565d6f/db/dump.sql	LOCAL_TEST_ONLY
.tmp/p15-final-cert-96296/updates/backups/upd-20260805043132-79565d6f/filestore/a	LOCAL_TEST_ONLY
.tmp/p15-final-cert-96296/updates/backups/upd-20260805043132-79565d6f/recovery_set.json	LOCAL_TEST_ONLY
.tmp/p15-final-cert-96296/updates/backups/upd-20260805043132-79565d6f/rollback_manifest.json	LOCAL_TEST_ONLY
.tmp/p15-final-cert-96296/updates/candidates/upd-20260805043132-79565d6f/db/dump.sql	LOCAL_TEST_ONLY
.tmp/p15-final-cert-96296/updates/candidates/upd-20260805043132-79565d6f/filestore/a	LOCAL_TEST_ONLY
.tmp/p15-final-cert-96296/updates/candidates/upd-20260805043132-79565d6f/runtime/database_uuid.txt	LOCAL_TEST_ONLY
.tmp/p15-final-cert-96296/updates/candidates/upd-20260805043132-79565d6f/runtime/identity.txt	LOCAL_TEST_ONLY
.tmp/p15-final-cert-96296/updates/candidates/upd-20260805043132-79565d6f/runtime/license_id.txt	LOCAL_TEST_ONLY
.tmp/p15-final-cert-96296/updates/candidates/upd-20260805043132-79565d6f/runtime/neutralization.env	LOCAL_TEST_ONLY
.tmp/p15-final-cert-96296/updates/candidates/upd-20260805043132-79565d6f/runtime/production_tenant_id.txt	LOCAL_TEST_ONLY
.tmp/p15-final-cert-96296/updates/operations/upd-20260805043132-79565d6f/artifact/credential_cleanup.txt	LOCAL_TEST_ONLY
.tmp/p15-final-cert-96296/updates/operations/upd-20260805043132-79565d6f/artifact/digest.txt	LOCAL_TEST_ONLY
.tmp/p15-final-cert-96296/updates/operations/upd-20260805043132-79565d6f/artifact/pull.meta	LOCAL_TEST_ONLY
.tmp/p15-final-cert-96296/updates/operations/upd-20260805043132-79565d6f/preflight.json	LOCAL_TEST_ONLY
.tmp/p15-final-cert-96296/updates/operations/upd-20260805043132-79565d6f/production.json	LOCAL_TEST_ONLY
.tmp/p15-final-cert-96296/updates/operations/upd-20260805043132-79565d6f/release.json	LOCAL_TEST_ONLY
.tmp/p15-final-cert-96296/updates/operations/upd-20260805043132-79565d6f/state.json	LOCAL_TEST_ONLY
.tmp/p15-final-cert-96296/updates/operations/upd-20260805043132-79565d6f/target_digest.txt	LOCAL_TEST_ONLY
.tmp/p15-final-cert-99381/candidate-host/addons/p15_bad_addon/__manifest__.py	LOCAL_TEST_ONLY
.tmp/p15-final-cert-99381/candidate-host/addons/p15_bad_addon/models.py	LOCAL_TEST_ONLY
.tmp/p15-final-cert-99381/image-cache/sha256:17c2464e90bd9d126120bc44d7afebf482cce29be86a0a5f99b550ac5e7d3fe8/digest.txt	LOCAL_TEST_ONLY
.tmp/p15-final-cert-99381/image-cache/sha256:17c2464e90bd9d126120bc44d7afebf482cce29be86a0a5f99b550ac5e7d3fe8/verified	LOCAL_TEST_ONLY
.tmp/p15-final-cert-99381/ops/license_slots_snapshot.json	LOCAL_TEST_ONLY
.tmp/p15-final-cert-99381/ops/operations/imgclean-upd-20260731071520-e6e43a0b/canonical.json	LOCAL_TEST_ONLY
.tmp/p15-final-cert-99381/ops/operations/imgclean-upd-20260731071520-e6e43a0b/events.jsonl	LOCAL_TEST_ONLY
.tmp/p15-final-cert-99381/ops/operations/imgclean-upd-20260731071543-396e999f/canonical.json	LOCAL_TEST_ONLY
.tmp/p15-final-cert-99381/ops/operations/imgclean-upd-20260731071543-396e999f/events.jsonl	LOCAL_TEST_ONLY
.tmp/p15-final-cert-99381/ops/operations/upd-20260731071520-e6e43a0b/canonical.json	LOCAL_TEST_ONLY
.tmp/p15-final-cert-99381/ops/operations/upd-20260731071520-e6e43a0b/events.jsonl	LOCAL_TEST_ONLY
.tmp/p15-final-cert-99381/ops/operations/upd-20260731071520-e6e43a0b/sync_pending.json	LOCAL_TEST_ONLY
.tmp/p15-final-cert-99381/ops/operations/upd-20260731071543-396e999f/canonical.json	LOCAL_TEST_ONLY
.tmp/p15-final-cert-99381/ops/operations/upd-20260731071543-396e999f/events.jsonl	LOCAL_TEST_ONLY
.tmp/p15-final-cert-99381/ops/operations/upd-20260731071543-396e999f/sync_pending.json	LOCAL_TEST_ONLY
.tmp/p15-final-cert-99381/ops/registry/history/imgclean-upd-20260731071520-e6e43a0b.jsonl	LOCAL_TEST_ONLY
.tmp/p15-final-cert-99381/ops/registry/history/upd-20260731071520-e6e43a0b.jsonl	LOCAL_TEST_ONLY
.tmp/p15-final-cert-99381/ops/registry/history/upd-20260731071543-396e999f.jsonl	LOCAL_TEST_ONLY
.tmp/p15-final-cert-99381/ops/registry/index/imgclean-upd-20260731071520-e6e43a0b.json	LOCAL_TEST_ONLY
.tmp/p15-final-cert-99381/ops/registry/index/imgclean-upd-20260731071543-396e999f.json	LOCAL_TEST_ONLY
.tmp/p15-final-cert-99381/ops/registry/index/upd-20260731071520-e6e43a0b.json	LOCAL_TEST_ONLY
.tmp/p15-final-cert-99381/ops/registry/index/upd-20260731071543-396e999f.json	LOCAL_TEST_ONLY
.tmp/p15-final-cert-99381/ops/registry/locks/upd-20260731071520-e6e43a0b/owner.json	LOCAL_TEST_ONLY
.tmp/p15-final-cert-99381/ops/registry/locks/upd-20260731071543-396e999f/owner.json	LOCAL_TEST_ONLY
.tmp/p15-final-cert-99381/stubs/docker-pull-7a153b35cfca.done	LOCAL_TEST_ONLY
.tmp/p15-final-cert-99381/stubs/switch-upd-20260731071520-e6e43a0b.done	LOCAL_TEST_ONLY
.tmp/p15-final-cert-99381/stubs/switch-upd-20260731071543-396e999f.done	LOCAL_TEST_ONLY
.tmp/p15-final-cert-99381/tenant/prod-final-a/current_digest.txt	LOCAL_TEST_ONLY
.tmp/p15-final-cert-99381/tenant/prod-final-a/db/dump.sql	LOCAL_TEST_ONLY
.tmp/p15-final-cert-99381/tenant/prod-final-a/filestore/a	LOCAL_TEST_ONLY
.tmp/p15-final-cert-99381/tenant/prod-final-a/identity.json	LOCAL_TEST_ONLY
.tmp/p15-final-cert-99381/tenant/prod-final-a/previous_digest.txt	LOCAL_TEST_ONLY
.tmp/p15-final-cert-99381/updates/backups/upd-20260731071520-e6e43a0b/checksums.txt	LOCAL_TEST_ONLY
.tmp/p15-final-cert-99381/updates/backups/upd-20260731071520-e6e43a0b/config/current_digest.txt	LOCAL_TEST_ONLY
.tmp/p15-final-cert-99381/updates/backups/upd-20260731071520-e6e43a0b/config/database_uuid.txt	LOCAL_TEST_ONLY
.tmp/p15-final-cert-99381/updates/backups/upd-20260731071520-e6e43a0b/config/production_identity.json	LOCAL_TEST_ONLY
.tmp/p15-final-cert-99381/updates/backups/upd-20260731071520-e6e43a0b/config/routing_refs.txt	LOCAL_TEST_ONLY
.tmp/p15-final-cert-99381/updates/backups/upd-20260731071520-e6e43a0b/db/dump.sql	LOCAL_TEST_ONLY
.tmp/p15-final-cert-99381/updates/backups/upd-20260731071520-e6e43a0b/filestore/a	LOCAL_TEST_ONLY
.tmp/p15-final-cert-99381/updates/backups/upd-20260731071520-e6e43a0b/recovery_set.json	LOCAL_TEST_ONLY
.tmp/p15-final-cert-99381/updates/backups/upd-20260731071520-e6e43a0b/rollback_manifest.json	LOCAL_TEST_ONLY
.tmp/p15-final-cert-99381/updates/backups/upd-20260731071543-396e999f/checksums.txt	LOCAL_TEST_ONLY
.tmp/p15-final-cert-99381/updates/backups/upd-20260731071543-396e999f/config/current_digest.txt	LOCAL_TEST_ONLY
.tmp/p15-final-cert-99381/updates/backups/upd-20260731071543-396e999f/config/database_uuid.txt	LOCAL_TEST_ONLY
.tmp/p15-final-cert-99381/updates/backups/upd-20260731071543-396e999f/config/production_identity.json	LOCAL_TEST_ONLY
.tmp/p15-final-cert-99381/updates/backups/upd-20260731071543-396e999f/config/routing_refs.txt	LOCAL_TEST_ONLY
.tmp/p15-final-cert-99381/updates/backups/upd-20260731071543-396e999f/db/dump.sql	LOCAL_TEST_ONLY
.tmp/p15-final-cert-99381/updates/backups/upd-20260731071543-396e999f/filestore/a	LOCAL_TEST_ONLY
.tmp/p15-final-cert-99381/updates/backups/upd-20260731071543-396e999f/recovery_set.json	LOCAL_TEST_ONLY
.tmp/p15-final-cert-99381/updates/backups/upd-20260731071543-396e999f/rollback_manifest.json	LOCAL_TEST_ONLY
.tmp/p15-final-cert-99381/updates/candidates/upd-20260731071520-e6e43a0b/candidate.json	LOCAL_TEST_ONLY
.tmp/p15-final-cert-99381/updates/candidates/upd-20260731071520-e6e43a0b/db/dump.sql	LOCAL_TEST_ONLY
.tmp/p15-final-cert-99381/updates/candidates/upd-20260731071520-e6e43a0b/filestore/a	LOCAL_TEST_ONLY
.tmp/p15-final-cert-99381/updates/candidates/upd-20260731071520-e6e43a0b/runtime/database_uuid.txt	LOCAL_TEST_ONLY
.tmp/p15-final-cert-99381/updates/candidates/upd-20260731071520-e6e43a0b/runtime/db_name.txt	LOCAL_TEST_ONLY
.tmp/p15-final-cert-99381/updates/candidates/upd-20260731071520-e6e43a0b/runtime/host_root.txt	LOCAL_TEST_ONLY
.tmp/p15-final-cert-99381/updates/candidates/upd-20260731071520-e6e43a0b/runtime/http_validation.json	LOCAL_TEST_ONLY
.tmp/p15-final-cert-99381/updates/candidates/upd-20260731071520-e6e43a0b/runtime/identity.txt	LOCAL_TEST_ONLY
.tmp/p15-final-cert-99381/updates/candidates/upd-20260731071520-e6e43a0b/runtime/image_ref.txt	LOCAL_TEST_ONLY
.tmp/p15-final-cert-99381/updates/candidates/upd-20260731071520-e6e43a0b/runtime/isolation_proof.txt	LOCAL_TEST_ONLY
.tmp/p15-final-cert-99381/updates/candidates/upd-20260731071520-e6e43a0b/runtime/license_guard_identity.json	LOCAL_TEST_ONLY
.tmp/p15-final-cert-99381/updates/candidates/upd-20260731071520-e6e43a0b/runtime/license_guard_proof.json	LOCAL_TEST_ONLY
.tmp/p15-final-cert-99381/updates/candidates/upd-20260731071520-e6e43a0b/runtime/license_guard_rejection_probes.json	LOCAL_TEST_ONLY
.tmp/p15-final-cert-99381/updates/candidates/upd-20260731071520-e6e43a0b/runtime/license_id.txt	LOCAL_TEST_ONLY
.tmp/p15-final-cert-99381/updates/candidates/upd-20260731071520-e6e43a0b/runtime/modules_updated.txt	LOCAL_TEST_ONLY
.tmp/p15-final-cert-99381/updates/candidates/upd-20260731071520-e6e43a0b/runtime/neutralization.env	LOCAL_TEST_ONLY
.tmp/p15-final-cert-99381/updates/candidates/upd-20260731071520-e6e43a0b/runtime/production_tenant_id.txt	LOCAL_TEST_ONLY
.tmp/p15-final-cert-99381/updates/candidates/upd-20260731071520-e6e43a0b/runtime/running_digest.txt	LOCAL_TEST_ONLY
.tmp/p15-final-cert-99381/updates/candidates/upd-20260731071520-e6e43a0b/runtime/schema_result.txt	LOCAL_TEST_ONLY
.tmp/p15-final-cert-99381/updates/candidates/upd-20260731071520-e6e43a0b/runtime/soviez.conf	LOCAL_TEST_ONLY
.tmp/p15-final-cert-99381/updates/candidates/upd-20260731071543-396e999f/addons/p15_bad_addon/__manifest__.py	LOCAL_TEST_ONLY
.tmp/p15-final-cert-99381/updates/candidates/upd-20260731071543-396e999f/addons/p15_bad_addon/models.py	LOCAL_TEST_ONLY
.tmp/p15-final-cert-99381/updates/candidates/upd-20260731071543-396e999f/candidate.json	LOCAL_TEST_ONLY
.tmp/p15-final-cert-99381/updates/candidates/upd-20260731071543-396e999f/db/dump.sql	LOCAL_TEST_ONLY
.tmp/p15-final-cert-99381/updates/candidates/upd-20260731071543-396e999f/filestore/a	LOCAL_TEST_ONLY
.tmp/p15-final-cert-99381/updates/candidates/upd-20260731071543-396e999f/runtime/database_uuid.txt	LOCAL_TEST_ONLY
.tmp/p15-final-cert-99381/updates/candidates/upd-20260731071543-396e999f/runtime/db_name.txt	LOCAL_TEST_ONLY
.tmp/p15-final-cert-99381/updates/candidates/upd-20260731071543-396e999f/runtime/host_root.txt	LOCAL_TEST_ONLY
.tmp/p15-final-cert-99381/updates/candidates/upd-20260731071543-396e999f/runtime/http_validation.json	LOCAL_TEST_ONLY
.tmp/p15-final-cert-99381/updates/candidates/upd-20260731071543-396e999f/runtime/identity.txt	LOCAL_TEST_ONLY
.tmp/p15-final-cert-99381/updates/candidates/upd-20260731071543-396e999f/runtime/image_ref.txt	LOCAL_TEST_ONLY
.tmp/p15-final-cert-99381/updates/candidates/upd-20260731071543-396e999f/runtime/isolation_proof.txt	LOCAL_TEST_ONLY
.tmp/p15-final-cert-99381/updates/candidates/upd-20260731071543-396e999f/runtime/license_guard_identity.json	LOCAL_TEST_ONLY
.tmp/p15-final-cert-99381/updates/candidates/upd-20260731071543-396e999f/runtime/license_guard_proof.json	LOCAL_TEST_ONLY
.tmp/p15-final-cert-99381/updates/candidates/upd-20260731071543-396e999f/runtime/license_guard_rejection_probes.json	LOCAL_TEST_ONLY
.tmp/p15-final-cert-99381/updates/candidates/upd-20260731071543-396e999f/runtime/license_id.txt	LOCAL_TEST_ONLY
.tmp/p15-final-cert-99381/updates/candidates/upd-20260731071543-396e999f/runtime/modules_updated.txt	LOCAL_TEST_ONLY
.tmp/p15-final-cert-99381/updates/candidates/upd-20260731071543-396e999f/runtime/neutralization.env	LOCAL_TEST_ONLY
.tmp/p15-final-cert-99381/updates/candidates/upd-20260731071543-396e999f/runtime/production_tenant_id.txt	LOCAL_TEST_ONLY
.tmp/p15-final-cert-99381/updates/candidates/upd-20260731071543-396e999f/runtime/running_digest.txt	LOCAL_TEST_ONLY
.tmp/p15-final-cert-99381/updates/candidates/upd-20260731071543-396e999f/runtime/schema_result.txt	LOCAL_TEST_ONLY
.tmp/p15-final-cert-99381/updates/candidates/upd-20260731071543-396e999f/runtime/soviez.conf	LOCAL_TEST_ONLY
.tmp/p15-final-cert-99381/updates/image_cleanup/operations/imgclean-upd-20260731071520-e6e43a0b/state.json	LOCAL_TEST_ONLY
.tmp/p15-final-cert-99381/updates/image_cleanup/operations/imgclean-upd-20260731071543-396e999f/state.json	LOCAL_TEST_ONLY
.tmp/p15-final-cert-99381/updates/operations/upd-20260731071520-e6e43a0b/artifact/credential_cleanup.txt	LOCAL_TEST_ONLY
.tmp/p15-final-cert-99381/updates/operations/upd-20260731071520-e6e43a0b/artifact/digest.txt	LOCAL_TEST_ONLY
.tmp/p15-final-cert-99381/updates/operations/upd-20260731071520-e6e43a0b/artifact/pull.meta	LOCAL_TEST_ONLY
.tmp/p15-final-cert-99381/updates/operations/upd-20260731071520-e6e43a0b/preflight.json	LOCAL_TEST_ONLY
.tmp/p15-final-cert-99381/updates/operations/upd-20260731071520-e6e43a0b/production.json	LOCAL_TEST_ONLY
.tmp/p15-final-cert-99381/updates/operations/upd-20260731071520-e6e43a0b/release.json	LOCAL_TEST_ONLY
.tmp/p15-final-cert-99381/updates/operations/upd-20260731071520-e6e43a0b/state.json	LOCAL_TEST_ONLY
.tmp/p15-final-cert-99381/updates/operations/upd-20260731071520-e6e43a0b/switch.json	LOCAL_TEST_ONLY
.tmp/p15-final-cert-99381/updates/operations/upd-20260731071520-e6e43a0b/target_digest.txt	LOCAL_TEST_ONLY
.tmp/p15-final-cert-99381/updates/operations/upd-20260731071520-e6e43a0b/upgrade.log	LOCAL_TEST_ONLY
.tmp/p15-final-cert-99381/updates/operations/upd-20260731071520-e6e43a0b/upgrade_result.json	LOCAL_TEST_ONLY
.tmp/p15-final-cert-99381/updates/operations/upd-20260731071520-e6e43a0b/validation.json	LOCAL_TEST_ONLY
.tmp/p15-final-cert-99381/updates/operations/upd-20260731071543-396e999f/artifact/digest.txt	LOCAL_TEST_ONLY
.tmp/p15-final-cert-99381/updates/operations/upd-20260731071543-396e999f/artifact/pull.meta	LOCAL_TEST_ONLY
.tmp/p15-final-cert-99381/updates/operations/upd-20260731071543-396e999f/preflight.json	LOCAL_TEST_ONLY
.tmp/p15-final-cert-99381/updates/operations/upd-20260731071543-396e999f/production.json	LOCAL_TEST_ONLY
.tmp/p15-final-cert-99381/updates/operations/upd-20260731071543-396e999f/release.json	LOCAL_TEST_ONLY
.tmp/p15-final-cert-99381/updates/operations/upd-20260731071543-396e999f/state.json	LOCAL_TEST_ONLY
.tmp/p15-final-cert-99381/updates/operations/upd-20260731071543-396e999f/switch.json	LOCAL_TEST_ONLY
.tmp/p15-final-cert-99381/updates/operations/upd-20260731071543-396e999f/target_digest.txt	LOCAL_TEST_ONLY
.tmp/p15-final-cert-99381/updates/operations/upd-20260731071543-396e999f/upgrade.log	LOCAL_TEST_ONLY
.tmp/p15-final-cert-99381/updates/operations/upd-20260731071543-396e999f/upgrade_result.json	LOCAL_TEST_ONLY
.tmp/p15-final-cert-99381/updates/operations/upd-20260731071543-396e999f/validation.json	LOCAL_TEST_ONLY
.tmp/p15-probe/runtime/soviez.conf	LOCAL_TEST_ONLY
.tmp/p16-fixtures/sftp/Dockerfile	LOCAL_TEST_ONLY
.tmp/p16-fixtures/sftp/id_ed25519.pub	LOCAL_TEST_ONLY
.tmp/p16-fixtures/sftp/keys/id_ed25519	LOCAL_TEST_ONLY
.tmp/p16-fixtures/sftp/keys/id_ed25519.pub	LOCAL_TEST_ONLY
.tmp/p16-fixtures/sftp/known_hosts	LOCAL_TEST_ONLY
.tmp/p16-prod-restore-25566/backups/data/.soviez-backup-destination	LOCAL_TEST_ONLY
.tmp/p16-prod-restore-25566/backups/data/prod-restore-real/bk-20260801T143303Z-adbec51b08fe/checksums.txt	LOCAL_TEST_ONLY
.tmp/p16-prod-restore-25566/backups/data/prod-restore-real/bk-20260801T143303Z-adbec51b08fe/db.dump.enc	LOCAL_TEST_ONLY
.tmp/p16-prod-restore-25566/backups/data/prod-restore-real/bk-20260801T143303Z-adbec51b08fe/filestore.tar.zst.enc	LOCAL_TEST_ONLY
.tmp/p16-prod-restore-25566/backups/data/prod-restore-real/bk-20260801T143303Z-adbec51b08fe/manifest.json	LOCAL_TEST_ONLY
.tmp/p16-prod-restore-25566/backups/destinations/local-primary.json	LOCAL_TEST_ONLY
.tmp/p16-prod-restore-25566/backups/operations/bkop-20260801173303-bed90ebe/production.json	LOCAL_TEST_ONLY
.tmp/p16-prod-restore-25566/backups/operations/bkop-20260801173303-bed90ebe/state.json	LOCAL_TEST_ONLY
.tmp/p16-prod-restore-25566/backups/secrets/manifest.key	SECRET_OR_SENSITIVE
.tmp/p16-prod-restore-25566/backups/staging/bkop-20260801173303-bed90ebe/checksums.txt	LOCAL_TEST_ONLY
.tmp/p16-prod-restore-25566/backups/staging/bkop-20260801173303-bed90ebe/db.dump	LOCAL_TEST_ONLY
.tmp/p16-prod-restore-25566/backups/staging/bkop-20260801173303-bed90ebe/filestore.tar.zst	LOCAL_TEST_ONLY
.tmp/p16-prod-restore-25566/backups/staging/bkop-20260801173303-bed90ebe/final/checksums.txt	LOCAL_TEST_ONLY
.tmp/p16-prod-restore-25566/backups/staging/bkop-20260801173303-bed90ebe/final/db.dump.enc	LOCAL_TEST_ONLY
.tmp/p16-prod-restore-25566/backups/staging/bkop-20260801173303-bed90ebe/final/filestore.tar.zst.enc	LOCAL_TEST_ONLY
.tmp/p16-prod-restore-25566/backups/staging/bkop-20260801173303-bed90ebe/final/manifest.json	LOCAL_TEST_ONLY
.tmp/p16-prod-restore-25566/backups/staging/bkop-20260801173303-bed90ebe/manifest.json	LOCAL_TEST_ONLY
.tmp/p16-prod-restore-25566/backups/staging/quiesce-prod-restore-real.marker	LOCAL_TEST_ONLY
.tmp/p16-prod-restore-25566/ops/operations/bkop-20260801173303-bed90ebe/canonical.json	LOCAL_TEST_ONLY
.tmp/p16-prod-restore-25566/ops/operations/bkop-20260801173303-bed90ebe/events.jsonl	LOCAL_TEST_ONLY
.tmp/p16-prod-restore-25566/ops/registry/index/bkop-20260801173303-bed90ebe.json	LOCAL_TEST_ONLY
.tmp/p16-prod-restore-25566/ops/registry/locks/bkop-20260801173303-bed90ebe/owner.json	LOCAL_TEST_ONLY
.tmp/p16-prod-restore-25566/tenant/prod-restore-real/db/marker	LOCAL_TEST_ONLY
.tmp/p16-prod-restore-25566/tenant/prod-restore-real/filestore/a	LOCAL_TEST_ONLY
.tmp/p16-prod-restore-25566/tenant/prod-restore-real/identity.json	LOCAL_TEST_ONLY
.tmp/p16-prod-restore-31319/backups/data/.soviez-backup-destination	LOCAL_TEST_ONLY
.tmp/p16-prod-restore-31319/backups/data/prod-restore-real/bk-20260801T143402Z-b627bb752110/backup.json	LOCAL_TEST_ONLY
.tmp/p16-prod-restore-31319/backups/data/prod-restore-real/bk-20260801T143402Z-b627bb752110/checksums.txt	LOCAL_TEST_ONLY
.tmp/p16-prod-restore-31319/backups/data/prod-restore-real/bk-20260801T143402Z-b627bb752110/db.dump.enc	LOCAL_TEST_ONLY
.tmp/p16-prod-restore-31319/backups/data/prod-restore-real/bk-20260801T143402Z-b627bb752110/filestore.tar.zst.enc	LOCAL_TEST_ONLY
.tmp/p16-prod-restore-31319/backups/data/prod-restore-real/bk-20260801T143402Z-b627bb752110/manifest.json	LOCAL_TEST_ONLY
.tmp/p16-prod-restore-31319/backups/destinations/local-primary.json	LOCAL_TEST_ONLY
.tmp/p16-prod-restore-31319/backups/inventory/index.json	LOCAL_TEST_ONLY
.tmp/p16-prod-restore-31319/backups/operations/bkop-20260801173402-39453958/production.json	LOCAL_TEST_ONLY
.tmp/p16-prod-restore-31319/backups/operations/bkop-20260801173402-39453958/retention_class.json	LOCAL_TEST_ONLY
.tmp/p16-prod-restore-31319/backups/operations/bkop-20260801173402-39453958/state.json	LOCAL_TEST_ONLY
.tmp/p16-prod-restore-31319/backups/restore-operations/rst-20260801173409-231d25ea/backup.json	LOCAL_TEST_ONLY
.tmp/p16-prod-restore-31319/backups/restore-operations/rst-20260801173409-231d25ea/preserve/config/production_identity.json	LOCAL_TEST_ONLY
.tmp/p16-prod-restore-31319/backups/restore-operations/rst-20260801173409-231d25ea/preserve/db/marker	LOCAL_TEST_ONLY
.tmp/p16-prod-restore-31319/backups/restore-operations/rst-20260801173409-231d25ea/preserve/filestore/a	LOCAL_TEST_ONLY
.tmp/p16-prod-restore-31319/backups/restore-operations/rst-20260801173409-231d25ea/preserve/rollback_manifest.json	LOCAL_TEST_ONLY
.tmp/p16-prod-restore-31319/backups/restore-operations/rst-20260801173409-231d25ea/production.json	LOCAL_TEST_ONLY
.tmp/p16-prod-restore-31319/backups/restore-operations/rst-20260801173409-231d25ea/state.json	LOCAL_TEST_ONLY
.tmp/p16-prod-restore-31319/backups/secrets/manifest.key	SECRET_OR_SENSITIVE
.tmp/p16-prod-restore-31319/backups/staging/quiesce-prod-restore-real.marker	LOCAL_TEST_ONLY
.tmp/p16-prod-restore-31319/before_restore_marker.txt	LOCAL_TEST_ONLY
.tmp/p16-prod-restore-31319/ops/operations/bkop-20260801173402-39453958/canonical.json	LOCAL_TEST_ONLY
.tmp/p16-prod-restore-31319/ops/operations/bkop-20260801173402-39453958/events.jsonl	LOCAL_TEST_ONLY
.tmp/p16-prod-restore-31319/ops/operations/rst-20260801173409-231d25ea/canonical.json	LOCAL_TEST_ONLY
.tmp/p16-prod-restore-31319/ops/operations/rst-20260801173409-231d25ea/events.jsonl	LOCAL_TEST_ONLY
.tmp/p16-prod-restore-31319/ops/registry/history/bkop-20260801173402-39453958.jsonl	LOCAL_TEST_ONLY
.tmp/p16-prod-restore-31319/ops/registry/history/rst-20260801173409-231d25ea.jsonl	LOCAL_TEST_ONLY
.tmp/p16-prod-restore-31319/ops/registry/index/bkop-20260801173402-39453958.json	LOCAL_TEST_ONLY
.tmp/p16-prod-restore-31319/ops/registry/index/rst-20260801173409-231d25ea.json	LOCAL_TEST_ONLY
.tmp/p16-prod-restore-31319/ops/registry/locks/bkop-20260801173402-39453958/owner.json	LOCAL_TEST_ONLY
.tmp/p16-prod-restore-31319/ops/registry/locks/rst-20260801173409-231d25ea/owner.json	LOCAL_TEST_ONLY
.tmp/p16-prod-restore-31319/tenant/prod-restore-real/current_digest.txt	LOCAL_TEST_ONLY
.tmp/p16-prod-restore-31319/tenant/prod-restore-real/db/db.dump	LOCAL_TEST_ONLY
.tmp/p16-prod-restore-31319/tenant/prod-restore-real/db/marker	LOCAL_TEST_ONLY
.tmp/p16-prod-restore-31319/tenant/prod-restore-real/db/restored.marker	LOCAL_TEST_ONLY
.tmp/p16-prod-restore-31319/tenant/prod-restore-real/filestore/a	LOCAL_TEST_ONLY
.tmp/p16-prod-restore-31319/tenant/prod-restore-real/identity.json	LOCAL_TEST_ONLY
.tmp/p16-prod-restore-31319/tenant/prod-restore-real/restore_switch.marker	LOCAL_TEST_ONLY
.tmp/p16-prod-restore-36854/backups/data/.soviez-backup-destination	LOCAL_TEST_ONLY
.tmp/p16-prod-restore-36854/backups/data/prod-restore-real/bk-20260801T143437Z-a1e7a5ab423c/backup.json	LOCAL_TEST_ONLY
.tmp/p16-prod-restore-36854/backups/data/prod-restore-real/bk-20260801T143437Z-a1e7a5ab423c/checksums.txt	LOCAL_TEST_ONLY
.tmp/p16-prod-restore-36854/backups/data/prod-restore-real/bk-20260801T143437Z-a1e7a5ab423c/db.dump.enc	LOCAL_TEST_ONLY
.tmp/p16-prod-restore-36854/backups/data/prod-restore-real/bk-20260801T143437Z-a1e7a5ab423c/filestore.tar.zst.enc	LOCAL_TEST_ONLY
.tmp/p16-prod-restore-36854/backups/data/prod-restore-real/bk-20260801T143437Z-a1e7a5ab423c/manifest.json	LOCAL_TEST_ONLY
.tmp/p16-prod-restore-36854/backups/destinations/local-primary.json	LOCAL_TEST_ONLY
.tmp/p16-prod-restore-36854/backups/inventory/index.json	LOCAL_TEST_ONLY
.tmp/p16-prod-restore-36854/backups/operations/bkop-20260801173437-2dc23d57/production.json	LOCAL_TEST_ONLY
.tmp/p16-prod-restore-36854/backups/operations/bkop-20260801173437-2dc23d57/retention_class.json	LOCAL_TEST_ONLY
.tmp/p16-prod-restore-36854/backups/operations/bkop-20260801173437-2dc23d57/state.json	LOCAL_TEST_ONLY
.tmp/p16-prod-restore-36854/backups/restore-operations/rst-20260801173444-a79989cc/backup.json	LOCAL_TEST_ONLY
.tmp/p16-prod-restore-36854/backups/restore-operations/rst-20260801173444-a79989cc/preserve/config/production_identity.json	LOCAL_TEST_ONLY
.tmp/p16-prod-restore-36854/backups/restore-operations/rst-20260801173444-a79989cc/preserve/db/marker	LOCAL_TEST_ONLY
.tmp/p16-prod-restore-36854/backups/restore-operations/rst-20260801173444-a79989cc/preserve/filestore/a	LOCAL_TEST_ONLY
.tmp/p16-prod-restore-36854/backups/restore-operations/rst-20260801173444-a79989cc/preserve/rollback_manifest.json	LOCAL_TEST_ONLY
.tmp/p16-prod-restore-36854/backups/restore-operations/rst-20260801173444-a79989cc/production.json	LOCAL_TEST_ONLY
.tmp/p16-prod-restore-36854/backups/restore-operations/rst-20260801173444-a79989cc/state.json	LOCAL_TEST_ONLY
.tmp/p16-prod-restore-36854/backups/secrets/manifest.key	SECRET_OR_SENSITIVE
.tmp/p16-prod-restore-36854/backups/staging/quiesce-prod-restore-real.marker	LOCAL_TEST_ONLY
.tmp/p16-prod-restore-36854/before_restore_marker.txt	LOCAL_TEST_ONLY
.tmp/p16-prod-restore-36854/ops/operations/bkop-20260801173437-2dc23d57/canonical.json	LOCAL_TEST_ONLY
.tmp/p16-prod-restore-36854/ops/operations/bkop-20260801173437-2dc23d57/events.jsonl	LOCAL_TEST_ONLY
.tmp/p16-prod-restore-36854/ops/operations/rst-20260801173444-a79989cc/canonical.json	LOCAL_TEST_ONLY
.tmp/p16-prod-restore-36854/ops/operations/rst-20260801173444-a79989cc/events.jsonl	LOCAL_TEST_ONLY
.tmp/p16-prod-restore-36854/ops/registry/history/bkop-20260801173437-2dc23d57.jsonl	LOCAL_TEST_ONLY
.tmp/p16-prod-restore-36854/ops/registry/history/rst-20260801173444-a79989cc.jsonl	LOCAL_TEST_ONLY
.tmp/p16-prod-restore-36854/ops/registry/index/bkop-20260801173437-2dc23d57.json	LOCAL_TEST_ONLY
.tmp/p16-prod-restore-36854/ops/registry/index/rst-20260801173444-a79989cc.json	LOCAL_TEST_ONLY
.tmp/p16-prod-restore-36854/ops/registry/locks/bkop-20260801173437-2dc23d57/owner.json	LOCAL_TEST_ONLY
.tmp/p16-prod-restore-36854/ops/registry/locks/rst-20260801173444-a79989cc/owner.json	LOCAL_TEST_ONLY
.tmp/p16-prod-restore-36854/tenant/prod-restore-real/current_digest.txt	LOCAL_TEST_ONLY
.tmp/p16-prod-restore-36854/tenant/prod-restore-real/db/db.dump	LOCAL_TEST_ONLY
.tmp/p16-prod-restore-36854/tenant/prod-restore-real/db/marker	LOCAL_TEST_ONLY
.tmp/p16-prod-restore-36854/tenant/prod-restore-real/db/restored.marker	LOCAL_TEST_ONLY
.tmp/p16-prod-restore-36854/tenant/prod-restore-real/filestore/a	LOCAL_TEST_ONLY
.tmp/p16-prod-restore-36854/tenant/prod-restore-real/identity.json	LOCAL_TEST_ONLY
.tmp/p16-prod-restore-36854/tenant/prod-restore-real/restore_switch.marker	LOCAL_TEST_ONLY
.tmp/p16-rtest-real-1303/backups/candidates/rtest-bk-20260801T232428Z-41cf69473fc0/db/db.dump	LOCAL_TEST_ONLY
.tmp/p16-rtest-real-1303/backups/candidates/rtest-bk-20260801T232428Z-41cf69473fc0/filestore.archive	LOCAL_TEST_ONLY
.tmp/p16-rtest-real-1303/backups/candidates/rtest-bk-20260801T232428Z-41cf69473fc0/filestore/att1	LOCAL_TEST_ONLY
.tmp/p16-rtest-real-1303/backups/data/.soviez-backup-destination	LOCAL_TEST_ONLY
.tmp/p16-rtest-real-1303/backups/data/prod-rtest-real/bk-20260801T232428Z-41cf69473fc0/backup.json	LOCAL_TEST_ONLY
.tmp/p16-rtest-real-1303/backups/data/prod-rtest-real/bk-20260801T232428Z-41cf69473fc0/checksums.txt	LOCAL_TEST_ONLY
.tmp/p16-rtest-real-1303/backups/data/prod-rtest-real/bk-20260801T232428Z-41cf69473fc0/db.dump.enc	LOCAL_TEST_ONLY
.tmp/p16-rtest-real-1303/backups/data/prod-rtest-real/bk-20260801T232428Z-41cf69473fc0/filestore.tar.zst.enc	LOCAL_TEST_ONLY
.tmp/p16-rtest-real-1303/backups/data/prod-rtest-real/bk-20260801T232428Z-41cf69473fc0/manifest.json	LOCAL_TEST_ONLY
.tmp/p16-rtest-real-1303/backups/destinations/local-primary.json	LOCAL_TEST_ONLY
.tmp/p16-rtest-real-1303/backups/inventory/index.json	LOCAL_TEST_ONLY
.tmp/p16-rtest-real-1303/backups/operations/bkop-20260802022428-ffab0324/production.json	LOCAL_TEST_ONLY
.tmp/p16-rtest-real-1303/backups/operations/bkop-20260802022428-ffab0324/retention_class.json	LOCAL_TEST_ONLY
.tmp/p16-rtest-real-1303/backups/operations/bkop-20260802022428-ffab0324/state.json	LOCAL_TEST_ONLY
.tmp/p16-rtest-real-1303/backups/secrets/manifest.key	SECRET_OR_SENSITIVE
.tmp/p16-rtest-real-1303/backups/staging/quiesce-prod-rtest-real.marker	LOCAL_TEST_ONLY
.tmp/p16-rtest-real-1303/ops/operations/bkop-20260802022428-ffab0324/canonical.json	LOCAL_TEST_ONLY
.tmp/p16-rtest-real-1303/ops/operations/bkop-20260802022428-ffab0324/events.jsonl	LOCAL_TEST_ONLY
.tmp/p16-rtest-real-1303/ops/registry/history/bkop-20260802022428-ffab0324.jsonl	LOCAL_TEST_ONLY
.tmp/p16-rtest-real-1303/ops/registry/index/bkop-20260802022428-ffab0324.json	LOCAL_TEST_ONLY
.tmp/p16-rtest-real-1303/ops/registry/locks/bkop-20260802022428-ffab0324/owner.json	LOCAL_TEST_ONLY
.tmp/p16-rtest-real-1303/tenant/prod-rtest-real/db/marker	LOCAL_TEST_ONLY
.tmp/p16-rtest-real-1303/tenant/prod-rtest-real/filestore/att1	LOCAL_TEST_ONLY
.tmp/p16-rtest-real-1303/tenant/prod-rtest-real/identity.json	LOCAL_TEST_ONLY
.tmp/p16-rtest-real-23936/backups/data/.soviez-backup-destination	LOCAL_TEST_ONLY
.tmp/p16-rtest-real-23936/backups/data/prod-rtest-real/bk-20260801T143257Z-7cb1caebca79/checksums.txt	LOCAL_TEST_ONLY
.tmp/p16-rtest-real-23936/backups/data/prod-rtest-real/bk-20260801T143257Z-7cb1caebca79/db.dump.enc	LOCAL_TEST_ONLY
.tmp/p16-rtest-real-23936/backups/data/prod-rtest-real/bk-20260801T143257Z-7cb1caebca79/filestore.tar.zst.enc	LOCAL_TEST_ONLY
.tmp/p16-rtest-real-23936/backups/data/prod-rtest-real/bk-20260801T143257Z-7cb1caebca79/manifest.json	LOCAL_TEST_ONLY
.tmp/p16-rtest-real-23936/backups/destinations/local-primary.json	LOCAL_TEST_ONLY
.tmp/p16-rtest-real-23936/backups/operations/bkop-20260801173257-2853fe4f/production.json	LOCAL_TEST_ONLY
.tmp/p16-rtest-real-23936/backups/operations/bkop-20260801173257-2853fe4f/state.json	LOCAL_TEST_ONLY
.tmp/p16-rtest-real-23936/backups/secrets/manifest.key	SECRET_OR_SENSITIVE
.tmp/p16-rtest-real-23936/backups/staging/bkop-20260801173257-2853fe4f/checksums.txt	LOCAL_TEST_ONLY
.tmp/p16-rtest-real-23936/backups/staging/bkop-20260801173257-2853fe4f/db.dump	LOCAL_TEST_ONLY
.tmp/p16-rtest-real-23936/backups/staging/bkop-20260801173257-2853fe4f/filestore.tar.zst	LOCAL_TEST_ONLY
.tmp/p16-rtest-real-23936/backups/staging/bkop-20260801173257-2853fe4f/final/checksums.txt	LOCAL_TEST_ONLY
.tmp/p16-rtest-real-23936/backups/staging/bkop-20260801173257-2853fe4f/final/db.dump.enc	LOCAL_TEST_ONLY
.tmp/p16-rtest-real-23936/backups/staging/bkop-20260801173257-2853fe4f/final/filestore.tar.zst.enc	LOCAL_TEST_ONLY
.tmp/p16-rtest-real-23936/backups/staging/bkop-20260801173257-2853fe4f/final/manifest.json	LOCAL_TEST_ONLY
.tmp/p16-rtest-real-23936/backups/staging/bkop-20260801173257-2853fe4f/manifest.json	LOCAL_TEST_ONLY
.tmp/p16-rtest-real-23936/backups/staging/quiesce-prod-rtest-real.marker	LOCAL_TEST_ONLY
.tmp/p16-rtest-real-23936/ops/operations/bkop-20260801173257-2853fe4f/canonical.json	LOCAL_TEST_ONLY
.tmp/p16-rtest-real-23936/ops/operations/bkop-20260801173257-2853fe4f/events.jsonl	LOCAL_TEST_ONLY
.tmp/p16-rtest-real-23936/ops/registry/index/bkop-20260801173257-2853fe4f.json	LOCAL_TEST_ONLY
.tmp/p16-rtest-real-23936/ops/registry/locks/bkop-20260801173257-2853fe4f/owner.json	LOCAL_TEST_ONLY
.tmp/p16-rtest-real-23936/tenant/prod-rtest-real/db/marker	LOCAL_TEST_ONLY
.tmp/p16-rtest-real-23936/tenant/prod-rtest-real/filestore/att1	LOCAL_TEST_ONLY
.tmp/p16-rtest-real-23936/tenant/prod-rtest-real/identity.json	LOCAL_TEST_ONLY
.tmp/p16-rtest-real-27486/backups/data/.soviez-backup-destination	LOCAL_TEST_ONLY
.tmp/p16-rtest-real-27486/backups/data/prod-rtest-real/bk-20260801T143317Z-cace861b4009/checksums.txt	LOCAL_TEST_ONLY
.tmp/p16-rtest-real-27486/backups/data/prod-rtest-real/bk-20260801T143317Z-cace861b4009/db.dump.enc	LOCAL_TEST_ONLY
.tmp/p16-rtest-real-27486/backups/data/prod-rtest-real/bk-20260801T143317Z-cace861b4009/filestore.tar.zst.enc	LOCAL_TEST_ONLY
.tmp/p16-rtest-real-27486/backups/data/prod-rtest-real/bk-20260801T143317Z-cace861b4009/manifest.json	LOCAL_TEST_ONLY
.tmp/p16-rtest-real-27486/backups/destinations/local-primary.json	LOCAL_TEST_ONLY
.tmp/p16-rtest-real-27486/backups/operations/bkop-20260801173317-c2da1cd5/production.json	LOCAL_TEST_ONLY
.tmp/p16-rtest-real-27486/backups/operations/bkop-20260801173317-c2da1cd5/state.json	LOCAL_TEST_ONLY
.tmp/p16-rtest-real-27486/backups/secrets/manifest.key	SECRET_OR_SENSITIVE
.tmp/p16-rtest-real-27486/backups/staging/bkop-20260801173317-c2da1cd5/checksums.txt	LOCAL_TEST_ONLY
.tmp/p16-rtest-real-27486/backups/staging/bkop-20260801173317-c2da1cd5/db.dump	LOCAL_TEST_ONLY
.tmp/p16-rtest-real-27486/backups/staging/bkop-20260801173317-c2da1cd5/filestore.tar.zst	LOCAL_TEST_ONLY
.tmp/p16-rtest-real-27486/backups/staging/bkop-20260801173317-c2da1cd5/final/checksums.txt	LOCAL_TEST_ONLY
.tmp/p16-rtest-real-27486/backups/staging/bkop-20260801173317-c2da1cd5/final/db.dump.enc	LOCAL_TEST_ONLY
.tmp/p16-rtest-real-27486/backups/staging/bkop-20260801173317-c2da1cd5/final/filestore.tar.zst.enc	LOCAL_TEST_ONLY
.tmp/p16-rtest-real-27486/backups/staging/bkop-20260801173317-c2da1cd5/final/manifest.json	LOCAL_TEST_ONLY
.tmp/p16-rtest-real-27486/backups/staging/bkop-20260801173317-c2da1cd5/manifest.json	LOCAL_TEST_ONLY
.tmp/p16-rtest-real-27486/backups/staging/quiesce-prod-rtest-real.marker	LOCAL_TEST_ONLY
.tmp/p16-rtest-real-27486/ops/operations/bkop-20260801173317-c2da1cd5/canonical.json	LOCAL_TEST_ONLY
.tmp/p16-rtest-real-27486/ops/operations/bkop-20260801173317-c2da1cd5/events.jsonl	LOCAL_TEST_ONLY
.tmp/p16-rtest-real-27486/ops/registry/index/bkop-20260801173317-c2da1cd5.json	LOCAL_TEST_ONLY
.tmp/p16-rtest-real-27486/ops/registry/locks/bkop-20260801173317-c2da1cd5/owner.json	LOCAL_TEST_ONLY
.tmp/p16-rtest-real-27486/tenant/prod-rtest-real/db/marker	LOCAL_TEST_ONLY
.tmp/p16-rtest-real-27486/tenant/prod-rtest-real/filestore/att1	LOCAL_TEST_ONLY
.tmp/p16-rtest-real-27486/tenant/prod-rtest-real/identity.json	LOCAL_TEST_ONLY
.tmp/p16-rtest-real-29162/backups/data/.soviez-backup-destination	LOCAL_TEST_ONLY
.tmp/p16-rtest-real-29162/backups/data/prod-rtest-real/bk-20260801T143331Z-3a9f96ef3e0e/checksums.txt	LOCAL_TEST_ONLY
.tmp/p16-rtest-real-29162/backups/data/prod-rtest-real/bk-20260801T143331Z-3a9f96ef3e0e/db.dump.enc	LOCAL_TEST_ONLY
.tmp/p16-rtest-real-29162/backups/data/prod-rtest-real/bk-20260801T143331Z-3a9f96ef3e0e/filestore.tar.zst.enc	LOCAL_TEST_ONLY
.tmp/p16-rtest-real-29162/backups/data/prod-rtest-real/bk-20260801T143331Z-3a9f96ef3e0e/manifest.json	LOCAL_TEST_ONLY
.tmp/p16-rtest-real-29162/backups/destinations/local-primary.json	LOCAL_TEST_ONLY
.tmp/p16-rtest-real-29162/backups/operations/bkop-20260801173331-8be8533c/production.json	LOCAL_TEST_ONLY
.tmp/p16-rtest-real-29162/backups/operations/bkop-20260801173331-8be8533c/state.json	LOCAL_TEST_ONLY
.tmp/p16-rtest-real-29162/backups/secrets/manifest.key	SECRET_OR_SENSITIVE
.tmp/p16-rtest-real-29162/backups/staging/bkop-20260801173331-8be8533c/checksums.txt	LOCAL_TEST_ONLY
.tmp/p16-rtest-real-29162/backups/staging/bkop-20260801173331-8be8533c/db.dump	LOCAL_TEST_ONLY
.tmp/p16-rtest-real-29162/backups/staging/bkop-20260801173331-8be8533c/filestore.tar.zst	LOCAL_TEST_ONLY
.tmp/p16-rtest-real-29162/backups/staging/bkop-20260801173331-8be8533c/final/checksums.txt	LOCAL_TEST_ONLY
.tmp/p16-rtest-real-29162/backups/staging/bkop-20260801173331-8be8533c/final/db.dump.enc	LOCAL_TEST_ONLY
.tmp/p16-rtest-real-29162/backups/staging/bkop-20260801173331-8be8533c/final/filestore.tar.zst.enc	LOCAL_TEST_ONLY
.tmp/p16-rtest-real-29162/backups/staging/bkop-20260801173331-8be8533c/final/manifest.json	LOCAL_TEST_ONLY
.tmp/p16-rtest-real-29162/backups/staging/bkop-20260801173331-8be8533c/manifest.json	LOCAL_TEST_ONLY
.tmp/p16-rtest-real-29162/backups/staging/quiesce-prod-rtest-real.marker	LOCAL_TEST_ONLY
.tmp/p16-rtest-real-29162/ops/operations/bkop-20260801173331-8be8533c/canonical.json	LOCAL_TEST_ONLY
.tmp/p16-rtest-real-29162/ops/operations/bkop-20260801173331-8be8533c/events.jsonl	LOCAL_TEST_ONLY
.tmp/p16-rtest-real-29162/ops/registry/index/bkop-20260801173331-8be8533c.json	LOCAL_TEST_ONLY
.tmp/p16-rtest-real-29162/ops/registry/locks/bkop-20260801173331-8be8533c/owner.json	LOCAL_TEST_ONLY
.tmp/p16-rtest-real-29162/tenant/prod-rtest-real/db/marker	LOCAL_TEST_ONLY
.tmp/p16-rtest-real-29162/tenant/prod-rtest-real/filestore/att1	LOCAL_TEST_ONLY
.tmp/p16-rtest-real-29162/tenant/prod-rtest-real/identity.json	LOCAL_TEST_ONLY
.tmp/p16-rtest-real-33329/backups/candidates/rtest-bk-20260805T010958Z-d583f2c17be9/db/db.dump	LOCAL_TEST_ONLY
.tmp/p16-rtest-real-33329/backups/candidates/rtest-bk-20260805T010958Z-d583f2c17be9/filestore.archive	LOCAL_TEST_ONLY
.tmp/p16-rtest-real-33329/backups/candidates/rtest-bk-20260805T010958Z-d583f2c17be9/filestore/att1	LOCAL_TEST_ONLY
.tmp/p16-rtest-real-33329/backups/data/.soviez-backup-destination	LOCAL_TEST_ONLY
.tmp/p16-rtest-real-33329/backups/data/prod-rtest-real/bk-20260805T010958Z-d583f2c17be9/backup.json	LOCAL_TEST_ONLY
.tmp/p16-rtest-real-33329/backups/data/prod-rtest-real/bk-20260805T010958Z-d583f2c17be9/checksums.txt	LOCAL_TEST_ONLY
.tmp/p16-rtest-real-33329/backups/data/prod-rtest-real/bk-20260805T010958Z-d583f2c17be9/db.dump.enc	LOCAL_TEST_ONLY
.tmp/p16-rtest-real-33329/backups/data/prod-rtest-real/bk-20260805T010958Z-d583f2c17be9/filestore.tar.zst.enc	LOCAL_TEST_ONLY
.tmp/p16-rtest-real-33329/backups/data/prod-rtest-real/bk-20260805T010958Z-d583f2c17be9/manifest.json	LOCAL_TEST_ONLY
.tmp/p16-rtest-real-33329/backups/destinations/local-primary.json	LOCAL_TEST_ONLY
.tmp/p16-rtest-real-33329/backups/inventory/index.json	LOCAL_TEST_ONLY
.tmp/p16-rtest-real-33329/backups/operations/bkop-20260805040958-3313497c/production.json	LOCAL_TEST_ONLY
.tmp/p16-rtest-real-33329/backups/operations/bkop-20260805040958-3313497c/retention_class.json	LOCAL_TEST_ONLY
.tmp/p16-rtest-real-33329/backups/operations/bkop-20260805040958-3313497c/state.json	LOCAL_TEST_ONLY
.tmp/p16-rtest-real-33329/backups/secrets/manifest.key	SECRET_OR_SENSITIVE
.tmp/p16-rtest-real-33329/backups/staging/quiesce-prod-rtest-real.marker	LOCAL_TEST_ONLY
.tmp/p16-rtest-real-33329/ops/operations/bkop-20260805040958-3313497c/canonical.json	LOCAL_TEST_ONLY
.tmp/p16-rtest-real-33329/ops/operations/bkop-20260805040958-3313497c/events.jsonl	LOCAL_TEST_ONLY
.tmp/p16-rtest-real-33329/ops/registry/history/bkop-20260805040958-3313497c.jsonl	LOCAL_TEST_ONLY
.tmp/p16-rtest-real-33329/ops/registry/index/bkop-20260805040958-3313497c.json	LOCAL_TEST_ONLY
.tmp/p16-rtest-real-33329/ops/registry/locks/bkop-20260805040958-3313497c/owner.json	LOCAL_TEST_ONLY
.tmp/p16-rtest-real-33329/tenant/prod-rtest-real/db/marker	LOCAL_TEST_ONLY
.tmp/p16-rtest-real-33329/tenant/prod-rtest-real/filestore/att1	LOCAL_TEST_ONLY
.tmp/p16-rtest-real-33329/tenant/prod-rtest-real/identity.json	LOCAL_TEST_ONLY
.tmp/p16-rtest-real-41756/backups/candidates/rtest-bk-20260801T143532Z-5aa335d8e64b/db/db.dump	LOCAL_TEST_ONLY
.tmp/p16-rtest-real-41756/backups/candidates/rtest-bk-20260801T143532Z-5aa335d8e64b/filestore.archive	LOCAL_TEST_ONLY
.tmp/p16-rtest-real-41756/backups/candidates/rtest-bk-20260801T143532Z-5aa335d8e64b/filestore/att1	LOCAL_TEST_ONLY
.tmp/p16-rtest-real-41756/backups/candidates/rtest-bk-20260801T143532Z-5aa335d8e64b/runtime/aggregate_check.txt	LOCAL_TEST_ONLY
.tmp/p16-rtest-real-41756/backups/candidates/rtest-bk-20260801T143532Z-5aa335d8e64b/runtime/http_validation.json	LOCAL_TEST_ONLY
.tmp/p16-rtest-real-41756/backups/candidates/rtest-bk-20260801T143532Z-5aa335d8e64b/runtime/identity.txt	LOCAL_TEST_ONLY
.tmp/p16-rtest-real-41756/backups/candidates/rtest-bk-20260801T143532Z-5aa335d8e64b/runtime/license_guard.txt	LOCAL_TEST_ONLY
.tmp/p16-rtest-real-41756/backups/candidates/rtest-bk-20260801T143532Z-5aa335d8e64b/runtime/module_init.log	LOCAL_TEST_ONLY
.tmp/p16-rtest-real-41756/backups/candidates/rtest-bk-20260801T143532Z-5aa335d8e64b/runtime/modules_ok.txt	LOCAL_TEST_ONLY
.tmp/p16-rtest-real-41756/backups/candidates/rtest-bk-20260801T143532Z-5aa335d8e64b/runtime/pg_restore.err	LOCAL_TEST_ONLY
.tmp/p16-rtest-real-41756/backups/candidates/rtest-bk-20260801T143532Z-5aa335d8e64b/runtime/pg_restore_fixture.txt	LOCAL_TEST_ONLY
.tmp/p16-rtest-real-41756/backups/candidates/rtest-bk-20260801T143532Z-5aa335d8e64b/runtime/soviez.conf	LOCAL_TEST_ONLY
.tmp/p16-rtest-real-41756/backups/candidates/rtest-bk-20260801T143551Z-becbecad6c01/db/db.dump	LOCAL_TEST_ONLY
.tmp/p16-rtest-real-41756/backups/candidates/rtest-bk-20260801T143607Z-0806ede0a721/db/db.dump	LOCAL_TEST_ONLY
.tmp/p16-rtest-real-41756/backups/candidates/rtest-bk-20260801T143613Z-30968848fde5/db/db.dump	LOCAL_TEST_ONLY
.tmp/p16-rtest-real-41756/backups/candidates/rtest-bk-20260801T143613Z-30968848fde5/filestore.archive	LOCAL_TEST_ONLY
.tmp/p16-rtest-real-41756/backups/data/.soviez-backup-destination	LOCAL_TEST_ONLY
.tmp/p16-rtest-real-41756/backups/data/prod-rtest-real/bk-20260801T143454Z-92c5443a87e0/backup.json	LOCAL_TEST_ONLY
.tmp/p16-rtest-real-41756/backups/data/prod-rtest-real/bk-20260801T143454Z-92c5443a87e0/checksums.txt	LOCAL_TEST_ONLY
.tmp/p16-rtest-real-41756/backups/data/prod-rtest-real/bk-20260801T143454Z-92c5443a87e0/db.dump.enc	LOCAL_TEST_ONLY
.tmp/p16-rtest-real-41756/backups/data/prod-rtest-real/bk-20260801T143454Z-92c5443a87e0/filestore.tar.zst.enc	LOCAL_TEST_ONLY
.tmp/p16-rtest-real-41756/backups/data/prod-rtest-real/bk-20260801T143454Z-92c5443a87e0/manifest.json	LOCAL_TEST_ONLY
.tmp/p16-rtest-real-41756/backups/data/prod-rtest-real/bk-20260801T143532Z-5aa335d8e64b/backup.json	LOCAL_TEST_ONLY
.tmp/p16-rtest-real-41756/backups/data/prod-rtest-real/bk-20260801T143532Z-5aa335d8e64b/checksums.txt	LOCAL_TEST_ONLY
.tmp/p16-rtest-real-41756/backups/data/prod-rtest-real/bk-20260801T143532Z-5aa335d8e64b/db.dump.enc	LOCAL_TEST_ONLY
.tmp/p16-rtest-real-41756/backups/data/prod-rtest-real/bk-20260801T143532Z-5aa335d8e64b/filestore.tar.zst.enc	LOCAL_TEST_ONLY
.tmp/p16-rtest-real-41756/backups/data/prod-rtest-real/bk-20260801T143532Z-5aa335d8e64b/manifest.json	LOCAL_TEST_ONLY
.tmp/p16-rtest-real-41756/backups/data/prod-rtest-real/bk-20260801T143551Z-becbecad6c01/backup.json	LOCAL_TEST_ONLY
.tmp/p16-rtest-real-41756/backups/data/prod-rtest-real/bk-20260801T143551Z-becbecad6c01/checksums.txt	LOCAL_TEST_ONLY
.tmp/p16-rtest-real-41756/backups/data/prod-rtest-real/bk-20260801T143551Z-becbecad6c01/db.dump.enc	LOCAL_TEST_ONLY
.tmp/p16-rtest-real-41756/backups/data/prod-rtest-real/bk-20260801T143551Z-becbecad6c01/filestore.tar.zst.enc	LOCAL_TEST_ONLY
.tmp/p16-rtest-real-41756/backups/data/prod-rtest-real/bk-20260801T143551Z-becbecad6c01/manifest.json	LOCAL_TEST_ONLY
.tmp/p16-rtest-real-41756/backups/data/prod-rtest-real/bk-20260801T143600Z-5fe1d5a9be5f/backup.json	LOCAL_TEST_ONLY
.tmp/p16-rtest-real-41756/backups/data/prod-rtest-real/bk-20260801T143600Z-5fe1d5a9be5f/checksums.txt	LOCAL_TEST_ONLY
.tmp/p16-rtest-real-41756/backups/data/prod-rtest-real/bk-20260801T143600Z-5fe1d5a9be5f/db.dump.enc	LOCAL_TEST_ONLY
.tmp/p16-rtest-real-41756/backups/data/prod-rtest-real/bk-20260801T143600Z-5fe1d5a9be5f/filestore.tar.zst.enc	LOCAL_TEST_ONLY
.tmp/p16-rtest-real-41756/backups/data/prod-rtest-real/bk-20260801T143600Z-5fe1d5a9be5f/manifest.json	LOCAL_TEST_ONLY
.tmp/p16-rtest-real-41756/backups/data/prod-rtest-real/bk-20260801T143607Z-0806ede0a721/backup.json	LOCAL_TEST_ONLY
.tmp/p16-rtest-real-41756/backups/data/prod-rtest-real/bk-20260801T143607Z-0806ede0a721/checksums.txt	LOCAL_TEST_ONLY
.tmp/p16-rtest-real-41756/backups/data/prod-rtest-real/bk-20260801T143607Z-0806ede0a721/db.dump.enc	LOCAL_TEST_ONLY
.tmp/p16-rtest-real-41756/backups/data/prod-rtest-real/bk-20260801T143607Z-0806ede0a721/filestore.tar.zst.enc	LOCAL_TEST_ONLY
.tmp/p16-rtest-real-41756/backups/data/prod-rtest-real/bk-20260801T143607Z-0806ede0a721/manifest.json	LOCAL_TEST_ONLY
.tmp/p16-rtest-real-41756/backups/data/prod-rtest-real/bk-20260801T143613Z-30968848fde5/backup.json	LOCAL_TEST_ONLY
.tmp/p16-rtest-real-41756/backups/data/prod-rtest-real/bk-20260801T143613Z-30968848fde5/checksums.txt	LOCAL_TEST_ONLY
.tmp/p16-rtest-real-41756/backups/data/prod-rtest-real/bk-20260801T143613Z-30968848fde5/db.dump.enc	LOCAL_TEST_ONLY
.tmp/p16-rtest-real-41756/backups/data/prod-rtest-real/bk-20260801T143613Z-30968848fde5/filestore.tar.zst.enc	LOCAL_TEST_ONLY
.tmp/p16-rtest-real-41756/backups/data/prod-rtest-real/bk-20260801T143613Z-30968848fde5/manifest.json	LOCAL_TEST_ONLY
.tmp/p16-rtest-real-41756/backups/data/prod-rtest-real/bk-20260801T143620Z-9ae187ff5b6f/backup.json	LOCAL_TEST_ONLY
.tmp/p16-rtest-real-41756/backups/data/prod-rtest-real/bk-20260801T143620Z-9ae187ff5b6f/checksums.txt	LOCAL_TEST_ONLY
.tmp/p16-rtest-real-41756/backups/data/prod-rtest-real/bk-20260801T143620Z-9ae187ff5b6f/db.dump.enc	LOCAL_TEST_ONLY
.tmp/p16-rtest-real-41756/backups/data/prod-rtest-real/bk-20260801T143620Z-9ae187ff5b6f/filestore.tar.zst.enc	LOCAL_TEST_ONLY
.tmp/p16-rtest-real-41756/backups/data/prod-rtest-real/bk-20260801T143620Z-9ae187ff5b6f/manifest.json	LOCAL_TEST_ONLY
.tmp/p16-rtest-real-41756/backups/destinations/local-primary.json	LOCAL_TEST_ONLY
.tmp/p16-rtest-real-41756/backups/inventory/index.json	LOCAL_TEST_ONLY
.tmp/p16-rtest-real-41756/backups/operations/bkop-20260801173454-4e57cc5f/production.json	LOCAL_TEST_ONLY
.tmp/p16-rtest-real-41756/backups/operations/bkop-20260801173454-4e57cc5f/retention_class.json	LOCAL_TEST_ONLY
.tmp/p16-rtest-real-41756/backups/operations/bkop-20260801173454-4e57cc5f/state.json	LOCAL_TEST_ONLY
.tmp/p16-rtest-real-41756/backups/operations/bkop-20260801173532-1848b7f4/production.json	LOCAL_TEST_ONLY
.tmp/p16-rtest-real-41756/backups/operations/bkop-20260801173532-1848b7f4/retention_class.json	LOCAL_TEST_ONLY
.tmp/p16-rtest-real-41756/backups/operations/bkop-20260801173532-1848b7f4/state.json	LOCAL_TEST_ONLY
.tmp/p16-rtest-real-41756/backups/operations/bkop-20260801173551-d9b436fb/production.json	LOCAL_TEST_ONLY
.tmp/p16-rtest-real-41756/backups/operations/bkop-20260801173551-d9b436fb/retention_class.json	LOCAL_TEST_ONLY
.tmp/p16-rtest-real-41756/backups/operations/bkop-20260801173551-d9b436fb/state.json	LOCAL_TEST_ONLY
.tmp/p16-rtest-real-41756/backups/operations/bkop-20260801173600-29e05867/production.json	LOCAL_TEST_ONLY
.tmp/p16-rtest-real-41756/backups/operations/bkop-20260801173600-29e05867/retention_class.json	LOCAL_TEST_ONLY
.tmp/p16-rtest-real-41756/backups/operations/bkop-20260801173600-29e05867/state.json	LOCAL_TEST_ONLY
.tmp/p16-rtest-real-41756/backups/operations/bkop-20260801173607-78598a35/production.json	LOCAL_TEST_ONLY
.tmp/p16-rtest-real-41756/backups/operations/bkop-20260801173607-78598a35/retention_class.json	LOCAL_TEST_ONLY
.tmp/p16-rtest-real-41756/backups/operations/bkop-20260801173607-78598a35/state.json	LOCAL_TEST_ONLY
.tmp/p16-rtest-real-41756/backups/operations/bkop-20260801173613-5ec70f55/production.json	LOCAL_TEST_ONLY
.tmp/p16-rtest-real-41756/backups/operations/bkop-20260801173613-5ec70f55/retention_class.json	LOCAL_TEST_ONLY
.tmp/p16-rtest-real-41756/backups/operations/bkop-20260801173613-5ec70f55/state.json	LOCAL_TEST_ONLY
.tmp/p16-rtest-real-41756/backups/operations/bkop-20260801173620-c62d2d7b/production.json	LOCAL_TEST_ONLY
.tmp/p16-rtest-real-41756/backups/operations/bkop-20260801173620-c62d2d7b/retention_class.json	LOCAL_TEST_ONLY
.tmp/p16-rtest-real-41756/backups/operations/bkop-20260801173620-c62d2d7b/state.json	LOCAL_TEST_ONLY
.tmp/p16-rtest-real-41756/backups/secrets/manifest.key	SECRET_OR_SENSITIVE
.tmp/p16-rtest-real-41756/backups/staging/quiesce-prod-rtest-real.marker	LOCAL_TEST_ONLY
.tmp/p16-rtest-real-41756/ops/operations/bkop-20260801173454-4e57cc5f/canonical.json	LOCAL_TEST_ONLY
.tmp/p16-rtest-real-41756/ops/operations/bkop-20260801173454-4e57cc5f/events.jsonl	LOCAL_TEST_ONLY
.tmp/p16-rtest-real-41756/ops/operations/bkop-20260801173532-1848b7f4/canonical.json	LOCAL_TEST_ONLY
.tmp/p16-rtest-real-41756/ops/operations/bkop-20260801173532-1848b7f4/events.jsonl	LOCAL_TEST_ONLY
.tmp/p16-rtest-real-41756/ops/operations/bkop-20260801173551-d9b436fb/canonical.json	LOCAL_TEST_ONLY
.tmp/p16-rtest-real-41756/ops/operations/bkop-20260801173551-d9b436fb/events.jsonl	LOCAL_TEST_ONLY
.tmp/p16-rtest-real-41756/ops/operations/bkop-20260801173600-29e05867/canonical.json	LOCAL_TEST_ONLY
.tmp/p16-rtest-real-41756/ops/operations/bkop-20260801173600-29e05867/events.jsonl	LOCAL_TEST_ONLY
.tmp/p16-rtest-real-41756/ops/operations/bkop-20260801173607-78598a35/canonical.json	LOCAL_TEST_ONLY
.tmp/p16-rtest-real-41756/ops/operations/bkop-20260801173607-78598a35/events.jsonl	LOCAL_TEST_ONLY
.tmp/p16-rtest-real-41756/ops/operations/bkop-20260801173613-5ec70f55/canonical.json	LOCAL_TEST_ONLY
.tmp/p16-rtest-real-41756/ops/operations/bkop-20260801173613-5ec70f55/events.jsonl	LOCAL_TEST_ONLY
.tmp/p16-rtest-real-41756/ops/operations/bkop-20260801173620-c62d2d7b/canonical.json	LOCAL_TEST_ONLY
.tmp/p16-rtest-real-41756/ops/operations/bkop-20260801173620-c62d2d7b/events.jsonl	LOCAL_TEST_ONLY
.tmp/p16-rtest-real-41756/ops/registry/history/bkop-20260801173454-4e57cc5f.jsonl	LOCAL_TEST_ONLY
.tmp/p16-rtest-real-41756/ops/registry/history/bkop-20260801173532-1848b7f4.jsonl	LOCAL_TEST_ONLY
.tmp/p16-rtest-real-41756/ops/registry/history/bkop-20260801173551-d9b436fb.jsonl	LOCAL_TEST_ONLY
.tmp/p16-rtest-real-41756/ops/registry/history/bkop-20260801173600-29e05867.jsonl	LOCAL_TEST_ONLY
.tmp/p16-rtest-real-41756/ops/registry/history/bkop-20260801173607-78598a35.jsonl	LOCAL_TEST_ONLY
.tmp/p16-rtest-real-41756/ops/registry/history/bkop-20260801173613-5ec70f55.jsonl	LOCAL_TEST_ONLY
.tmp/p16-rtest-real-41756/ops/registry/history/bkop-20260801173620-c62d2d7b.jsonl	LOCAL_TEST_ONLY
.tmp/p16-rtest-real-41756/ops/registry/index/bkop-20260801173454-4e57cc5f.json	LOCAL_TEST_ONLY
.tmp/p16-rtest-real-41756/ops/registry/index/bkop-20260801173532-1848b7f4.json	LOCAL_TEST_ONLY
.tmp/p16-rtest-real-41756/ops/registry/index/bkop-20260801173551-d9b436fb.json	LOCAL_TEST_ONLY
.tmp/p16-rtest-real-41756/ops/registry/index/bkop-20260801173600-29e05867.json	LOCAL_TEST_ONLY
.tmp/p16-rtest-real-41756/ops/registry/index/bkop-20260801173607-78598a35.json	LOCAL_TEST_ONLY
.tmp/p16-rtest-real-41756/ops/registry/index/bkop-20260801173613-5ec70f55.json	LOCAL_TEST_ONLY
.tmp/p16-rtest-real-41756/ops/registry/index/bkop-20260801173620-c62d2d7b.json	LOCAL_TEST_ONLY
.tmp/p16-rtest-real-41756/ops/registry/locks/bkop-20260801173454-4e57cc5f/owner.json	LOCAL_TEST_ONLY
.tmp/p16-rtest-real-41756/ops/registry/locks/bkop-20260801173532-1848b7f4/owner.json	LOCAL_TEST_ONLY
.tmp/p16-rtest-real-41756/ops/registry/locks/bkop-20260801173551-d9b436fb/owner.json	LOCAL_TEST_ONLY
.tmp/p16-rtest-real-41756/ops/registry/locks/bkop-20260801173600-29e05867/owner.json	LOCAL_TEST_ONLY
.tmp/p16-rtest-real-41756/ops/registry/locks/bkop-20260801173607-78598a35/owner.json	LOCAL_TEST_ONLY
.tmp/p16-rtest-real-41756/ops/registry/locks/bkop-20260801173613-5ec70f55/owner.json	LOCAL_TEST_ONLY
.tmp/p16-rtest-real-41756/ops/registry/locks/bkop-20260801173620-c62d2d7b/owner.json	LOCAL_TEST_ONLY
.tmp/p16-rtest-real-41756/rtest-host/filestore/att1	LOCAL_TEST_ONLY
.tmp/p16-rtest-real-41756/tenant/prod-rtest-real/db/marker	LOCAL_TEST_ONLY
.tmp/p16-rtest-real-41756/tenant/prod-rtest-real/filestore/att1	LOCAL_TEST_ONLY
.tmp/p16-rtest-real-41756/tenant/prod-rtest-real/identity.json	LOCAL_TEST_ONLY
.tmp/p16-rtest-real-53213/backups/candidates/rtest-bk-20260801T231416Z-7dc14e021a7c/db/db.dump	LOCAL_TEST_ONLY
.tmp/p16-rtest-real-53213/backups/candidates/rtest-bk-20260801T231416Z-7dc14e021a7c/filestore.archive	LOCAL_TEST_ONLY
.tmp/p16-rtest-real-53213/backups/candidates/rtest-bk-20260801T231416Z-7dc14e021a7c/filestore/att1	LOCAL_TEST_ONLY
.tmp/p16-rtest-real-53213/backups/data/.soviez-backup-destination	LOCAL_TEST_ONLY
.tmp/p16-rtest-real-53213/backups/data/prod-rtest-real/bk-20260801T231350Z-1fe5cc7e73f5/backup.json	LOCAL_TEST_ONLY
.tmp/p16-rtest-real-53213/backups/data/prod-rtest-real/bk-20260801T231350Z-1fe5cc7e73f5/checksums.txt	LOCAL_TEST_ONLY
.tmp/p16-rtest-real-53213/backups/data/prod-rtest-real/bk-20260801T231350Z-1fe5cc7e73f5/db.dump.enc	LOCAL_TEST_ONLY
.tmp/p16-rtest-real-53213/backups/data/prod-rtest-real/bk-20260801T231350Z-1fe5cc7e73f5/filestore.tar.zst.enc	LOCAL_TEST_ONLY
.tmp/p16-rtest-real-53213/backups/data/prod-rtest-real/bk-20260801T231350Z-1fe5cc7e73f5/manifest.json	LOCAL_TEST_ONLY
.tmp/p16-rtest-real-53213/backups/data/prod-rtest-real/bk-20260801T231416Z-7dc14e021a7c/backup.json	LOCAL_TEST_ONLY
.tmp/p16-rtest-real-53213/backups/data/prod-rtest-real/bk-20260801T231416Z-7dc14e021a7c/checksums.txt	LOCAL_TEST_ONLY
.tmp/p16-rtest-real-53213/backups/data/prod-rtest-real/bk-20260801T231416Z-7dc14e021a7c/db.dump.enc	LOCAL_TEST_ONLY
.tmp/p16-rtest-real-53213/backups/data/prod-rtest-real/bk-20260801T231416Z-7dc14e021a7c/filestore.tar.zst.enc	LOCAL_TEST_ONLY
.tmp/p16-rtest-real-53213/backups/data/prod-rtest-real/bk-20260801T231416Z-7dc14e021a7c/manifest.json	LOCAL_TEST_ONLY
.tmp/p16-rtest-real-53213/backups/destinations/local-primary.json	LOCAL_TEST_ONLY
.tmp/p16-rtest-real-53213/backups/inventory/index.json	LOCAL_TEST_ONLY
.tmp/p16-rtest-real-53213/backups/operations/bkop-20260802021350-c650b1bb/production.json	LOCAL_TEST_ONLY
.tmp/p16-rtest-real-53213/backups/operations/bkop-20260802021350-c650b1bb/retention_class.json	LOCAL_TEST_ONLY
.tmp/p16-rtest-real-53213/backups/operations/bkop-20260802021350-c650b1bb/state.json	LOCAL_TEST_ONLY
.tmp/p16-rtest-real-53213/backups/operations/bkop-20260802021416-6a695bdb/production.json	LOCAL_TEST_ONLY
.tmp/p16-rtest-real-53213/backups/operations/bkop-20260802021416-6a695bdb/retention_class.json	LOCAL_TEST_ONLY
.tmp/p16-rtest-real-53213/backups/operations/bkop-20260802021416-6a695bdb/state.json	LOCAL_TEST_ONLY
.tmp/p16-rtest-real-53213/backups/secrets/manifest.key	SECRET_OR_SENSITIVE
.tmp/p16-rtest-real-53213/backups/staging/quiesce-prod-rtest-real.marker	LOCAL_TEST_ONLY
.tmp/p16-rtest-real-53213/ops/operations/bkop-20260802021350-c650b1bb/canonical.json	LOCAL_TEST_ONLY
.tmp/p16-rtest-real-53213/ops/operations/bkop-20260802021350-c650b1bb/events.jsonl	LOCAL_TEST_ONLY
.tmp/p16-rtest-real-53213/ops/operations/bkop-20260802021416-6a695bdb/canonical.json	LOCAL_TEST_ONLY
.tmp/p16-rtest-real-53213/ops/operations/bkop-20260802021416-6a695bdb/events.jsonl	LOCAL_TEST_ONLY
.tmp/p16-rtest-real-53213/ops/registry/history/bkop-20260802021350-c650b1bb.jsonl	LOCAL_TEST_ONLY
.tmp/p16-rtest-real-53213/ops/registry/history/bkop-20260802021416-6a695bdb.jsonl	LOCAL_TEST_ONLY
.tmp/p16-rtest-real-53213/ops/registry/index/bkop-20260802021350-c650b1bb.json	LOCAL_TEST_ONLY
.tmp/p16-rtest-real-53213/ops/registry/index/bkop-20260802021416-6a695bdb.json	LOCAL_TEST_ONLY
.tmp/p16-rtest-real-53213/ops/registry/locks/bkop-20260802021350-c650b1bb/owner.json	LOCAL_TEST_ONLY
.tmp/p16-rtest-real-53213/ops/registry/locks/bkop-20260802021416-6a695bdb/owner.json	LOCAL_TEST_ONLY
.tmp/p16-rtest-real-53213/rtest-host/filestore/att1	LOCAL_TEST_ONLY
.tmp/p16-rtest-real-53213/tenant/prod-rtest-real/db/marker	LOCAL_TEST_ONLY
.tmp/p16-rtest-real-53213/tenant/prod-rtest-real/filestore/att1	LOCAL_TEST_ONLY
.tmp/p16-rtest-real-53213/tenant/prod-rtest-real/identity.json	LOCAL_TEST_ONLY
.tmp/p16-rtest-real-63339/backups/candidates/rtest-bk-20260801T143749Z-c72955063083/db/db.dump	LOCAL_TEST_ONLY
.tmp/p16-rtest-real-63339/backups/candidates/rtest-bk-20260801T143749Z-c72955063083/filestore.archive	LOCAL_TEST_ONLY
.tmp/p16-rtest-real-63339/backups/candidates/rtest-bk-20260801T143749Z-c72955063083/filestore/att1	LOCAL_TEST_ONLY
.tmp/p16-rtest-real-63339/backups/candidates/rtest-bk-20260801T143749Z-c72955063083/runtime/aggregate_check.txt	LOCAL_TEST_ONLY
.tmp/p16-rtest-real-63339/backups/candidates/rtest-bk-20260801T143749Z-c72955063083/runtime/http_validation.json	LOCAL_TEST_ONLY
.tmp/p16-rtest-real-63339/backups/candidates/rtest-bk-20260801T143749Z-c72955063083/runtime/identity.txt	LOCAL_TEST_ONLY
.tmp/p16-rtest-real-63339/backups/candidates/rtest-bk-20260801T143749Z-c72955063083/runtime/license_guard.txt	LOCAL_TEST_ONLY
.tmp/p16-rtest-real-63339/backups/candidates/rtest-bk-20260801T143749Z-c72955063083/runtime/module_init.log	LOCAL_TEST_ONLY
.tmp/p16-rtest-real-63339/backups/candidates/rtest-bk-20260801T143749Z-c72955063083/runtime/modules_ok.txt	LOCAL_TEST_ONLY
.tmp/p16-rtest-real-63339/backups/candidates/rtest-bk-20260801T143749Z-c72955063083/runtime/pg_restore.err	LOCAL_TEST_ONLY
.tmp/p16-rtest-real-63339/backups/candidates/rtest-bk-20260801T143749Z-c72955063083/runtime/pg_restore_fixture.txt	LOCAL_TEST_ONLY
.tmp/p16-rtest-real-63339/backups/candidates/rtest-bk-20260801T143749Z-c72955063083/runtime/soviez.conf	LOCAL_TEST_ONLY
.tmp/p16-rtest-real-63339/backups/candidates/rtest-bk-20260801T143806Z-18ddb168a609/db/db.dump	LOCAL_TEST_ONLY
.tmp/p16-rtest-real-63339/backups/candidates/rtest-bk-20260801T143820Z-94f56dc69aab/db/db.dump	LOCAL_TEST_ONLY
.tmp/p16-rtest-real-63339/backups/candidates/rtest-bk-20260801T143826Z-61f586fee372/db/db.dump	LOCAL_TEST_ONLY
.tmp/p16-rtest-real-63339/backups/candidates/rtest-bk-20260801T143826Z-61f586fee372/filestore.archive	LOCAL_TEST_ONLY
.tmp/p16-rtest-real-63339/backups/data/.soviez-backup-destination	LOCAL_TEST_ONLY
.tmp/p16-rtest-real-63339/backups/data/prod-rtest-real/bk-20260801T143730Z-d7e79ca6c418/backup.json	LOCAL_TEST_ONLY
.tmp/p16-rtest-real-63339/backups/data/prod-rtest-real/bk-20260801T143730Z-d7e79ca6c418/checksums.txt	LOCAL_TEST_ONLY
.tmp/p16-rtest-real-63339/backups/data/prod-rtest-real/bk-20260801T143730Z-d7e79ca6c418/db.dump.enc	LOCAL_TEST_ONLY
.tmp/p16-rtest-real-63339/backups/data/prod-rtest-real/bk-20260801T143730Z-d7e79ca6c418/filestore.tar.zst.enc	LOCAL_TEST_ONLY
.tmp/p16-rtest-real-63339/backups/data/prod-rtest-real/bk-20260801T143730Z-d7e79ca6c418/manifest.json	LOCAL_TEST_ONLY
.tmp/p16-rtest-real-63339/backups/data/prod-rtest-real/bk-20260801T143749Z-c72955063083/backup.json	LOCAL_TEST_ONLY
.tmp/p16-rtest-real-63339/backups/data/prod-rtest-real/bk-20260801T143749Z-c72955063083/checksums.txt	LOCAL_TEST_ONLY
.tmp/p16-rtest-real-63339/backups/data/prod-rtest-real/bk-20260801T143749Z-c72955063083/db.dump.enc	LOCAL_TEST_ONLY
.tmp/p16-rtest-real-63339/backups/data/prod-rtest-real/bk-20260801T143749Z-c72955063083/filestore.tar.zst.enc	LOCAL_TEST_ONLY
.tmp/p16-rtest-real-63339/backups/data/prod-rtest-real/bk-20260801T143749Z-c72955063083/manifest.json	LOCAL_TEST_ONLY
.tmp/p16-rtest-real-63339/backups/data/prod-rtest-real/bk-20260801T143806Z-18ddb168a609/backup.json	LOCAL_TEST_ONLY
.tmp/p16-rtest-real-63339/backups/data/prod-rtest-real/bk-20260801T143806Z-18ddb168a609/checksums.txt	LOCAL_TEST_ONLY
.tmp/p16-rtest-real-63339/backups/data/prod-rtest-real/bk-20260801T143806Z-18ddb168a609/db.dump.enc	LOCAL_TEST_ONLY
.tmp/p16-rtest-real-63339/backups/data/prod-rtest-real/bk-20260801T143806Z-18ddb168a609/filestore.tar.zst.enc	LOCAL_TEST_ONLY
.tmp/p16-rtest-real-63339/backups/data/prod-rtest-real/bk-20260801T143806Z-18ddb168a609/manifest.json	LOCAL_TEST_ONLY
.tmp/p16-rtest-real-63339/backups/data/prod-rtest-real/bk-20260801T143813Z-aa6a762b4eea/backup.json	LOCAL_TEST_ONLY
.tmp/p16-rtest-real-63339/backups/data/prod-rtest-real/bk-20260801T143813Z-aa6a762b4eea/checksums.txt	LOCAL_TEST_ONLY
.tmp/p16-rtest-real-63339/backups/data/prod-rtest-real/bk-20260801T143813Z-aa6a762b4eea/db.dump.enc	LOCAL_TEST_ONLY
.tmp/p16-rtest-real-63339/backups/data/prod-rtest-real/bk-20260801T143813Z-aa6a762b4eea/filestore.tar.zst.enc	LOCAL_TEST_ONLY
.tmp/p16-rtest-real-63339/backups/data/prod-rtest-real/bk-20260801T143813Z-aa6a762b4eea/manifest.json	LOCAL_TEST_ONLY
.tmp/p16-rtest-real-63339/backups/data/prod-rtest-real/bk-20260801T143820Z-94f56dc69aab/backup.json	LOCAL_TEST_ONLY
.tmp/p16-rtest-real-63339/backups/data/prod-rtest-real/bk-20260801T143820Z-94f56dc69aab/checksums.txt	LOCAL_TEST_ONLY
.tmp/p16-rtest-real-63339/backups/data/prod-rtest-real/bk-20260801T143820Z-94f56dc69aab/db.dump.enc	LOCAL_TEST_ONLY
.tmp/p16-rtest-real-63339/backups/data/prod-rtest-real/bk-20260801T143820Z-94f56dc69aab/filestore.tar.zst.enc	LOCAL_TEST_ONLY
.tmp/p16-rtest-real-63339/backups/data/prod-rtest-real/bk-20260801T143820Z-94f56dc69aab/manifest.json	LOCAL_TEST_ONLY
.tmp/p16-rtest-real-63339/backups/data/prod-rtest-real/bk-20260801T143826Z-61f586fee372/backup.json	LOCAL_TEST_ONLY
.tmp/p16-rtest-real-63339/backups/data/prod-rtest-real/bk-20260801T143826Z-61f586fee372/checksums.txt	LOCAL_TEST_ONLY
.tmp/p16-rtest-real-63339/backups/data/prod-rtest-real/bk-20260801T143826Z-61f586fee372/db.dump.enc	LOCAL_TEST_ONLY
.tmp/p16-rtest-real-63339/backups/data/prod-rtest-real/bk-20260801T143826Z-61f586fee372/filestore.tar.zst.enc	LOCAL_TEST_ONLY
.tmp/p16-rtest-real-63339/backups/data/prod-rtest-real/bk-20260801T143826Z-61f586fee372/manifest.json	LOCAL_TEST_ONLY
.tmp/p16-rtest-real-63339/backups/data/prod-rtest-real/bk-20260801T143832Z-f68e82232af1/backup.json	LOCAL_TEST_ONLY
.tmp/p16-rtest-real-63339/backups/data/prod-rtest-real/bk-20260801T143832Z-f68e82232af1/checksums.txt	LOCAL_TEST_ONLY
.tmp/p16-rtest-real-63339/backups/data/prod-rtest-real/bk-20260801T143832Z-f68e82232af1/db.dump.enc	LOCAL_TEST_ONLY
.tmp/p16-rtest-real-63339/backups/data/prod-rtest-real/bk-20260801T143832Z-f68e82232af1/filestore.tar.zst.enc	LOCAL_TEST_ONLY
.tmp/p16-rtest-real-63339/backups/data/prod-rtest-real/bk-20260801T143832Z-f68e82232af1/manifest.json	LOCAL_TEST_ONLY
.tmp/p16-rtest-real-63339/backups/destinations/local-primary.json	LOCAL_TEST_ONLY
.tmp/p16-rtest-real-63339/backups/inventory/index.json	LOCAL_TEST_ONLY
.tmp/p16-rtest-real-63339/backups/operations/bkop-20260801173730-b19a7660/production.json	LOCAL_TEST_ONLY
.tmp/p16-rtest-real-63339/backups/operations/bkop-20260801173730-b19a7660/retention_class.json	LOCAL_TEST_ONLY
.tmp/p16-rtest-real-63339/backups/operations/bkop-20260801173730-b19a7660/state.json	LOCAL_TEST_ONLY
.tmp/p16-rtest-real-63339/backups/operations/bkop-20260801173749-9abe55c5/production.json	LOCAL_TEST_ONLY
.tmp/p16-rtest-real-63339/backups/operations/bkop-20260801173749-9abe55c5/retention_class.json	LOCAL_TEST_ONLY
.tmp/p16-rtest-real-63339/backups/operations/bkop-20260801173749-9abe55c5/state.json	LOCAL_TEST_ONLY
.tmp/p16-rtest-real-63339/backups/operations/bkop-20260801173806-ef2f8877/production.json	LOCAL_TEST_ONLY
.tmp/p16-rtest-real-63339/backups/operations/bkop-20260801173806-ef2f8877/retention_class.json	LOCAL_TEST_ONLY
.tmp/p16-rtest-real-63339/backups/operations/bkop-20260801173806-ef2f8877/state.json	LOCAL_TEST_ONLY
.tmp/p16-rtest-real-63339/backups/operations/bkop-20260801173813-28f5fc6a/production.json	LOCAL_TEST_ONLY
.tmp/p16-rtest-real-63339/backups/operations/bkop-20260801173813-28f5fc6a/retention_class.json	LOCAL_TEST_ONLY
.tmp/p16-rtest-real-63339/backups/operations/bkop-20260801173813-28f5fc6a/state.json	LOCAL_TEST_ONLY
.tmp/p16-rtest-real-63339/backups/operations/bkop-20260801173820-a3439280/production.json	LOCAL_TEST_ONLY
.tmp/p16-rtest-real-63339/backups/operations/bkop-20260801173820-a3439280/retention_class.json	LOCAL_TEST_ONLY
.tmp/p16-rtest-real-63339/backups/operations/bkop-20260801173820-a3439280/state.json	LOCAL_TEST_ONLY
.tmp/p16-rtest-real-63339/backups/operations/bkop-20260801173826-20eb1772/production.json	LOCAL_TEST_ONLY
.tmp/p16-rtest-real-63339/backups/operations/bkop-20260801173826-20eb1772/retention_class.json	LOCAL_TEST_ONLY
.tmp/p16-rtest-real-63339/backups/operations/bkop-20260801173826-20eb1772/state.json	LOCAL_TEST_ONLY
.tmp/p16-rtest-real-63339/backups/operations/bkop-20260801173832-629729a0/production.json	LOCAL_TEST_ONLY
.tmp/p16-rtest-real-63339/backups/operations/bkop-20260801173832-629729a0/retention_class.json	LOCAL_TEST_ONLY
.tmp/p16-rtest-real-63339/backups/operations/bkop-20260801173832-629729a0/state.json	LOCAL_TEST_ONLY
.tmp/p16-rtest-real-63339/backups/secrets/manifest.key	SECRET_OR_SENSITIVE
.tmp/p16-rtest-real-63339/backups/staging/quiesce-prod-rtest-real.marker	LOCAL_TEST_ONLY
.tmp/p16-rtest-real-63339/ops/operations/bkop-20260801173730-b19a7660/canonical.json	LOCAL_TEST_ONLY
.tmp/p16-rtest-real-63339/ops/operations/bkop-20260801173730-b19a7660/events.jsonl	LOCAL_TEST_ONLY
.tmp/p16-rtest-real-63339/ops/operations/bkop-20260801173749-9abe55c5/canonical.json	LOCAL_TEST_ONLY
.tmp/p16-rtest-real-63339/ops/operations/bkop-20260801173749-9abe55c5/events.jsonl	LOCAL_TEST_ONLY
.tmp/p16-rtest-real-63339/ops/operations/bkop-20260801173806-ef2f8877/canonical.json	LOCAL_TEST_ONLY
.tmp/p16-rtest-real-63339/ops/operations/bkop-20260801173806-ef2f8877/events.jsonl	LOCAL_TEST_ONLY
.tmp/p16-rtest-real-63339/ops/operations/bkop-20260801173813-28f5fc6a/canonical.json	LOCAL_TEST_ONLY
.tmp/p16-rtest-real-63339/ops/operations/bkop-20260801173813-28f5fc6a/events.jsonl	LOCAL_TEST_ONLY
.tmp/p16-rtest-real-63339/ops/operations/bkop-20260801173820-a3439280/canonical.json	LOCAL_TEST_ONLY
.tmp/p16-rtest-real-63339/ops/operations/bkop-20260801173820-a3439280/events.jsonl	LOCAL_TEST_ONLY
.tmp/p16-rtest-real-63339/ops/operations/bkop-20260801173826-20eb1772/canonical.json	LOCAL_TEST_ONLY
.tmp/p16-rtest-real-63339/ops/operations/bkop-20260801173826-20eb1772/events.jsonl	LOCAL_TEST_ONLY
.tmp/p16-rtest-real-63339/ops/operations/bkop-20260801173832-629729a0/canonical.json	LOCAL_TEST_ONLY
.tmp/p16-rtest-real-63339/ops/operations/bkop-20260801173832-629729a0/events.jsonl	LOCAL_TEST_ONLY
.tmp/p16-rtest-real-63339/ops/registry/history/bkop-20260801173730-b19a7660.jsonl	LOCAL_TEST_ONLY
.tmp/p16-rtest-real-63339/ops/registry/history/bkop-20260801173749-9abe55c5.jsonl	LOCAL_TEST_ONLY
.tmp/p16-rtest-real-63339/ops/registry/history/bkop-20260801173806-ef2f8877.jsonl	LOCAL_TEST_ONLY
.tmp/p16-rtest-real-63339/ops/registry/history/bkop-20260801173813-28f5fc6a.jsonl	LOCAL_TEST_ONLY
.tmp/p16-rtest-real-63339/ops/registry/history/bkop-20260801173820-a3439280.jsonl	LOCAL_TEST_ONLY
.tmp/p16-rtest-real-63339/ops/registry/history/bkop-20260801173826-20eb1772.jsonl	LOCAL_TEST_ONLY
.tmp/p16-rtest-real-63339/ops/registry/history/bkop-20260801173832-629729a0.jsonl	LOCAL_TEST_ONLY
.tmp/p16-rtest-real-63339/ops/registry/index/bkop-20260801173730-b19a7660.json	LOCAL_TEST_ONLY
.tmp/p16-rtest-real-63339/ops/registry/index/bkop-20260801173749-9abe55c5.json	LOCAL_TEST_ONLY
.tmp/p16-rtest-real-63339/ops/registry/index/bkop-20260801173806-ef2f8877.json	LOCAL_TEST_ONLY
.tmp/p16-rtest-real-63339/ops/registry/index/bkop-20260801173813-28f5fc6a.json	LOCAL_TEST_ONLY
.tmp/p16-rtest-real-63339/ops/registry/index/bkop-20260801173820-a3439280.json	LOCAL_TEST_ONLY
.tmp/p16-rtest-real-63339/ops/registry/index/bkop-20260801173826-20eb1772.json	LOCAL_TEST_ONLY
.tmp/p16-rtest-real-63339/ops/registry/index/bkop-20260801173832-629729a0.json	LOCAL_TEST_ONLY
.tmp/p16-rtest-real-63339/ops/registry/locks/bkop-20260801173730-b19a7660/owner.json	LOCAL_TEST_ONLY
.tmp/p16-rtest-real-63339/ops/registry/locks/bkop-20260801173749-9abe55c5/owner.json	LOCAL_TEST_ONLY
.tmp/p16-rtest-real-63339/ops/registry/locks/bkop-20260801173806-ef2f8877/owner.json	LOCAL_TEST_ONLY
.tmp/p16-rtest-real-63339/ops/registry/locks/bkop-20260801173813-28f5fc6a/owner.json	LOCAL_TEST_ONLY
.tmp/p16-rtest-real-63339/ops/registry/locks/bkop-20260801173820-a3439280/owner.json	LOCAL_TEST_ONLY
.tmp/p16-rtest-real-63339/ops/registry/locks/bkop-20260801173826-20eb1772/owner.json	LOCAL_TEST_ONLY
.tmp/p16-rtest-real-63339/ops/registry/locks/bkop-20260801173832-629729a0/owner.json	LOCAL_TEST_ONLY
.tmp/p16-rtest-real-63339/rtest-host/addons/p16_bad_addon/__init__.py	LOCAL_TEST_ONLY
.tmp/p16-rtest-real-63339/rtest-host/addons/p16_bad_addon/__manifest__.py	LOCAL_TEST_ONLY
.tmp/p16-rtest-real-63339/rtest-host/filestore/att1	LOCAL_TEST_ONLY
.tmp/p16-rtest-real-63339/tenant/prod-rtest-real/db/marker	LOCAL_TEST_ONLY
.tmp/p16-rtest-real-63339/tenant/prod-rtest-real/filestore/att1	LOCAL_TEST_ONLY
.tmp/p16-rtest-real-63339/tenant/prod-rtest-real/identity.json	LOCAL_TEST_ONLY
.tmp/p16-rtest-real-6866/backups/candidates/rtest-bk-20260801T232516Z-f477173f8894/db/db.dump	LOCAL_TEST_ONLY
.tmp/p16-rtest-real-6866/backups/candidates/rtest-bk-20260801T232516Z-f477173f8894/filestore.archive	LOCAL_TEST_ONLY
.tmp/p16-rtest-real-6866/backups/candidates/rtest-bk-20260801T232516Z-f477173f8894/filestore/att1	LOCAL_TEST_ONLY
.tmp/p16-rtest-real-6866/backups/data/.soviez-backup-destination	LOCAL_TEST_ONLY
.tmp/p16-rtest-real-6866/backups/data/prod-rtest-real/bk-20260801T232516Z-f477173f8894/backup.json	LOCAL_TEST_ONLY
.tmp/p16-rtest-real-6866/backups/data/prod-rtest-real/bk-20260801T232516Z-f477173f8894/checksums.txt	LOCAL_TEST_ONLY
.tmp/p16-rtest-real-6866/backups/data/prod-rtest-real/bk-20260801T232516Z-f477173f8894/db.dump.enc	LOCAL_TEST_ONLY
.tmp/p16-rtest-real-6866/backups/data/prod-rtest-real/bk-20260801T232516Z-f477173f8894/filestore.tar.zst.enc	LOCAL_TEST_ONLY
.tmp/p16-rtest-real-6866/backups/data/prod-rtest-real/bk-20260801T232516Z-f477173f8894/manifest.json	LOCAL_TEST_ONLY
.tmp/p16-rtest-real-6866/backups/destinations/local-primary.json	LOCAL_TEST_ONLY
.tmp/p16-rtest-real-6866/backups/inventory/index.json	LOCAL_TEST_ONLY
.tmp/p16-rtest-real-6866/backups/operations/bkop-20260802022516-483181be/production.json	LOCAL_TEST_ONLY
.tmp/p16-rtest-real-6866/backups/operations/bkop-20260802022516-483181be/retention_class.json	LOCAL_TEST_ONLY
.tmp/p16-rtest-real-6866/backups/operations/bkop-20260802022516-483181be/state.json	LOCAL_TEST_ONLY
.tmp/p16-rtest-real-6866/backups/secrets/manifest.key	SECRET_OR_SENSITIVE
.tmp/p16-rtest-real-6866/backups/staging/quiesce-prod-rtest-real.marker	LOCAL_TEST_ONLY
.tmp/p16-rtest-real-6866/ops/operations/bkop-20260802022516-483181be/canonical.json	LOCAL_TEST_ONLY
.tmp/p16-rtest-real-6866/ops/operations/bkop-20260802022516-483181be/events.jsonl	LOCAL_TEST_ONLY
.tmp/p16-rtest-real-6866/ops/registry/history/bkop-20260802022516-483181be.jsonl	LOCAL_TEST_ONLY
.tmp/p16-rtest-real-6866/ops/registry/index/bkop-20260802022516-483181be.json	LOCAL_TEST_ONLY
.tmp/p16-rtest-real-6866/ops/registry/locks/bkop-20260802022516-483181be/owner.json	LOCAL_TEST_ONLY
.tmp/p16-rtest-real-6866/tenant/prod-rtest-real/db/marker	LOCAL_TEST_ONLY
.tmp/p16-rtest-real-6866/tenant/prod-rtest-real/filestore/att1	LOCAL_TEST_ONLY
.tmp/p16-rtest-real-6866/tenant/prod-rtest-real/identity.json	LOCAL_TEST_ONLY
.tmp/p16-rtest-real-70700/backups/candidates/rtest-bk-20260805T073814Z-6d43ead7aab6/db/db.dump	LOCAL_TEST_ONLY
.tmp/p16-rtest-real-70700/backups/candidates/rtest-bk-20260805T073814Z-6d43ead7aab6/filestore.archive	LOCAL_TEST_ONLY
.tmp/p16-rtest-real-70700/backups/candidates/rtest-bk-20260805T073814Z-6d43ead7aab6/filestore/att1	LOCAL_TEST_ONLY
.tmp/p16-rtest-real-70700/backups/data/.soviez-backup-destination	LOCAL_TEST_ONLY
.tmp/p16-rtest-real-70700/backups/data/prod-rtest-real/bk-20260805T073814Z-6d43ead7aab6/backup.json	LOCAL_TEST_ONLY
.tmp/p16-rtest-real-70700/backups/data/prod-rtest-real/bk-20260805T073814Z-6d43ead7aab6/checksums.txt	LOCAL_TEST_ONLY
.tmp/p16-rtest-real-70700/backups/data/prod-rtest-real/bk-20260805T073814Z-6d43ead7aab6/db.dump.enc	LOCAL_TEST_ONLY
.tmp/p16-rtest-real-70700/backups/data/prod-rtest-real/bk-20260805T073814Z-6d43ead7aab6/filestore.tar.zst.enc	LOCAL_TEST_ONLY
.tmp/p16-rtest-real-70700/backups/data/prod-rtest-real/bk-20260805T073814Z-6d43ead7aab6/manifest.json	LOCAL_TEST_ONLY
.tmp/p16-rtest-real-70700/backups/destinations/local-primary.json	LOCAL_TEST_ONLY
.tmp/p16-rtest-real-70700/backups/inventory/index.json	LOCAL_TEST_ONLY
.tmp/p16-rtest-real-70700/backups/operations/bkop-20260805103814-243675d3/production.json	LOCAL_TEST_ONLY
.tmp/p16-rtest-real-70700/backups/operations/bkop-20260805103814-243675d3/retention_class.json	LOCAL_TEST_ONLY
.tmp/p16-rtest-real-70700/backups/operations/bkop-20260805103814-243675d3/state.json	LOCAL_TEST_ONLY
.tmp/p16-rtest-real-70700/backups/secrets/manifest.key	SECRET_OR_SENSITIVE
.tmp/p16-rtest-real-70700/backups/staging/quiesce-prod-rtest-real.marker	LOCAL_TEST_ONLY
.tmp/p16-rtest-real-70700/ops/operations/bkop-20260805103814-243675d3/canonical.json	LOCAL_TEST_ONLY
.tmp/p16-rtest-real-70700/ops/operations/bkop-20260805103814-243675d3/events.jsonl	LOCAL_TEST_ONLY
.tmp/p16-rtest-real-70700/ops/registry/history/bkop-20260805103814-243675d3.jsonl	LOCAL_TEST_ONLY
.tmp/p16-rtest-real-70700/ops/registry/index/bkop-20260805103814-243675d3.json	LOCAL_TEST_ONLY
.tmp/p16-rtest-real-70700/ops/registry/locks/bkop-20260805103814-243675d3/owner.json	LOCAL_TEST_ONLY
.tmp/p16-rtest-real-70700/tenant/prod-rtest-real/db/marker	LOCAL_TEST_ONLY
.tmp/p16-rtest-real-70700/tenant/prod-rtest-real/filestore/att1	LOCAL_TEST_ONLY
.tmp/p16-rtest-real-70700/tenant/prod-rtest-real/identity.json	LOCAL_TEST_ONLY
.tmp/p16-rtest-real-79099/backups/candidates/rtest-bk-20260801T143928Z-760c1cac61f3/db/db.dump	LOCAL_TEST_ONLY
.tmp/p16-rtest-real-79099/backups/candidates/rtest-bk-20260801T143928Z-760c1cac61f3/filestore.archive	LOCAL_TEST_ONLY
.tmp/p16-rtest-real-79099/backups/candidates/rtest-bk-20260801T143928Z-760c1cac61f3/filestore/att1	LOCAL_TEST_ONLY
.tmp/p16-rtest-real-79099/backups/candidates/rtest-bk-20260801T143928Z-760c1cac61f3/runtime/aggregate_check.txt	LOCAL_TEST_ONLY
.tmp/p16-rtest-real-79099/backups/candidates/rtest-bk-20260801T143928Z-760c1cac61f3/runtime/http_validation.json	LOCAL_TEST_ONLY
.tmp/p16-rtest-real-79099/backups/candidates/rtest-bk-20260801T143928Z-760c1cac61f3/runtime/identity.txt	LOCAL_TEST_ONLY
.tmp/p16-rtest-real-79099/backups/candidates/rtest-bk-20260801T143928Z-760c1cac61f3/runtime/license_guard.txt	LOCAL_TEST_ONLY
.tmp/p16-rtest-real-79099/backups/candidates/rtest-bk-20260801T143928Z-760c1cac61f3/runtime/module_init.log	LOCAL_TEST_ONLY
.tmp/p16-rtest-real-79099/backups/candidates/rtest-bk-20260801T143928Z-760c1cac61f3/runtime/modules_ok.txt	LOCAL_TEST_ONLY
.tmp/p16-rtest-real-79099/backups/candidates/rtest-bk-20260801T143928Z-760c1cac61f3/runtime/pg_restore.err	LOCAL_TEST_ONLY
.tmp/p16-rtest-real-79099/backups/candidates/rtest-bk-20260801T143928Z-760c1cac61f3/runtime/pg_restore_fixture.txt	LOCAL_TEST_ONLY
.tmp/p16-rtest-real-79099/backups/candidates/rtest-bk-20260801T143928Z-760c1cac61f3/runtime/soviez.conf	LOCAL_TEST_ONLY
.tmp/p16-rtest-real-79099/backups/candidates/rtest-bk-20260801T143946Z-1557e94c62eb/db/db.dump	LOCAL_TEST_ONLY
.tmp/p16-rtest-real-79099/backups/candidates/rtest-bk-20260801T143958Z-a689b4b908f9/db/db.dump	LOCAL_TEST_ONLY
.tmp/p16-rtest-real-79099/backups/candidates/rtest-bk-20260801T144004Z-c860a1d8dff5/db/db.dump	LOCAL_TEST_ONLY
.tmp/p16-rtest-real-79099/backups/candidates/rtest-bk-20260801T144004Z-c860a1d8dff5/filestore.archive	LOCAL_TEST_ONLY
.tmp/p16-rtest-real-79099/backups/data/.soviez-backup-destination	LOCAL_TEST_ONLY
.tmp/p16-rtest-real-79099/backups/data/prod-rtest-real/bk-20260801T143909Z-1ab4579f8d05/backup.json	LOCAL_TEST_ONLY
.tmp/p16-rtest-real-79099/backups/data/prod-rtest-real/bk-20260801T143909Z-1ab4579f8d05/checksums.txt	LOCAL_TEST_ONLY
.tmp/p16-rtest-real-79099/backups/data/prod-rtest-real/bk-20260801T143909Z-1ab4579f8d05/db.dump.enc	LOCAL_TEST_ONLY
.tmp/p16-rtest-real-79099/backups/data/prod-rtest-real/bk-20260801T143909Z-1ab4579f8d05/filestore.tar.zst.enc	LOCAL_TEST_ONLY
.tmp/p16-rtest-real-79099/backups/data/prod-rtest-real/bk-20260801T143909Z-1ab4579f8d05/manifest.json	LOCAL_TEST_ONLY
.tmp/p16-rtest-real-79099/backups/data/prod-rtest-real/bk-20260801T143928Z-760c1cac61f3/backup.json	LOCAL_TEST_ONLY
.tmp/p16-rtest-real-79099/backups/data/prod-rtest-real/bk-20260801T143928Z-760c1cac61f3/checksums.txt	LOCAL_TEST_ONLY
.tmp/p16-rtest-real-79099/backups/data/prod-rtest-real/bk-20260801T143928Z-760c1cac61f3/db.dump.enc	LOCAL_TEST_ONLY
.tmp/p16-rtest-real-79099/backups/data/prod-rtest-real/bk-20260801T143928Z-760c1cac61f3/filestore.tar.zst.enc	LOCAL_TEST_ONLY
.tmp/p16-rtest-real-79099/backups/data/prod-rtest-real/bk-20260801T143928Z-760c1cac61f3/manifest.json	LOCAL_TEST_ONLY
.tmp/p16-rtest-real-79099/backups/data/prod-rtest-real/bk-20260801T143946Z-1557e94c62eb/backup.json	LOCAL_TEST_ONLY
.tmp/p16-rtest-real-79099/backups/data/prod-rtest-real/bk-20260801T143946Z-1557e94c62eb/checksums.txt	LOCAL_TEST_ONLY
.tmp/p16-rtest-real-79099/backups/data/prod-rtest-real/bk-20260801T143946Z-1557e94c62eb/db.dump.enc	LOCAL_TEST_ONLY
.tmp/p16-rtest-real-79099/backups/data/prod-rtest-real/bk-20260801T143946Z-1557e94c62eb/filestore.tar.zst.enc	LOCAL_TEST_ONLY
.tmp/p16-rtest-real-79099/backups/data/prod-rtest-real/bk-20260801T143946Z-1557e94c62eb/manifest.json	LOCAL_TEST_ONLY
.tmp/p16-rtest-real-79099/backups/data/prod-rtest-real/bk-20260801T143952Z-0d3dd9f1b0ed/backup.json	LOCAL_TEST_ONLY
.tmp/p16-rtest-real-79099/backups/data/prod-rtest-real/bk-20260801T143952Z-0d3dd9f1b0ed/checksums.txt	LOCAL_TEST_ONLY
.tmp/p16-rtest-real-79099/backups/data/prod-rtest-real/bk-20260801T143952Z-0d3dd9f1b0ed/db.dump.enc	LOCAL_TEST_ONLY
.tmp/p16-rtest-real-79099/backups/data/prod-rtest-real/bk-20260801T143952Z-0d3dd9f1b0ed/filestore.tar.zst.enc	LOCAL_TEST_ONLY
.tmp/p16-rtest-real-79099/backups/data/prod-rtest-real/bk-20260801T143952Z-0d3dd9f1b0ed/manifest.json	LOCAL_TEST_ONLY
.tmp/p16-rtest-real-79099/backups/data/prod-rtest-real/bk-20260801T143958Z-a689b4b908f9/backup.json	LOCAL_TEST_ONLY
.tmp/p16-rtest-real-79099/backups/data/prod-rtest-real/bk-20260801T143958Z-a689b4b908f9/checksums.txt	LOCAL_TEST_ONLY
.tmp/p16-rtest-real-79099/backups/data/prod-rtest-real/bk-20260801T143958Z-a689b4b908f9/db.dump.enc	LOCAL_TEST_ONLY
.tmp/p16-rtest-real-79099/backups/data/prod-rtest-real/bk-20260801T143958Z-a689b4b908f9/filestore.tar.zst.enc	LOCAL_TEST_ONLY
.tmp/p16-rtest-real-79099/backups/data/prod-rtest-real/bk-20260801T143958Z-a689b4b908f9/manifest.json	LOCAL_TEST_ONLY
.tmp/p16-rtest-real-79099/backups/data/prod-rtest-real/bk-20260801T144004Z-c860a1d8dff5/backup.json	LOCAL_TEST_ONLY
.tmp/p16-rtest-real-79099/backups/data/prod-rtest-real/bk-20260801T144004Z-c860a1d8dff5/checksums.txt	LOCAL_TEST_ONLY
.tmp/p16-rtest-real-79099/backups/data/prod-rtest-real/bk-20260801T144004Z-c860a1d8dff5/db.dump.enc	LOCAL_TEST_ONLY
.tmp/p16-rtest-real-79099/backups/data/prod-rtest-real/bk-20260801T144004Z-c860a1d8dff5/filestore.tar.zst.enc	LOCAL_TEST_ONLY
.tmp/p16-rtest-real-79099/backups/data/prod-rtest-real/bk-20260801T144004Z-c860a1d8dff5/manifest.json	LOCAL_TEST_ONLY
.tmp/p16-rtest-real-79099/backups/data/prod-rtest-real/bk-20260801T144012Z-480b0f8c8ce7/backup.json	LOCAL_TEST_ONLY
.tmp/p16-rtest-real-79099/backups/data/prod-rtest-real/bk-20260801T144012Z-480b0f8c8ce7/checksums.txt	LOCAL_TEST_ONLY
.tmp/p16-rtest-real-79099/backups/data/prod-rtest-real/bk-20260801T144012Z-480b0f8c8ce7/db.dump.enc	LOCAL_TEST_ONLY
.tmp/p16-rtest-real-79099/backups/data/prod-rtest-real/bk-20260801T144012Z-480b0f8c8ce7/filestore.tar.zst.enc	LOCAL_TEST_ONLY
.tmp/p16-rtest-real-79099/backups/data/prod-rtest-real/bk-20260801T144012Z-480b0f8c8ce7/manifest.json	LOCAL_TEST_ONLY
.tmp/p16-rtest-real-79099/backups/destinations/local-primary.json	LOCAL_TEST_ONLY
.tmp/p16-rtest-real-79099/backups/inventory/index.json	LOCAL_TEST_ONLY
.tmp/p16-rtest-real-79099/backups/operations/bkop-20260801173909-97998d97/production.json	LOCAL_TEST_ONLY
.tmp/p16-rtest-real-79099/backups/operations/bkop-20260801173909-97998d97/retention_class.json	LOCAL_TEST_ONLY
.tmp/p16-rtest-real-79099/backups/operations/bkop-20260801173909-97998d97/state.json	LOCAL_TEST_ONLY
.tmp/p16-rtest-real-79099/backups/operations/bkop-20260801173928-4c3ac474/production.json	LOCAL_TEST_ONLY
.tmp/p16-rtest-real-79099/backups/operations/bkop-20260801173928-4c3ac474/retention_class.json	LOCAL_TEST_ONLY
.tmp/p16-rtest-real-79099/backups/operations/bkop-20260801173928-4c3ac474/state.json	LOCAL_TEST_ONLY
.tmp/p16-rtest-real-79099/backups/operations/bkop-20260801173946-eee347d3/production.json	LOCAL_TEST_ONLY
.tmp/p16-rtest-real-79099/backups/operations/bkop-20260801173946-eee347d3/retention_class.json	LOCAL_TEST_ONLY
.tmp/p16-rtest-real-79099/backups/operations/bkop-20260801173946-eee347d3/state.json	LOCAL_TEST_ONLY
.tmp/p16-rtest-real-79099/backups/operations/bkop-20260801173952-7cb4aac5/production.json	LOCAL_TEST_ONLY
.tmp/p16-rtest-real-79099/backups/operations/bkop-20260801173952-7cb4aac5/retention_class.json	LOCAL_TEST_ONLY
.tmp/p16-rtest-real-79099/backups/operations/bkop-20260801173952-7cb4aac5/state.json	LOCAL_TEST_ONLY
.tmp/p16-rtest-real-79099/backups/operations/bkop-20260801173958-c3f7cb4c/production.json	LOCAL_TEST_ONLY
.tmp/p16-rtest-real-79099/backups/operations/bkop-20260801173958-c3f7cb4c/retention_class.json	LOCAL_TEST_ONLY
.tmp/p16-rtest-real-79099/backups/operations/bkop-20260801173958-c3f7cb4c/state.json	LOCAL_TEST_ONLY
.tmp/p16-rtest-real-79099/backups/operations/bkop-20260801174004-4647b7bb/production.json	LOCAL_TEST_ONLY
.tmp/p16-rtest-real-79099/backups/operations/bkop-20260801174004-4647b7bb/retention_class.json	LOCAL_TEST_ONLY
.tmp/p16-rtest-real-79099/backups/operations/bkop-20260801174004-4647b7bb/state.json	LOCAL_TEST_ONLY
.tmp/p16-rtest-real-79099/backups/operations/bkop-20260801174012-61a08ec7/production.json	LOCAL_TEST_ONLY
.tmp/p16-rtest-real-79099/backups/operations/bkop-20260801174012-61a08ec7/retention_class.json	LOCAL_TEST_ONLY
.tmp/p16-rtest-real-79099/backups/operations/bkop-20260801174012-61a08ec7/state.json	LOCAL_TEST_ONLY
.tmp/p16-rtest-real-79099/backups/secrets/manifest.key	SECRET_OR_SENSITIVE
.tmp/p16-rtest-real-79099/backups/staging/quiesce-prod-rtest-real.marker	LOCAL_TEST_ONLY
.tmp/p16-rtest-real-79099/ops/operations/bkop-20260801173909-97998d97/canonical.json	LOCAL_TEST_ONLY
.tmp/p16-rtest-real-79099/ops/operations/bkop-20260801173909-97998d97/events.jsonl	LOCAL_TEST_ONLY
.tmp/p16-rtest-real-79099/ops/operations/bkop-20260801173928-4c3ac474/canonical.json	LOCAL_TEST_ONLY
.tmp/p16-rtest-real-79099/ops/operations/bkop-20260801173928-4c3ac474/events.jsonl	LOCAL_TEST_ONLY
.tmp/p16-rtest-real-79099/ops/operations/bkop-20260801173946-eee347d3/canonical.json	LOCAL_TEST_ONLY
.tmp/p16-rtest-real-79099/ops/operations/bkop-20260801173946-eee347d3/events.jsonl	LOCAL_TEST_ONLY
.tmp/p16-rtest-real-79099/ops/operations/bkop-20260801173952-7cb4aac5/canonical.json	LOCAL_TEST_ONLY
.tmp/p16-rtest-real-79099/ops/operations/bkop-20260801173952-7cb4aac5/events.jsonl	LOCAL_TEST_ONLY
.tmp/p16-rtest-real-79099/ops/operations/bkop-20260801173958-c3f7cb4c/canonical.json	LOCAL_TEST_ONLY
.tmp/p16-rtest-real-79099/ops/operations/bkop-20260801173958-c3f7cb4c/events.jsonl	LOCAL_TEST_ONLY
.tmp/p16-rtest-real-79099/ops/operations/bkop-20260801174004-4647b7bb/canonical.json	LOCAL_TEST_ONLY
.tmp/p16-rtest-real-79099/ops/operations/bkop-20260801174004-4647b7bb/events.jsonl	LOCAL_TEST_ONLY
.tmp/p16-rtest-real-79099/ops/operations/bkop-20260801174012-61a08ec7/canonical.json	LOCAL_TEST_ONLY
.tmp/p16-rtest-real-79099/ops/operations/bkop-20260801174012-61a08ec7/events.jsonl	LOCAL_TEST_ONLY
.tmp/p16-rtest-real-79099/ops/registry/history/bkop-20260801173909-97998d97.jsonl	LOCAL_TEST_ONLY
.tmp/p16-rtest-real-79099/ops/registry/history/bkop-20260801173928-4c3ac474.jsonl	LOCAL_TEST_ONLY
.tmp/p16-rtest-real-79099/ops/registry/history/bkop-20260801173946-eee347d3.jsonl	LOCAL_TEST_ONLY
.tmp/p16-rtest-real-79099/ops/registry/history/bkop-20260801173952-7cb4aac5.jsonl	LOCAL_TEST_ONLY
.tmp/p16-rtest-real-79099/ops/registry/history/bkop-20260801173958-c3f7cb4c.jsonl	LOCAL_TEST_ONLY
.tmp/p16-rtest-real-79099/ops/registry/history/bkop-20260801174004-4647b7bb.jsonl	LOCAL_TEST_ONLY
.tmp/p16-rtest-real-79099/ops/registry/history/bkop-20260801174012-61a08ec7.jsonl	LOCAL_TEST_ONLY
.tmp/p16-rtest-real-79099/ops/registry/index/bkop-20260801173909-97998d97.json	LOCAL_TEST_ONLY
.tmp/p16-rtest-real-79099/ops/registry/index/bkop-20260801173928-4c3ac474.json	LOCAL_TEST_ONLY
.tmp/p16-rtest-real-79099/ops/registry/index/bkop-20260801173946-eee347d3.json	LOCAL_TEST_ONLY
.tmp/p16-rtest-real-79099/ops/registry/index/bkop-20260801173952-7cb4aac5.json	LOCAL_TEST_ONLY
.tmp/p16-rtest-real-79099/ops/registry/index/bkop-20260801173958-c3f7cb4c.json	LOCAL_TEST_ONLY
.tmp/p16-rtest-real-79099/ops/registry/index/bkop-20260801174004-4647b7bb.json	LOCAL_TEST_ONLY
.tmp/p16-rtest-real-79099/ops/registry/index/bkop-20260801174012-61a08ec7.json	LOCAL_TEST_ONLY
.tmp/p16-rtest-real-79099/ops/registry/locks/bkop-20260801173909-97998d97/owner.json	LOCAL_TEST_ONLY
.tmp/p16-rtest-real-79099/ops/registry/locks/bkop-20260801173928-4c3ac474/owner.json	LOCAL_TEST_ONLY
.tmp/p16-rtest-real-79099/ops/registry/locks/bkop-20260801173946-eee347d3/owner.json	LOCAL_TEST_ONLY
.tmp/p16-rtest-real-79099/ops/registry/locks/bkop-20260801173952-7cb4aac5/owner.json	LOCAL_TEST_ONLY
.tmp/p16-rtest-real-79099/ops/registry/locks/bkop-20260801173958-c3f7cb4c/owner.json	LOCAL_TEST_ONLY
.tmp/p16-rtest-real-79099/ops/registry/locks/bkop-20260801174004-4647b7bb/owner.json	LOCAL_TEST_ONLY
.tmp/p16-rtest-real-79099/ops/registry/locks/bkop-20260801174012-61a08ec7/owner.json	LOCAL_TEST_ONLY
.tmp/p16-rtest-real-79099/rtest-host/addons/p16_bad_addon/__init__.py	LOCAL_TEST_ONLY
.tmp/p16-rtest-real-79099/rtest-host/addons/p16_bad_addon/__manifest__.py	LOCAL_TEST_ONLY
.tmp/p16-rtest-real-79099/rtest-host/filestore/att1	LOCAL_TEST_ONLY
.tmp/p16-rtest-real-79099/tenant/prod-rtest-real/db/marker	LOCAL_TEST_ONLY
.tmp/p16-rtest-real-79099/tenant/prod-rtest-real/filestore/att1	LOCAL_TEST_ONLY
.tmp/p16-rtest-real-79099/tenant/prod-rtest-real/identity.json	LOCAL_TEST_ONLY
.tmp/p16-rtest-real-96523/backups/candidates/rtest-bk-20260802T172320Z-ddd295eff4aa/db/db.dump	LOCAL_TEST_ONLY
.tmp/p16-rtest-real-96523/backups/candidates/rtest-bk-20260802T172320Z-ddd295eff4aa/filestore.archive	LOCAL_TEST_ONLY
.tmp/p16-rtest-real-96523/backups/candidates/rtest-bk-20260802T172320Z-ddd295eff4aa/filestore/att1	LOCAL_TEST_ONLY
.tmp/p16-rtest-real-96523/backups/data/.soviez-backup-destination	LOCAL_TEST_ONLY
.tmp/p16-rtest-real-96523/backups/data/prod-rtest-real/bk-20260802T172301Z-71c4c1207ad2/backup.json	LOCAL_TEST_ONLY
.tmp/p16-rtest-real-96523/backups/data/prod-rtest-real/bk-20260802T172301Z-71c4c1207ad2/checksums.txt	LOCAL_TEST_ONLY
.tmp/p16-rtest-real-96523/backups/data/prod-rtest-real/bk-20260802T172301Z-71c4c1207ad2/db.dump.enc	LOCAL_TEST_ONLY
.tmp/p16-rtest-real-96523/backups/data/prod-rtest-real/bk-20260802T172301Z-71c4c1207ad2/filestore.tar.zst.enc	LOCAL_TEST_ONLY
.tmp/p16-rtest-real-96523/backups/data/prod-rtest-real/bk-20260802T172301Z-71c4c1207ad2/manifest.json	LOCAL_TEST_ONLY
.tmp/p16-rtest-real-96523/backups/data/prod-rtest-real/bk-20260802T172320Z-ddd295eff4aa/backup.json	LOCAL_TEST_ONLY
.tmp/p16-rtest-real-96523/backups/data/prod-rtest-real/bk-20260802T172320Z-ddd295eff4aa/checksums.txt	LOCAL_TEST_ONLY
.tmp/p16-rtest-real-96523/backups/data/prod-rtest-real/bk-20260802T172320Z-ddd295eff4aa/db.dump.enc	LOCAL_TEST_ONLY
.tmp/p16-rtest-real-96523/backups/data/prod-rtest-real/bk-20260802T172320Z-ddd295eff4aa/filestore.tar.zst.enc	LOCAL_TEST_ONLY
.tmp/p16-rtest-real-96523/backups/data/prod-rtest-real/bk-20260802T172320Z-ddd295eff4aa/manifest.json	LOCAL_TEST_ONLY
.tmp/p16-rtest-real-96523/backups/destinations/local-primary.json	LOCAL_TEST_ONLY
.tmp/p16-rtest-real-96523/backups/inventory/index.json	LOCAL_TEST_ONLY
.tmp/p16-rtest-real-96523/backups/operations/bkop-20260802202301-7552259c/production.json	LOCAL_TEST_ONLY
.tmp/p16-rtest-real-96523/backups/operations/bkop-20260802202301-7552259c/retention_class.json	LOCAL_TEST_ONLY
.tmp/p16-rtest-real-96523/backups/operations/bkop-20260802202301-7552259c/state.json	LOCAL_TEST_ONLY
.tmp/p16-rtest-real-96523/backups/operations/bkop-20260802202320-20c5065f/production.json	LOCAL_TEST_ONLY
.tmp/p16-rtest-real-96523/backups/operations/bkop-20260802202320-20c5065f/retention_class.json	LOCAL_TEST_ONLY
.tmp/p16-rtest-real-96523/backups/operations/bkop-20260802202320-20c5065f/state.json	LOCAL_TEST_ONLY
.tmp/p16-rtest-real-96523/backups/secrets/manifest.key	SECRET_OR_SENSITIVE
.tmp/p16-rtest-real-96523/backups/staging/quiesce-prod-rtest-real.marker	LOCAL_TEST_ONLY
.tmp/p16-rtest-real-96523/ops/operations/bkop-20260802202301-7552259c/canonical.json	LOCAL_TEST_ONLY
.tmp/p16-rtest-real-96523/ops/operations/bkop-20260802202301-7552259c/events.jsonl	LOCAL_TEST_ONLY
.tmp/p16-rtest-real-96523/ops/operations/bkop-20260802202320-20c5065f/canonical.json	LOCAL_TEST_ONLY
.tmp/p16-rtest-real-96523/ops/operations/bkop-20260802202320-20c5065f/events.jsonl	LOCAL_TEST_ONLY
.tmp/p16-rtest-real-96523/ops/registry/history/bkop-20260802202301-7552259c.jsonl	LOCAL_TEST_ONLY
.tmp/p16-rtest-real-96523/ops/registry/history/bkop-20260802202320-20c5065f.jsonl	LOCAL_TEST_ONLY
.tmp/p16-rtest-real-96523/ops/registry/index/bkop-20260802202301-7552259c.json	LOCAL_TEST_ONLY
.tmp/p16-rtest-real-96523/ops/registry/index/bkop-20260802202320-20c5065f.json	LOCAL_TEST_ONLY
.tmp/p16-rtest-real-96523/ops/registry/locks/bkop-20260802202301-7552259c/owner.json	LOCAL_TEST_ONLY
.tmp/p16-rtest-real-96523/ops/registry/locks/bkop-20260802202320-20c5065f/owner.json	LOCAL_TEST_ONLY
.tmp/p16-rtest-real-96523/rtest-host/filestore/att1	LOCAL_TEST_ONLY
.tmp/p16-rtest-real-96523/tenant/prod-rtest-real/db/marker	LOCAL_TEST_ONLY
.tmp/p16-rtest-real-96523/tenant/prod-rtest-real/filestore/att1	LOCAL_TEST_ONLY
.tmp/p16-rtest-real-96523/tenant/prod-rtest-real/identity.json	LOCAL_TEST_ONLY
.tmp/p16-s3-real-97665/backups/destinations/minio-real.json	LOCAL_TEST_ONLY
.tmp/p16-s3-real-97665/backups/secrets/minio-real.secret	LOCAL_TEST_ONLY
.tmp/p16-s3-real-97665/tenant/prod-s3-real/db/marker	LOCAL_TEST_ONLY
.tmp/p16-s3-real-97665/tenant/prod-s3-real/filestore/payload.bin	LOCAL_TEST_ONLY
.tmp/p16-s3-real-97665/tenant/prod-s3-real/identity.json	LOCAL_TEST_ONLY
.tmp/p16-sftp-debug/backups/data/prod-sftp-real/bk-20260801T142417Z-09ccc5dd79b2/backup.json	LOCAL_TEST_ONLY
.tmp/p16-sftp-debug/backups/data/prod-sftp-real/bk-20260801T142417Z-09ccc5dd79b2/checksums.txt	LOCAL_TEST_ONLY
.tmp/p16-sftp-debug/backups/data/prod-sftp-real/bk-20260801T142417Z-09ccc5dd79b2/db.dump.enc	LOCAL_TEST_ONLY
.tmp/p16-sftp-debug/backups/data/prod-sftp-real/bk-20260801T142417Z-09ccc5dd79b2/filestore.tar.zst.enc	LOCAL_TEST_ONLY
.tmp/p16-sftp-debug/backups/data/prod-sftp-real/bk-20260801T142417Z-09ccc5dd79b2/manifest.json	LOCAL_TEST_ONLY
.tmp/p16-sftp-debug/backups/destinations/sftp-real.json	LOCAL_TEST_ONLY
.tmp/p16-sftp-debug/backups/inventory/index.json	LOCAL_TEST_ONLY
.tmp/p16-sftp-debug/backups/operations/bkop-20260801172417-741fcdfc/production.json	LOCAL_TEST_ONLY
.tmp/p16-sftp-debug/backups/operations/bkop-20260801172417-741fcdfc/retention_class.json	LOCAL_TEST_ONLY
.tmp/p16-sftp-debug/backups/operations/bkop-20260801172417-741fcdfc/state.json	LOCAL_TEST_ONLY
.tmp/p16-sftp-debug/backups/secrets/manifest.key	SECRET_OR_SENSITIVE
.tmp/p16-sftp-debug/backups/secrets/sftp-real.identity	LOCAL_TEST_ONLY
.tmp/p16-sftp-debug/backups/secrets/sftp-real.known_hosts	LOCAL_TEST_ONLY
.tmp/p16-sftp-debug/backups/secrets/sftp-real.secret	LOCAL_TEST_ONLY
.tmp/p16-sftp-debug/backups/staging/quiesce-prod-sftp-real.marker	LOCAL_TEST_ONLY
.tmp/p16-sftp-debug/ops/operations/bkop-20260801172417-741fcdfc/canonical.json	LOCAL_TEST_ONLY
.tmp/p16-sftp-debug/ops/operations/bkop-20260801172417-741fcdfc/events.jsonl	LOCAL_TEST_ONLY
.tmp/p16-sftp-debug/ops/registry/history/bkop-20260801172417-741fcdfc.jsonl	LOCAL_TEST_ONLY
.tmp/p16-sftp-debug/ops/registry/index/bkop-20260801172417-741fcdfc.json	LOCAL_TEST_ONLY
.tmp/p16-sftp-debug/ops/registry/locks/bkop-20260801172417-741fcdfc/owner.json	LOCAL_TEST_ONLY
.tmp/p16-sftp-debug/tenant/prod-sftp-real/db/marker	LOCAL_TEST_ONLY
.tmp/p16-sftp-debug/tenant/prod-sftp-real/filestore/a.bin	LOCAL_TEST_ONLY
.tmp/p16-sftp-debug/tenant/prod-sftp-real/identity.json	LOCAL_TEST_ONLY
.tmp/p16-sftp-real-11108/backups/data/prod-sftp-real/bk-20260801T143046Z-4339b367932f/backup.json	LOCAL_TEST_ONLY
.tmp/p16-sftp-real-11108/backups/data/prod-sftp-real/bk-20260801T143046Z-4339b367932f/checksums.txt	LOCAL_TEST_ONLY
.tmp/p16-sftp-real-11108/backups/data/prod-sftp-real/bk-20260801T143046Z-4339b367932f/db.dump.enc	LOCAL_TEST_ONLY
.tmp/p16-sftp-real-11108/backups/data/prod-sftp-real/bk-20260801T143046Z-4339b367932f/filestore.tar.zst.enc	LOCAL_TEST_ONLY
.tmp/p16-sftp-real-11108/backups/data/prod-sftp-real/bk-20260801T143046Z-4339b367932f/manifest.json	LOCAL_TEST_ONLY
.tmp/p16-sftp-real-11108/backups/destinations/sftp-badhk.json	LOCAL_TEST_ONLY
.tmp/p16-sftp-real-11108/backups/destinations/sftp-real.json	LOCAL_TEST_ONLY
.tmp/p16-sftp-real-11108/backups/inventory/index.json	LOCAL_TEST_ONLY
.tmp/p16-sftp-real-11108/backups/operations/bkop-20260801173046-27623096/production.json	LOCAL_TEST_ONLY
.tmp/p16-sftp-real-11108/backups/operations/bkop-20260801173046-27623096/retention_class.json	LOCAL_TEST_ONLY
.tmp/p16-sftp-real-11108/backups/operations/bkop-20260801173046-27623096/state.json	LOCAL_TEST_ONLY
.tmp/p16-sftp-real-11108/backups/secrets/manifest.key	SECRET_OR_SENSITIVE
.tmp/p16-sftp-real-11108/backups/secrets/sftp-badhk.secret	LOCAL_TEST_ONLY
.tmp/p16-sftp-real-11108/backups/secrets/sftp-real.identity	LOCAL_TEST_ONLY
.tmp/p16-sftp-real-11108/backups/secrets/sftp-real.known_hosts	LOCAL_TEST_ONLY
.tmp/p16-sftp-real-11108/backups/secrets/sftp-real.secret	LOCAL_TEST_ONLY
.tmp/p16-sftp-real-11108/backups/staging/quiesce-prod-sftp-real.marker	LOCAL_TEST_ONLY
.tmp/p16-sftp-real-11108/bad_known_hosts	LOCAL_TEST_ONLY
.tmp/p16-sftp-real-11108/ops/operations/bkop-20260801173046-27623096/canonical.json	LOCAL_TEST_ONLY
.tmp/p16-sftp-real-11108/ops/operations/bkop-20260801173046-27623096/events.jsonl	LOCAL_TEST_ONLY
.tmp/p16-sftp-real-11108/ops/registry/history/bkop-20260801173046-27623096.jsonl	LOCAL_TEST_ONLY
.tmp/p16-sftp-real-11108/ops/registry/index/bkop-20260801173046-27623096.json	LOCAL_TEST_ONLY
.tmp/p16-sftp-real-11108/ops/registry/locks/bkop-20260801173046-27623096/owner.json	LOCAL_TEST_ONLY
.tmp/p16-sftp-real-11108/remote.ls	LOCAL_TEST_ONLY
.tmp/p16-sftp-real-11108/sftp-dl/checksums.txt	LOCAL_TEST_ONLY
.tmp/p16-sftp-real-11108/sftp-dl/db.dump.enc	LOCAL_TEST_ONLY
.tmp/p16-sftp-real-11108/sftp-dl/filestore.tar.zst.enc	LOCAL_TEST_ONLY
.tmp/p16-sftp-real-11108/sftp-dl/manifest.json	LOCAL_TEST_ONLY
.tmp/p16-sftp-real-11108/tenant/prod-sftp-real/db/marker	LOCAL_TEST_ONLY
.tmp/p16-sftp-real-11108/tenant/prod-sftp-real/filestore/a.bin	LOCAL_TEST_ONLY
.tmp/p16-sftp-real-11108/tenant/prod-sftp-real/identity.json	LOCAL_TEST_ONLY
.tmp/p16-sftp-real-13986/backups/data/prod-sftp-real/bk-20260801T143108Z-b11b5c3d14fa/backup.json	LOCAL_TEST_ONLY
.tmp/p16-sftp-real-13986/backups/data/prod-sftp-real/bk-20260801T143108Z-b11b5c3d14fa/checksums.txt	LOCAL_TEST_ONLY
.tmp/p16-sftp-real-13986/backups/data/prod-sftp-real/bk-20260801T143108Z-b11b5c3d14fa/db.dump.enc	LOCAL_TEST_ONLY
.tmp/p16-sftp-real-13986/backups/data/prod-sftp-real/bk-20260801T143108Z-b11b5c3d14fa/filestore.tar.zst.enc	LOCAL_TEST_ONLY
.tmp/p16-sftp-real-13986/backups/data/prod-sftp-real/bk-20260801T143108Z-b11b5c3d14fa/manifest.json	LOCAL_TEST_ONLY
.tmp/p16-sftp-real-13986/backups/destinations/sftp-badhk.json	LOCAL_TEST_ONLY
.tmp/p16-sftp-real-13986/backups/destinations/sftp-real.json	LOCAL_TEST_ONLY
.tmp/p16-sftp-real-13986/backups/inventory/index.json	LOCAL_TEST_ONLY
.tmp/p16-sftp-real-13986/backups/operations/bkop-20260801173108-3755633d/production.json	LOCAL_TEST_ONLY
.tmp/p16-sftp-real-13986/backups/operations/bkop-20260801173108-3755633d/retention_class.json	LOCAL_TEST_ONLY
.tmp/p16-sftp-real-13986/backups/operations/bkop-20260801173108-3755633d/state.json	LOCAL_TEST_ONLY
.tmp/p16-sftp-real-13986/backups/secrets/manifest.key	SECRET_OR_SENSITIVE
.tmp/p16-sftp-real-13986/backups/secrets/sftp-badhk.secret	LOCAL_TEST_ONLY
.tmp/p16-sftp-real-13986/backups/secrets/sftp-real.identity	LOCAL_TEST_ONLY
.tmp/p16-sftp-real-13986/backups/secrets/sftp-real.known_hosts	LOCAL_TEST_ONLY
.tmp/p16-sftp-real-13986/backups/secrets/sftp-real.secret	LOCAL_TEST_ONLY
.tmp/p16-sftp-real-13986/backups/staging/quiesce-prod-sftp-real.marker	LOCAL_TEST_ONLY
.tmp/p16-sftp-real-13986/bad_known_hosts	LOCAL_TEST_ONLY
.tmp/p16-sftp-real-13986/ops/operations/bkop-20260801173108-3755633d/canonical.json	LOCAL_TEST_ONLY
.tmp/p16-sftp-real-13986/ops/operations/bkop-20260801173108-3755633d/events.jsonl	LOCAL_TEST_ONLY
.tmp/p16-sftp-real-13986/ops/registry/history/bkop-20260801173108-3755633d.jsonl	LOCAL_TEST_ONLY
.tmp/p16-sftp-real-13986/ops/registry/index/bkop-20260801173108-3755633d.json	LOCAL_TEST_ONLY
.tmp/p16-sftp-real-13986/ops/registry/locks/bkop-20260801173108-3755633d/owner.json	LOCAL_TEST_ONLY
.tmp/p16-sftp-real-13986/remote.ls	LOCAL_TEST_ONLY
.tmp/p16-sftp-real-13986/sftp-dl/checksums.txt	LOCAL_TEST_ONLY
.tmp/p16-sftp-real-13986/sftp-dl/db.dump.enc	LOCAL_TEST_ONLY
.tmp/p16-sftp-real-13986/sftp-dl/filestore.tar.zst.enc	LOCAL_TEST_ONLY
.tmp/p16-sftp-real-13986/sftp-dl/manifest.json	LOCAL_TEST_ONLY
.tmp/p16-sftp-real-13986/tenant/prod-sftp-real/db/marker	LOCAL_TEST_ONLY
.tmp/p16-sftp-real-13986/tenant/prod-sftp-real/filestore/a.bin	LOCAL_TEST_ONLY
.tmp/p16-sftp-real-13986/tenant/prod-sftp-real/identity.json	LOCAL_TEST_ONLY
.tmp/p16-sftp-real-16827/backups/data/prod-sftp-real/bk-20260801T143135Z-6c7873c8aa67/backup.json	LOCAL_TEST_ONLY
.tmp/p16-sftp-real-16827/backups/data/prod-sftp-real/bk-20260801T143135Z-6c7873c8aa67/checksums.txt	LOCAL_TEST_ONLY
.tmp/p16-sftp-real-16827/backups/data/prod-sftp-real/bk-20260801T143135Z-6c7873c8aa67/db.dump.enc	LOCAL_TEST_ONLY
.tmp/p16-sftp-real-16827/backups/data/prod-sftp-real/bk-20260801T143135Z-6c7873c8aa67/filestore.tar.zst.enc	LOCAL_TEST_ONLY
.tmp/p16-sftp-real-16827/backups/data/prod-sftp-real/bk-20260801T143135Z-6c7873c8aa67/manifest.json	LOCAL_TEST_ONLY
.tmp/p16-sftp-real-16827/backups/destinations/sftp-badhk.json	LOCAL_TEST_ONLY
.tmp/p16-sftp-real-16827/backups/destinations/sftp-real.json	LOCAL_TEST_ONLY
.tmp/p16-sftp-real-16827/backups/inventory/index.json	LOCAL_TEST_ONLY
.tmp/p16-sftp-real-16827/backups/operations/bkop-20260801173135-9777b373/production.json	LOCAL_TEST_ONLY
.tmp/p16-sftp-real-16827/backups/operations/bkop-20260801173135-9777b373/retention_class.json	LOCAL_TEST_ONLY
.tmp/p16-sftp-real-16827/backups/operations/bkop-20260801173135-9777b373/state.json	LOCAL_TEST_ONLY
.tmp/p16-sftp-real-16827/backups/secrets/manifest.key	SECRET_OR_SENSITIVE
.tmp/p16-sftp-real-16827/backups/secrets/sftp-badhk.secret	LOCAL_TEST_ONLY
.tmp/p16-sftp-real-16827/backups/secrets/sftp-real.identity	LOCAL_TEST_ONLY
.tmp/p16-sftp-real-16827/backups/secrets/sftp-real.known_hosts	LOCAL_TEST_ONLY
.tmp/p16-sftp-real-16827/backups/secrets/sftp-real.secret	LOCAL_TEST_ONLY
.tmp/p16-sftp-real-16827/backups/staging/quiesce-prod-sftp-real.marker	LOCAL_TEST_ONLY
.tmp/p16-sftp-real-16827/bad_known_hosts	LOCAL_TEST_ONLY
.tmp/p16-sftp-real-16827/ops/operations/bkop-20260801173135-9777b373/canonical.json	LOCAL_TEST_ONLY
.tmp/p16-sftp-real-16827/ops/operations/bkop-20260801173135-9777b373/events.jsonl	LOCAL_TEST_ONLY
.tmp/p16-sftp-real-16827/ops/registry/history/bkop-20260801173135-9777b373.jsonl	LOCAL_TEST_ONLY
.tmp/p16-sftp-real-16827/ops/registry/index/bkop-20260801173135-9777b373.json	LOCAL_TEST_ONLY
.tmp/p16-sftp-real-16827/ops/registry/locks/bkop-20260801173135-9777b373/owner.json	LOCAL_TEST_ONLY
.tmp/p16-sftp-real-16827/remote.ls	LOCAL_TEST_ONLY
.tmp/p16-sftp-real-16827/sftp-dl/checksums.txt	LOCAL_TEST_ONLY
.tmp/p16-sftp-real-16827/sftp-dl/db.dump.enc	LOCAL_TEST_ONLY
.tmp/p16-sftp-real-16827/sftp-dl/filestore.tar.zst.enc	LOCAL_TEST_ONLY
.tmp/p16-sftp-real-16827/sftp-dl/manifest.json	LOCAL_TEST_ONLY
.tmp/p16-sftp-real-16827/tenant/prod-sftp-real/db/marker	LOCAL_TEST_ONLY
.tmp/p16-sftp-real-16827/tenant/prod-sftp-real/filestore/a.bin	LOCAL_TEST_ONLY
.tmp/p16-sftp-real-16827/tenant/prod-sftp-real/identity.json	LOCAL_TEST_ONLY
.tmp/p16-sftp-real-17513/backups/data/prod-sftp-real/bk-20260802T181831Z-0d807af7b6d8/backup.json	LOCAL_TEST_ONLY
.tmp/p16-sftp-real-17513/backups/data/prod-sftp-real/bk-20260802T181831Z-0d807af7b6d8/checksums.txt	LOCAL_TEST_ONLY
.tmp/p16-sftp-real-17513/backups/data/prod-sftp-real/bk-20260802T181831Z-0d807af7b6d8/db.dump.enc	LOCAL_TEST_ONLY
.tmp/p16-sftp-real-17513/backups/data/prod-sftp-real/bk-20260802T181831Z-0d807af7b6d8/filestore.tar.zst.enc	LOCAL_TEST_ONLY
.tmp/p16-sftp-real-17513/backups/data/prod-sftp-real/bk-20260802T181831Z-0d807af7b6d8/manifest.json	LOCAL_TEST_ONLY
.tmp/p16-sftp-real-17513/backups/destinations/sftp-badhk.json	LOCAL_TEST_ONLY
.tmp/p16-sftp-real-17513/backups/destinations/sftp-real.json	LOCAL_TEST_ONLY
.tmp/p16-sftp-real-17513/backups/inventory/index.json	LOCAL_TEST_ONLY
.tmp/p16-sftp-real-17513/backups/operations/bkop-20260802211831-a82ca172/production.json	LOCAL_TEST_ONLY
.tmp/p16-sftp-real-17513/backups/operations/bkop-20260802211831-a82ca172/retention_class.json	LOCAL_TEST_ONLY
.tmp/p16-sftp-real-17513/backups/operations/bkop-20260802211831-a82ca172/state.json	LOCAL_TEST_ONLY
.tmp/p16-sftp-real-17513/backups/secrets/manifest.key	SECRET_OR_SENSITIVE
.tmp/p16-sftp-real-17513/backups/secrets/sftp-badhk.secret	LOCAL_TEST_ONLY
.tmp/p16-sftp-real-17513/backups/secrets/sftp-real.identity	LOCAL_TEST_ONLY
.tmp/p16-sftp-real-17513/backups/secrets/sftp-real.known_hosts	LOCAL_TEST_ONLY
.tmp/p16-sftp-real-17513/backups/secrets/sftp-real.secret	LOCAL_TEST_ONLY
.tmp/p16-sftp-real-17513/backups/staging/quiesce-prod-sftp-real.marker	LOCAL_TEST_ONLY
.tmp/p16-sftp-real-17513/bad_known_hosts	LOCAL_TEST_ONLY
.tmp/p16-sftp-real-17513/ops/operations/bkop-20260802211831-a82ca172/canonical.json	LOCAL_TEST_ONLY
.tmp/p16-sftp-real-17513/ops/operations/bkop-20260802211831-a82ca172/events.jsonl	LOCAL_TEST_ONLY
.tmp/p16-sftp-real-17513/ops/registry/history/bkop-20260802211831-a82ca172.jsonl	LOCAL_TEST_ONLY
.tmp/p16-sftp-real-17513/ops/registry/index/bkop-20260802211831-a82ca172.json	LOCAL_TEST_ONLY
.tmp/p16-sftp-real-17513/ops/registry/locks/bkop-20260802211831-a82ca172/owner.json	LOCAL_TEST_ONLY
.tmp/p16-sftp-real-17513/remote.ls	LOCAL_TEST_ONLY
.tmp/p16-sftp-real-17513/tenant/prod-sftp-real/db/marker	LOCAL_TEST_ONLY
.tmp/p16-sftp-real-17513/tenant/prod-sftp-real/filestore/a.bin	LOCAL_TEST_ONLY
.tmp/p16-sftp-real-17513/tenant/prod-sftp-real/identity.json	LOCAL_TEST_ONLY
.tmp/p16-sftp-real-19973/backups/data/prod-sftp-real/bk-20260805T030711Z-1d7f97c1b2a0/backup.json	LOCAL_TEST_ONLY
.tmp/p16-sftp-real-19973/backups/data/prod-sftp-real/bk-20260805T030711Z-1d7f97c1b2a0/checksums.txt	LOCAL_TEST_ONLY
.tmp/p16-sftp-real-19973/backups/data/prod-sftp-real/bk-20260805T030711Z-1d7f97c1b2a0/db.dump.enc	LOCAL_TEST_ONLY
.tmp/p16-sftp-real-19973/backups/data/prod-sftp-real/bk-20260805T030711Z-1d7f97c1b2a0/filestore.tar.zst.enc	LOCAL_TEST_ONLY
.tmp/p16-sftp-real-19973/backups/data/prod-sftp-real/bk-20260805T030711Z-1d7f97c1b2a0/manifest.json	LOCAL_TEST_ONLY
.tmp/p16-sftp-real-19973/backups/destinations/sftp-badhk.json	LOCAL_TEST_ONLY
.tmp/p16-sftp-real-19973/backups/destinations/sftp-real.json	LOCAL_TEST_ONLY
.tmp/p16-sftp-real-19973/backups/inventory/index.json	LOCAL_TEST_ONLY
.tmp/p16-sftp-real-19973/backups/operations/bkop-20260805060711-51d2fbc0/production.json	LOCAL_TEST_ONLY
.tmp/p16-sftp-real-19973/backups/operations/bkop-20260805060711-51d2fbc0/retention_class.json	LOCAL_TEST_ONLY
.tmp/p16-sftp-real-19973/backups/operations/bkop-20260805060711-51d2fbc0/state.json	LOCAL_TEST_ONLY
.tmp/p16-sftp-real-19973/backups/secrets/manifest.key	SECRET_OR_SENSITIVE
.tmp/p16-sftp-real-19973/backups/secrets/sftp-badhk.secret	LOCAL_TEST_ONLY
.tmp/p16-sftp-real-19973/backups/secrets/sftp-real.identity	LOCAL_TEST_ONLY
.tmp/p16-sftp-real-19973/backups/secrets/sftp-real.known_hosts	LOCAL_TEST_ONLY
.tmp/p16-sftp-real-19973/backups/secrets/sftp-real.secret	LOCAL_TEST_ONLY
.tmp/p16-sftp-real-19973/backups/staging/quiesce-prod-sftp-real.marker	LOCAL_TEST_ONLY
.tmp/p16-sftp-real-19973/bad_known_hosts	LOCAL_TEST_ONLY
.tmp/p16-sftp-real-19973/ops/operations/bkop-20260805060711-51d2fbc0/canonical.json	LOCAL_TEST_ONLY
.tmp/p16-sftp-real-19973/ops/operations/bkop-20260805060711-51d2fbc0/events.jsonl	LOCAL_TEST_ONLY
.tmp/p16-sftp-real-19973/ops/registry/history/bkop-20260805060711-51d2fbc0.jsonl	LOCAL_TEST_ONLY
.tmp/p16-sftp-real-19973/ops/registry/index/bkop-20260805060711-51d2fbc0.json	LOCAL_TEST_ONLY
.tmp/p16-sftp-real-19973/ops/registry/locks/bkop-20260805060711-51d2fbc0/owner.json	LOCAL_TEST_ONLY
.tmp/p16-sftp-real-19973/remote.ls	LOCAL_TEST_ONLY
.tmp/p16-sftp-real-19973/tenant/prod-sftp-real/db/marker	LOCAL_TEST_ONLY
.tmp/p16-sftp-real-19973/tenant/prod-sftp-real/filestore/a.bin	LOCAL_TEST_ONLY
.tmp/p16-sftp-real-19973/tenant/prod-sftp-real/identity.json	LOCAL_TEST_ONLY
.tmp/p16-sftp-real-2133/backups/data/prod-sftp-real/bk-20260801T142919Z-e10ffc221960/backup.json	LOCAL_TEST_ONLY
.tmp/p16-sftp-real-2133/backups/data/prod-sftp-real/bk-20260801T142919Z-e10ffc221960/checksums.txt	LOCAL_TEST_ONLY
.tmp/p16-sftp-real-2133/backups/data/prod-sftp-real/bk-20260801T142919Z-e10ffc221960/db.dump.enc	LOCAL_TEST_ONLY
.tmp/p16-sftp-real-2133/backups/data/prod-sftp-real/bk-20260801T142919Z-e10ffc221960/filestore.tar.zst.enc	LOCAL_TEST_ONLY
.tmp/p16-sftp-real-2133/backups/data/prod-sftp-real/bk-20260801T142919Z-e10ffc221960/manifest.json	LOCAL_TEST_ONLY
.tmp/p16-sftp-real-2133/backups/destinations/sftp-badhk.json	LOCAL_TEST_ONLY
.tmp/p16-sftp-real-2133/backups/destinations/sftp-real.json	LOCAL_TEST_ONLY
.tmp/p16-sftp-real-2133/backups/inventory/index.json	LOCAL_TEST_ONLY
.tmp/p16-sftp-real-2133/backups/operations/bkop-20260801172918-164fc457/production.json	LOCAL_TEST_ONLY
.tmp/p16-sftp-real-2133/backups/operations/bkop-20260801172918-164fc457/retention_class.json	LOCAL_TEST_ONLY
.tmp/p16-sftp-real-2133/backups/operations/bkop-20260801172918-164fc457/state.json	LOCAL_TEST_ONLY
.tmp/p16-sftp-real-2133/backups/secrets/manifest.key	SECRET_OR_SENSITIVE
.tmp/p16-sftp-real-2133/backups/secrets/sftp-badhk.secret	LOCAL_TEST_ONLY
.tmp/p16-sftp-real-2133/backups/secrets/sftp-real.identity	LOCAL_TEST_ONLY
.tmp/p16-sftp-real-2133/backups/secrets/sftp-real.known_hosts	LOCAL_TEST_ONLY
.tmp/p16-sftp-real-2133/backups/secrets/sftp-real.secret	LOCAL_TEST_ONLY
.tmp/p16-sftp-real-2133/backups/staging/quiesce-prod-sftp-real.marker	LOCAL_TEST_ONLY
.tmp/p16-sftp-real-2133/bad_known_hosts	LOCAL_TEST_ONLY
.tmp/p16-sftp-real-2133/ops/operations/bkop-20260801172918-164fc457/canonical.json	LOCAL_TEST_ONLY
.tmp/p16-sftp-real-2133/ops/operations/bkop-20260801172918-164fc457/events.jsonl	LOCAL_TEST_ONLY
.tmp/p16-sftp-real-2133/ops/registry/history/bkop-20260801172918-164fc457.jsonl	LOCAL_TEST_ONLY
.tmp/p16-sftp-real-2133/ops/registry/index/bkop-20260801172918-164fc457.json	LOCAL_TEST_ONLY
.tmp/p16-sftp-real-2133/ops/registry/locks/bkop-20260801172918-164fc457/owner.json	LOCAL_TEST_ONLY
.tmp/p16-sftp-real-2133/remote.ls	LOCAL_TEST_ONLY
.tmp/p16-sftp-real-2133/tenant/prod-sftp-real/db/marker	LOCAL_TEST_ONLY
.tmp/p16-sftp-real-2133/tenant/prod-sftp-real/filestore/a.bin	LOCAL_TEST_ONLY
.tmp/p16-sftp-real-2133/tenant/prod-sftp-real/identity.json	LOCAL_TEST_ONLY
.tmp/p16-sftp-real-5290/backups/data/prod-sftp-real/bk-20260801T142957Z-f340607d1e38/backup.json	LOCAL_TEST_ONLY
.tmp/p16-sftp-real-5290/backups/data/prod-sftp-real/bk-20260801T142957Z-f340607d1e38/checksums.txt	LOCAL_TEST_ONLY
.tmp/p16-sftp-real-5290/backups/data/prod-sftp-real/bk-20260801T142957Z-f340607d1e38/db.dump.enc	LOCAL_TEST_ONLY
.tmp/p16-sftp-real-5290/backups/data/prod-sftp-real/bk-20260801T142957Z-f340607d1e38/filestore.tar.zst.enc	LOCAL_TEST_ONLY
.tmp/p16-sftp-real-5290/backups/data/prod-sftp-real/bk-20260801T142957Z-f340607d1e38/manifest.json	LOCAL_TEST_ONLY
.tmp/p16-sftp-real-5290/backups/destinations/sftp-badhk.json	LOCAL_TEST_ONLY
.tmp/p16-sftp-real-5290/backups/destinations/sftp-real.json	LOCAL_TEST_ONLY
.tmp/p16-sftp-real-5290/backups/inventory/index.json	LOCAL_TEST_ONLY
.tmp/p16-sftp-real-5290/backups/operations/bkop-20260801172957-61f1d7ca/production.json	LOCAL_TEST_ONLY
.tmp/p16-sftp-real-5290/backups/operations/bkop-20260801172957-61f1d7ca/retention_class.json	LOCAL_TEST_ONLY
.tmp/p16-sftp-real-5290/backups/operations/bkop-20260801172957-61f1d7ca/state.json	LOCAL_TEST_ONLY
.tmp/p16-sftp-real-5290/backups/secrets/manifest.key	SECRET_OR_SENSITIVE
.tmp/p16-sftp-real-5290/backups/secrets/sftp-badhk.secret	LOCAL_TEST_ONLY
.tmp/p16-sftp-real-5290/backups/secrets/sftp-real.identity	LOCAL_TEST_ONLY
.tmp/p16-sftp-real-5290/backups/secrets/sftp-real.known_hosts	LOCAL_TEST_ONLY
.tmp/p16-sftp-real-5290/backups/secrets/sftp-real.secret	LOCAL_TEST_ONLY
.tmp/p16-sftp-real-5290/backups/staging/quiesce-prod-sftp-real.marker	LOCAL_TEST_ONLY
.tmp/p16-sftp-real-5290/bad_known_hosts	LOCAL_TEST_ONLY
.tmp/p16-sftp-real-5290/ops/operations/bkop-20260801172957-61f1d7ca/canonical.json	LOCAL_TEST_ONLY
.tmp/p16-sftp-real-5290/ops/operations/bkop-20260801172957-61f1d7ca/events.jsonl	LOCAL_TEST_ONLY
.tmp/p16-sftp-real-5290/ops/registry/history/bkop-20260801172957-61f1d7ca.jsonl	LOCAL_TEST_ONLY
.tmp/p16-sftp-real-5290/ops/registry/index/bkop-20260801172957-61f1d7ca.json	LOCAL_TEST_ONLY
.tmp/p16-sftp-real-5290/ops/registry/locks/bkop-20260801172957-61f1d7ca/owner.json	LOCAL_TEST_ONLY
.tmp/p16-sftp-real-5290/remote.ls	LOCAL_TEST_ONLY
.tmp/p16-sftp-real-5290/tenant/prod-sftp-real/db/marker	LOCAL_TEST_ONLY
.tmp/p16-sftp-real-5290/tenant/prod-sftp-real/filestore/a.bin	LOCAL_TEST_ONLY
.tmp/p16-sftp-real-5290/tenant/prod-sftp-real/identity.json	LOCAL_TEST_ONLY
.tmp/p16-sftp-real-60347/backups/data/prod-sftp-real/bk-20260801T190256Z-4e88e0438a06/backup.json	LOCAL_TEST_ONLY
.tmp/p16-sftp-real-60347/backups/data/prod-sftp-real/bk-20260801T190256Z-4e88e0438a06/checksums.txt	LOCAL_TEST_ONLY
.tmp/p16-sftp-real-60347/backups/data/prod-sftp-real/bk-20260801T190256Z-4e88e0438a06/db.dump.enc	LOCAL_TEST_ONLY
.tmp/p16-sftp-real-60347/backups/data/prod-sftp-real/bk-20260801T190256Z-4e88e0438a06/filestore.tar.zst.enc	LOCAL_TEST_ONLY
.tmp/p16-sftp-real-60347/backups/data/prod-sftp-real/bk-20260801T190256Z-4e88e0438a06/manifest.json	LOCAL_TEST_ONLY
.tmp/p16-sftp-real-60347/backups/destinations/sftp-badhk.json	LOCAL_TEST_ONLY
.tmp/p16-sftp-real-60347/backups/destinations/sftp-real.json	LOCAL_TEST_ONLY
.tmp/p16-sftp-real-60347/backups/inventory/index.json	LOCAL_TEST_ONLY
.tmp/p16-sftp-real-60347/backups/operations/bkop-20260801220256-48fa8095/production.json	LOCAL_TEST_ONLY
.tmp/p16-sftp-real-60347/backups/operations/bkop-20260801220256-48fa8095/retention_class.json	LOCAL_TEST_ONLY
.tmp/p16-sftp-real-60347/backups/operations/bkop-20260801220256-48fa8095/state.json	LOCAL_TEST_ONLY
.tmp/p16-sftp-real-60347/backups/secrets/manifest.key	SECRET_OR_SENSITIVE
.tmp/p16-sftp-real-60347/backups/secrets/sftp-badhk.secret	LOCAL_TEST_ONLY
.tmp/p16-sftp-real-60347/backups/secrets/sftp-real.identity	LOCAL_TEST_ONLY
.tmp/p16-sftp-real-60347/backups/secrets/sftp-real.known_hosts	LOCAL_TEST_ONLY
.tmp/p16-sftp-real-60347/backups/secrets/sftp-real.secret	LOCAL_TEST_ONLY
.tmp/p16-sftp-real-60347/backups/staging/quiesce-prod-sftp-real.marker	LOCAL_TEST_ONLY
.tmp/p16-sftp-real-60347/bad_known_hosts	LOCAL_TEST_ONLY
.tmp/p16-sftp-real-60347/ops/operations/bkop-20260801220256-48fa8095/canonical.json	LOCAL_TEST_ONLY
.tmp/p16-sftp-real-60347/ops/operations/bkop-20260801220256-48fa8095/events.jsonl	LOCAL_TEST_ONLY
.tmp/p16-sftp-real-60347/ops/registry/history/bkop-20260801220256-48fa8095.jsonl	LOCAL_TEST_ONLY
.tmp/p16-sftp-real-60347/ops/registry/index/bkop-20260801220256-48fa8095.json	LOCAL_TEST_ONLY
.tmp/p16-sftp-real-60347/ops/registry/locks/bkop-20260801220256-48fa8095/owner.json	LOCAL_TEST_ONLY
.tmp/p16-sftp-real-60347/remote.ls	LOCAL_TEST_ONLY
.tmp/p16-sftp-real-60347/tenant/prod-sftp-real/db/marker	LOCAL_TEST_ONLY
.tmp/p16-sftp-real-60347/tenant/prod-sftp-real/filestore/a.bin	LOCAL_TEST_ONLY
.tmp/p16-sftp-real-60347/tenant/prod-sftp-real/identity.json	LOCAL_TEST_ONLY
.tmp/p16-sftp-real-80314/backups/destinations/sftp-badhk.json	LOCAL_TEST_ONLY
.tmp/p16-sftp-real-80314/backups/destinations/sftp-real.json	LOCAL_TEST_ONLY
.tmp/p16-sftp-real-80314/backups/secrets/sftp-badhk.secret	LOCAL_TEST_ONLY
.tmp/p16-sftp-real-80314/backups/secrets/sftp-real.identity	LOCAL_TEST_ONLY
.tmp/p16-sftp-real-80314/backups/secrets/sftp-real.known_hosts	LOCAL_TEST_ONLY
.tmp/p16-sftp-real-80314/backups/secrets/sftp-real.secret	LOCAL_TEST_ONLY
.tmp/p16-sftp-real-80314/bad_known_hosts	LOCAL_TEST_ONLY
.tmp/p16-sftp-real-80314/tenant/prod-sftp-real/db/marker	LOCAL_TEST_ONLY
.tmp/p16-sftp-real-80314/tenant/prod-sftp-real/filestore/a.bin	LOCAL_TEST_ONLY
.tmp/p16-sftp-real-80314/tenant/prod-sftp-real/identity.json	LOCAL_TEST_ONLY
.tmp/p16-sftp-real-80727/backups/destinations/sftp-badhk.json	LOCAL_TEST_ONLY
.tmp/p16-sftp-real-80727/backups/destinations/sftp-real.json	LOCAL_TEST_ONLY
.tmp/p16-sftp-real-80727/backups/secrets/sftp-badhk.secret	LOCAL_TEST_ONLY
.tmp/p16-sftp-real-80727/backups/secrets/sftp-real.identity	LOCAL_TEST_ONLY
.tmp/p16-sftp-real-80727/backups/secrets/sftp-real.known_hosts	LOCAL_TEST_ONLY
.tmp/p16-sftp-real-80727/backups/secrets/sftp-real.secret	LOCAL_TEST_ONLY
.tmp/p16-sftp-real-80727/bad_known_hosts	LOCAL_TEST_ONLY
.tmp/p16-sftp-real-80727/tenant/prod-sftp-real/db/marker	LOCAL_TEST_ONLY
.tmp/p16-sftp-real-80727/tenant/prod-sftp-real/filestore/a.bin	LOCAL_TEST_ONLY
.tmp/p16-sftp-real-80727/tenant/prod-sftp-real/identity.json	LOCAL_TEST_ONLY
.tmp/p16-sftp-real-81148/backups/destinations/sftp-badhk.json	LOCAL_TEST_ONLY
.tmp/p16-sftp-real-81148/backups/destinations/sftp-real.json	LOCAL_TEST_ONLY
.tmp/p16-sftp-real-81148/backups/secrets/sftp-badhk.secret	LOCAL_TEST_ONLY
.tmp/p16-sftp-real-81148/backups/secrets/sftp-real.identity	LOCAL_TEST_ONLY
.tmp/p16-sftp-real-81148/backups/secrets/sftp-real.known_hosts	LOCAL_TEST_ONLY
.tmp/p16-sftp-real-81148/backups/secrets/sftp-real.secret	LOCAL_TEST_ONLY
.tmp/p16-sftp-real-81148/bad_known_hosts	LOCAL_TEST_ONLY
.tmp/p16-sftp-real-81148/tenant/prod-sftp-real/db/marker	LOCAL_TEST_ONLY
.tmp/p16-sftp-real-81148/tenant/prod-sftp-real/filestore/a.bin	LOCAL_TEST_ONLY
.tmp/p16-sftp-real-81148/tenant/prod-sftp-real/identity.json	LOCAL_TEST_ONLY
.tmp/p16-sftp-real-81579/backups/destinations/sftp-badhk.json	LOCAL_TEST_ONLY
.tmp/p16-sftp-real-81579/backups/destinations/sftp-real.json	LOCAL_TEST_ONLY
.tmp/p16-sftp-real-81579/backups/secrets/sftp-badhk.secret	LOCAL_TEST_ONLY
.tmp/p16-sftp-real-81579/backups/secrets/sftp-real.identity	LOCAL_TEST_ONLY
.tmp/p16-sftp-real-81579/backups/secrets/sftp-real.known_hosts	LOCAL_TEST_ONLY
.tmp/p16-sftp-real-81579/backups/secrets/sftp-real.secret	LOCAL_TEST_ONLY
.tmp/p16-sftp-real-81579/bad_known_hosts	LOCAL_TEST_ONLY
.tmp/p16-sftp-real-81579/tenant/prod-sftp-real/db/marker	LOCAL_TEST_ONLY
.tmp/p16-sftp-real-81579/tenant/prod-sftp-real/filestore/a.bin	LOCAL_TEST_ONLY
.tmp/p16-sftp-real-81579/tenant/prod-sftp-real/identity.json	LOCAL_TEST_ONLY
.tmp/p16-sftp-real-8191/backups/data/prod-sftp-real/bk-20260801T143023Z-8ffe94445b49/backup.json	LOCAL_TEST_ONLY
.tmp/p16-sftp-real-8191/backups/data/prod-sftp-real/bk-20260801T143023Z-8ffe94445b49/checksums.txt	LOCAL_TEST_ONLY
.tmp/p16-sftp-real-8191/backups/data/prod-sftp-real/bk-20260801T143023Z-8ffe94445b49/db.dump.enc	LOCAL_TEST_ONLY
.tmp/p16-sftp-real-8191/backups/data/prod-sftp-real/bk-20260801T143023Z-8ffe94445b49/filestore.tar.zst.enc	LOCAL_TEST_ONLY
.tmp/p16-sftp-real-8191/backups/data/prod-sftp-real/bk-20260801T143023Z-8ffe94445b49/manifest.json	LOCAL_TEST_ONLY
.tmp/p16-sftp-real-8191/backups/destinations/sftp-badhk.json	LOCAL_TEST_ONLY
.tmp/p16-sftp-real-8191/backups/destinations/sftp-real.json	LOCAL_TEST_ONLY
.tmp/p16-sftp-real-8191/backups/inventory/index.json	LOCAL_TEST_ONLY
.tmp/p16-sftp-real-8191/backups/operations/bkop-20260801173023-47305774/production.json	LOCAL_TEST_ONLY
.tmp/p16-sftp-real-8191/backups/operations/bkop-20260801173023-47305774/retention_class.json	LOCAL_TEST_ONLY
.tmp/p16-sftp-real-8191/backups/operations/bkop-20260801173023-47305774/state.json	LOCAL_TEST_ONLY
.tmp/p16-sftp-real-8191/backups/secrets/manifest.key	SECRET_OR_SENSITIVE
.tmp/p16-sftp-real-8191/backups/secrets/sftp-badhk.secret	LOCAL_TEST_ONLY
.tmp/p16-sftp-real-8191/backups/secrets/sftp-real.identity	LOCAL_TEST_ONLY
.tmp/p16-sftp-real-8191/backups/secrets/sftp-real.known_hosts	LOCAL_TEST_ONLY
.tmp/p16-sftp-real-8191/backups/secrets/sftp-real.secret	LOCAL_TEST_ONLY
.tmp/p16-sftp-real-8191/backups/staging/quiesce-prod-sftp-real.marker	LOCAL_TEST_ONLY
.tmp/p16-sftp-real-8191/bad_known_hosts	LOCAL_TEST_ONLY
.tmp/p16-sftp-real-8191/ops/operations/bkop-20260801173023-47305774/canonical.json	LOCAL_TEST_ONLY
.tmp/p16-sftp-real-8191/ops/operations/bkop-20260801173023-47305774/events.jsonl	LOCAL_TEST_ONLY
.tmp/p16-sftp-real-8191/ops/registry/history/bkop-20260801173023-47305774.jsonl	LOCAL_TEST_ONLY
.tmp/p16-sftp-real-8191/ops/registry/index/bkop-20260801173023-47305774.json	LOCAL_TEST_ONLY
.tmp/p16-sftp-real-8191/ops/registry/locks/bkop-20260801173023-47305774/owner.json	LOCAL_TEST_ONLY
.tmp/p16-sftp-real-8191/remote.ls	LOCAL_TEST_ONLY
.tmp/p16-sftp-real-8191/tenant/prod-sftp-real/db/marker	LOCAL_TEST_ONLY
.tmp/p16-sftp-real-8191/tenant/prod-sftp-real/filestore/a.bin	LOCAL_TEST_ONLY
.tmp/p16-sftp-real-8191/tenant/prod-sftp-real/identity.json	LOCAL_TEST_ONLY
.tmp/p16-sftp-real-84529/backups/destinations/sftp-badhk.json	LOCAL_TEST_ONLY
.tmp/p16-sftp-real-84529/backups/destinations/sftp-real.json	LOCAL_TEST_ONLY
.tmp/p16-sftp-real-84529/backups/secrets/sftp-badhk.secret	LOCAL_TEST_ONLY
.tmp/p16-sftp-real-84529/backups/secrets/sftp-real.identity	LOCAL_TEST_ONLY
.tmp/p16-sftp-real-84529/backups/secrets/sftp-real.known_hosts	LOCAL_TEST_ONLY
.tmp/p16-sftp-real-84529/backups/secrets/sftp-real.secret	LOCAL_TEST_ONLY
.tmp/p16-sftp-real-84529/bad_known_hosts	LOCAL_TEST_ONLY
.tmp/p16-sftp-real-84529/tenant/prod-sftp-real/db/marker	LOCAL_TEST_ONLY
.tmp/p16-sftp-real-84529/tenant/prod-sftp-real/filestore/a.bin	LOCAL_TEST_ONLY
.tmp/p16-sftp-real-84529/tenant/prod-sftp-real/identity.json	LOCAL_TEST_ONLY
.tmp/p16-sftp-real-84953/backups/destinations/sftp-badhk.json	LOCAL_TEST_ONLY
.tmp/p16-sftp-real-84953/backups/destinations/sftp-real.json	LOCAL_TEST_ONLY
.tmp/p16-sftp-real-84953/backups/secrets/sftp-badhk.secret	LOCAL_TEST_ONLY
.tmp/p16-sftp-real-84953/backups/secrets/sftp-real.identity	LOCAL_TEST_ONLY
.tmp/p16-sftp-real-84953/backups/secrets/sftp-real.known_hosts	LOCAL_TEST_ONLY
.tmp/p16-sftp-real-84953/backups/secrets/sftp-real.secret	LOCAL_TEST_ONLY
.tmp/p16-sftp-real-84953/bad_known_hosts	LOCAL_TEST_ONLY
.tmp/p16-sftp-real-84953/tenant/prod-sftp-real/db/marker	LOCAL_TEST_ONLY
.tmp/p16-sftp-real-84953/tenant/prod-sftp-real/filestore/a.bin	LOCAL_TEST_ONLY
.tmp/p16-sftp-real-84953/tenant/prod-sftp-real/identity.json	LOCAL_TEST_ONLY
.tmp/p16-sftp-real-85364/backups/destinations/sftp-badhk.json	LOCAL_TEST_ONLY
.tmp/p16-sftp-real-85364/backups/destinations/sftp-real.json	LOCAL_TEST_ONLY
.tmp/p16-sftp-real-85364/backups/secrets/sftp-badhk.secret	LOCAL_TEST_ONLY
.tmp/p16-sftp-real-85364/backups/secrets/sftp-real.identity	LOCAL_TEST_ONLY
.tmp/p16-sftp-real-85364/backups/secrets/sftp-real.known_hosts	LOCAL_TEST_ONLY
.tmp/p16-sftp-real-85364/backups/secrets/sftp-real.secret	LOCAL_TEST_ONLY
.tmp/p16-sftp-real-85364/bad_known_hosts	LOCAL_TEST_ONLY
.tmp/p16-sftp-real-85364/tenant/prod-sftp-real/db/marker	LOCAL_TEST_ONLY
.tmp/p16-sftp-real-85364/tenant/prod-sftp-real/filestore/a.bin	LOCAL_TEST_ONLY
.tmp/p16-sftp-real-85364/tenant/prod-sftp-real/identity.json	LOCAL_TEST_ONLY
.tmp/p16-sftp-real-85787/backups/destinations/sftp-badhk.json	LOCAL_TEST_ONLY
.tmp/p16-sftp-real-85787/backups/destinations/sftp-real.json	LOCAL_TEST_ONLY
.tmp/p16-sftp-real-85787/backups/secrets/sftp-badhk.secret	LOCAL_TEST_ONLY
.tmp/p16-sftp-real-85787/backups/secrets/sftp-real.identity	LOCAL_TEST_ONLY
.tmp/p16-sftp-real-85787/backups/secrets/sftp-real.known_hosts	LOCAL_TEST_ONLY
.tmp/p16-sftp-real-85787/backups/secrets/sftp-real.secret	LOCAL_TEST_ONLY
.tmp/p16-sftp-real-85787/bad_known_hosts	LOCAL_TEST_ONLY
.tmp/p16-sftp-real-85787/tenant/prod-sftp-real/db/marker	LOCAL_TEST_ONLY
.tmp/p16-sftp-real-85787/tenant/prod-sftp-real/filestore/a.bin	LOCAL_TEST_ONLY
.tmp/p16-sftp-real-85787/tenant/prod-sftp-real/identity.json	LOCAL_TEST_ONLY
.tmp/p16-sftp-real-86220/backups/data/prod-sftp-real/bk-20260801T142521Z-f97af61ba6d0/backup.json	LOCAL_TEST_ONLY
.tmp/p16-sftp-real-86220/backups/data/prod-sftp-real/bk-20260801T142521Z-f97af61ba6d0/checksums.txt	LOCAL_TEST_ONLY
.tmp/p16-sftp-real-86220/backups/data/prod-sftp-real/bk-20260801T142521Z-f97af61ba6d0/db.dump.enc	LOCAL_TEST_ONLY
.tmp/p16-sftp-real-86220/backups/data/prod-sftp-real/bk-20260801T142521Z-f97af61ba6d0/filestore.tar.zst.enc	LOCAL_TEST_ONLY
.tmp/p16-sftp-real-86220/backups/data/prod-sftp-real/bk-20260801T142521Z-f97af61ba6d0/manifest.json	LOCAL_TEST_ONLY
.tmp/p16-sftp-real-86220/backups/destinations/sftp-badhk.json	LOCAL_TEST_ONLY
.tmp/p16-sftp-real-86220/backups/destinations/sftp-real.json	LOCAL_TEST_ONLY
.tmp/p16-sftp-real-86220/backups/inventory/index.json	LOCAL_TEST_ONLY
.tmp/p16-sftp-real-86220/backups/operations/bkop-20260801172521-4afc7292/production.json	LOCAL_TEST_ONLY
.tmp/p16-sftp-real-86220/backups/operations/bkop-20260801172521-4afc7292/retention_class.json	LOCAL_TEST_ONLY
.tmp/p16-sftp-real-86220/backups/operations/bkop-20260801172521-4afc7292/state.json	LOCAL_TEST_ONLY
.tmp/p16-sftp-real-86220/backups/secrets/manifest.key	SECRET_OR_SENSITIVE
.tmp/p16-sftp-real-86220/backups/secrets/sftp-badhk.secret	LOCAL_TEST_ONLY
.tmp/p16-sftp-real-86220/backups/secrets/sftp-real.identity	LOCAL_TEST_ONLY
.tmp/p16-sftp-real-86220/backups/secrets/sftp-real.known_hosts	LOCAL_TEST_ONLY
.tmp/p16-sftp-real-86220/backups/secrets/sftp-real.secret	LOCAL_TEST_ONLY
.tmp/p16-sftp-real-86220/backups/staging/quiesce-prod-sftp-real.marker	LOCAL_TEST_ONLY
.tmp/p16-sftp-real-86220/bad_known_hosts	LOCAL_TEST_ONLY
.tmp/p16-sftp-real-86220/ops/operations/bkop-20260801172521-4afc7292/canonical.json	LOCAL_TEST_ONLY
.tmp/p16-sftp-real-86220/ops/operations/bkop-20260801172521-4afc7292/events.jsonl	LOCAL_TEST_ONLY
.tmp/p16-sftp-real-86220/ops/registry/history/bkop-20260801172521-4afc7292.jsonl	LOCAL_TEST_ONLY
.tmp/p16-sftp-real-86220/ops/registry/index/bkop-20260801172521-4afc7292.json	LOCAL_TEST_ONLY
.tmp/p16-sftp-real-86220/ops/registry/locks/bkop-20260801172521-4afc7292/owner.json	LOCAL_TEST_ONLY
.tmp/p16-sftp-real-86220/remote.ls	LOCAL_TEST_ONLY
.tmp/p16-sftp-real-86220/tenant/prod-sftp-real/db/marker	LOCAL_TEST_ONLY
.tmp/p16-sftp-real-86220/tenant/prod-sftp-real/filestore/a.bin	LOCAL_TEST_ONLY
.tmp/p16-sftp-real-86220/tenant/prod-sftp-real/identity.json	LOCAL_TEST_ONLY
.tmp/p16-sftp-real-89557/backups/data/prod-sftp-real/bk-20260801T142648Z-96448fb880e7/backup.json	LOCAL_TEST_ONLY
.tmp/p16-sftp-real-89557/backups/data/prod-sftp-real/bk-20260801T142648Z-96448fb880e7/checksums.txt	LOCAL_TEST_ONLY
.tmp/p16-sftp-real-89557/backups/data/prod-sftp-real/bk-20260801T142648Z-96448fb880e7/db.dump.enc	LOCAL_TEST_ONLY
.tmp/p16-sftp-real-89557/backups/data/prod-sftp-real/bk-20260801T142648Z-96448fb880e7/filestore.tar.zst.enc	LOCAL_TEST_ONLY
.tmp/p16-sftp-real-89557/backups/data/prod-sftp-real/bk-20260801T142648Z-96448fb880e7/manifest.json	LOCAL_TEST_ONLY
.tmp/p16-sftp-real-89557/backups/destinations/sftp-badhk.json	LOCAL_TEST_ONLY
.tmp/p16-sftp-real-89557/backups/destinations/sftp-real.json	LOCAL_TEST_ONLY
.tmp/p16-sftp-real-89557/backups/inventory/index.json	LOCAL_TEST_ONLY
.tmp/p16-sftp-real-89557/backups/operations/bkop-20260801172648-9a44fcd1/production.json	LOCAL_TEST_ONLY
.tmp/p16-sftp-real-89557/backups/operations/bkop-20260801172648-9a44fcd1/retention_class.json	LOCAL_TEST_ONLY
.tmp/p16-sftp-real-89557/backups/operations/bkop-20260801172648-9a44fcd1/state.json	LOCAL_TEST_ONLY
.tmp/p16-sftp-real-89557/backups/secrets/manifest.key	SECRET_OR_SENSITIVE
.tmp/p16-sftp-real-89557/backups/secrets/sftp-badhk.secret	LOCAL_TEST_ONLY
.tmp/p16-sftp-real-89557/backups/secrets/sftp-real.identity	LOCAL_TEST_ONLY
.tmp/p16-sftp-real-89557/backups/secrets/sftp-real.known_hosts	LOCAL_TEST_ONLY
.tmp/p16-sftp-real-89557/backups/secrets/sftp-real.secret	LOCAL_TEST_ONLY
.tmp/p16-sftp-real-89557/backups/staging/quiesce-prod-sftp-real.marker	LOCAL_TEST_ONLY
.tmp/p16-sftp-real-89557/bad_known_hosts	LOCAL_TEST_ONLY
.tmp/p16-sftp-real-89557/ops/operations/bkop-20260801172648-9a44fcd1/canonical.json	LOCAL_TEST_ONLY
.tmp/p16-sftp-real-89557/ops/operations/bkop-20260801172648-9a44fcd1/events.jsonl	LOCAL_TEST_ONLY
.tmp/p16-sftp-real-89557/ops/registry/history/bkop-20260801172648-9a44fcd1.jsonl	LOCAL_TEST_ONLY
.tmp/p16-sftp-real-89557/ops/registry/index/bkop-20260801172648-9a44fcd1.json	LOCAL_TEST_ONLY
.tmp/p16-sftp-real-89557/ops/registry/locks/bkop-20260801172648-9a44fcd1/owner.json	LOCAL_TEST_ONLY
.tmp/p16-sftp-real-89557/remote.ls	LOCAL_TEST_ONLY
.tmp/p16-sftp-real-89557/tenant/prod-sftp-real/db/marker	LOCAL_TEST_ONLY
.tmp/p16-sftp-real-89557/tenant/prod-sftp-real/filestore/a.bin	LOCAL_TEST_ONLY
.tmp/p16-sftp-real-89557/tenant/prod-sftp-real/identity.json	LOCAL_TEST_ONLY
.tmp/p16-sftp-real-93101/backups/data/prod-sftp-real/bk-20260802T004036Z-e1b931eddc2a/backup.json	LOCAL_TEST_ONLY
.tmp/p16-sftp-real-93101/backups/data/prod-sftp-real/bk-20260802T004036Z-e1b931eddc2a/checksums.txt	LOCAL_TEST_ONLY
.tmp/p16-sftp-real-93101/backups/data/prod-sftp-real/bk-20260802T004036Z-e1b931eddc2a/db.dump.enc	LOCAL_TEST_ONLY
.tmp/p16-sftp-real-93101/backups/data/prod-sftp-real/bk-20260802T004036Z-e1b931eddc2a/filestore.tar.zst.enc	LOCAL_TEST_ONLY
.tmp/p16-sftp-real-93101/backups/data/prod-sftp-real/bk-20260802T004036Z-e1b931eddc2a/manifest.json	LOCAL_TEST_ONLY
.tmp/p16-sftp-real-93101/backups/destinations/sftp-badhk.json	LOCAL_TEST_ONLY
.tmp/p16-sftp-real-93101/backups/destinations/sftp-real.json	LOCAL_TEST_ONLY
.tmp/p16-sftp-real-93101/backups/inventory/index.json	LOCAL_TEST_ONLY
.tmp/p16-sftp-real-93101/backups/operations/bkop-20260802034036-e39c2312/production.json	LOCAL_TEST_ONLY
.tmp/p16-sftp-real-93101/backups/operations/bkop-20260802034036-e39c2312/retention_class.json	LOCAL_TEST_ONLY
.tmp/p16-sftp-real-93101/backups/operations/bkop-20260802034036-e39c2312/state.json	LOCAL_TEST_ONLY
.tmp/p16-sftp-real-93101/backups/secrets/manifest.key	SECRET_OR_SENSITIVE
.tmp/p16-sftp-real-93101/backups/secrets/sftp-badhk.secret	LOCAL_TEST_ONLY
.tmp/p16-sftp-real-93101/backups/secrets/sftp-real.identity	LOCAL_TEST_ONLY
.tmp/p16-sftp-real-93101/backups/secrets/sftp-real.known_hosts	LOCAL_TEST_ONLY
.tmp/p16-sftp-real-93101/backups/secrets/sftp-real.secret	LOCAL_TEST_ONLY
.tmp/p16-sftp-real-93101/backups/staging/quiesce-prod-sftp-real.marker	LOCAL_TEST_ONLY
.tmp/p16-sftp-real-93101/bad_known_hosts	LOCAL_TEST_ONLY
.tmp/p16-sftp-real-93101/ops/operations/bkop-20260802034036-e39c2312/canonical.json	LOCAL_TEST_ONLY
.tmp/p16-sftp-real-93101/ops/operations/bkop-20260802034036-e39c2312/events.jsonl	LOCAL_TEST_ONLY
.tmp/p16-sftp-real-93101/ops/registry/history/bkop-20260802034036-e39c2312.jsonl	LOCAL_TEST_ONLY
.tmp/p16-sftp-real-93101/ops/registry/index/bkop-20260802034036-e39c2312.json	LOCAL_TEST_ONLY
.tmp/p16-sftp-real-93101/ops/registry/locks/bkop-20260802034036-e39c2312/owner.json	LOCAL_TEST_ONLY
.tmp/p16-sftp-real-93101/remote.ls	LOCAL_TEST_ONLY
.tmp/p16-sftp-real-93101/tenant/prod-sftp-real/db/marker	LOCAL_TEST_ONLY
.tmp/p16-sftp-real-93101/tenant/prod-sftp-real/filestore/a.bin	LOCAL_TEST_ONLY
.tmp/p16-sftp-real-93101/tenant/prod-sftp-real/identity.json	LOCAL_TEST_ONLY
.tmp/p16-sftp-real-95259/backups/destinations/sftp-badhk.json	LOCAL_TEST_ONLY
.tmp/p16-sftp-real-95259/backups/destinations/sftp-real.json	LOCAL_TEST_ONLY
.tmp/p16-sftp-real-95259/backups/operations/bkop-20260801172804-5cbc1a07/production.json	LOCAL_TEST_ONLY
.tmp/p16-sftp-real-95259/backups/operations/bkop-20260801172804-5cbc1a07/state.json	LOCAL_TEST_ONLY
.tmp/p16-sftp-real-95259/backups/secrets/manifest.key	SECRET_OR_SENSITIVE
.tmp/p16-sftp-real-95259/backups/secrets/sftp-badhk.secret	LOCAL_TEST_ONLY
.tmp/p16-sftp-real-95259/backups/secrets/sftp-real.identity	LOCAL_TEST_ONLY
.tmp/p16-sftp-real-95259/backups/secrets/sftp-real.known_hosts	LOCAL_TEST_ONLY
.tmp/p16-sftp-real-95259/backups/secrets/sftp-real.secret	LOCAL_TEST_ONLY
.tmp/p16-sftp-real-95259/backups/staging/bkop-20260801172804-5cbc1a07/checksums.txt	LOCAL_TEST_ONLY
.tmp/p16-sftp-real-95259/backups/staging/bkop-20260801172804-5cbc1a07/db.dump	LOCAL_TEST_ONLY
.tmp/p16-sftp-real-95259/backups/staging/bkop-20260801172804-5cbc1a07/filestore.tar.zst	LOCAL_TEST_ONLY
.tmp/p16-sftp-real-95259/backups/staging/bkop-20260801172804-5cbc1a07/final/checksums.txt	LOCAL_TEST_ONLY
.tmp/p16-sftp-real-95259/backups/staging/bkop-20260801172804-5cbc1a07/final/db.dump.enc	LOCAL_TEST_ONLY
.tmp/p16-sftp-real-95259/backups/staging/bkop-20260801172804-5cbc1a07/final/filestore.tar.zst.enc	LOCAL_TEST_ONLY
.tmp/p16-sftp-real-95259/backups/staging/bkop-20260801172804-5cbc1a07/final/manifest.json	LOCAL_TEST_ONLY
.tmp/p16-sftp-real-95259/backups/staging/bkop-20260801172804-5cbc1a07/manifest.json	LOCAL_TEST_ONLY
.tmp/p16-sftp-real-95259/backups/staging/quiesce-prod-sftp-real.marker	LOCAL_TEST_ONLY
.tmp/p16-sftp-real-95259/bad_known_hosts	LOCAL_TEST_ONLY
.tmp/p16-sftp-real-95259/ops/operations/bkop-20260801172804-5cbc1a07/canonical.json	LOCAL_TEST_ONLY
.tmp/p16-sftp-real-95259/ops/operations/bkop-20260801172804-5cbc1a07/events.jsonl	LOCAL_TEST_ONLY
.tmp/p16-sftp-real-95259/ops/registry/index/bkop-20260801172804-5cbc1a07.json	LOCAL_TEST_ONLY
.tmp/p16-sftp-real-95259/ops/registry/locks/bkop-20260801172804-5cbc1a07/owner.json	LOCAL_TEST_ONLY
.tmp/p16-sftp-real-95259/tenant/prod-sftp-real/db/marker	LOCAL_TEST_ONLY
.tmp/p16-sftp-real-95259/tenant/prod-sftp-real/filestore/a.bin	LOCAL_TEST_ONLY
.tmp/p16-sftp-real-95259/tenant/prod-sftp-real/identity.json	LOCAL_TEST_ONLY
.tmp/p16-sftp-real-97376/backups/destinations/sftp-badhk.json	LOCAL_TEST_ONLY
.tmp/p16-sftp-real-97376/backups/destinations/sftp-real.json	LOCAL_TEST_ONLY
.tmp/p16-sftp-real-97376/backups/operations/bkop-20260801172823-5a8b1a20/production.json	LOCAL_TEST_ONLY
.tmp/p16-sftp-real-97376/backups/operations/bkop-20260801172823-5a8b1a20/state.json	LOCAL_TEST_ONLY
.tmp/p16-sftp-real-97376/backups/secrets/manifest.key	SECRET_OR_SENSITIVE
.tmp/p16-sftp-real-97376/backups/secrets/sftp-badhk.secret	LOCAL_TEST_ONLY
.tmp/p16-sftp-real-97376/backups/secrets/sftp-real.identity	LOCAL_TEST_ONLY
.tmp/p16-sftp-real-97376/backups/secrets/sftp-real.known_hosts	LOCAL_TEST_ONLY
.tmp/p16-sftp-real-97376/backups/secrets/sftp-real.secret	LOCAL_TEST_ONLY
.tmp/p16-sftp-real-97376/backups/staging/bkop-20260801172823-5a8b1a20/checksums.txt	LOCAL_TEST_ONLY
.tmp/p16-sftp-real-97376/backups/staging/bkop-20260801172823-5a8b1a20/db.dump	LOCAL_TEST_ONLY
.tmp/p16-sftp-real-97376/backups/staging/bkop-20260801172823-5a8b1a20/filestore.tar.zst	LOCAL_TEST_ONLY
.tmp/p16-sftp-real-97376/backups/staging/bkop-20260801172823-5a8b1a20/final/checksums.txt	LOCAL_TEST_ONLY
.tmp/p16-sftp-real-97376/backups/staging/bkop-20260801172823-5a8b1a20/final/db.dump.enc	LOCAL_TEST_ONLY
.tmp/p16-sftp-real-97376/backups/staging/bkop-20260801172823-5a8b1a20/final/filestore.tar.zst.enc	LOCAL_TEST_ONLY
.tmp/p16-sftp-real-97376/backups/staging/bkop-20260801172823-5a8b1a20/final/manifest.json	LOCAL_TEST_ONLY
.tmp/p16-sftp-real-97376/backups/staging/bkop-20260801172823-5a8b1a20/manifest.json	LOCAL_TEST_ONLY
.tmp/p16-sftp-real-97376/backups/staging/quiesce-prod-sftp-real.marker	LOCAL_TEST_ONLY
.tmp/p16-sftp-real-97376/bad_known_hosts	LOCAL_TEST_ONLY
.tmp/p16-sftp-real-97376/ops/operations/bkop-20260801172823-5a8b1a20/canonical.json	LOCAL_TEST_ONLY
.tmp/p16-sftp-real-97376/ops/operations/bkop-20260801172823-5a8b1a20/events.jsonl	LOCAL_TEST_ONLY
.tmp/p16-sftp-real-97376/ops/registry/index/bkop-20260801172823-5a8b1a20.json	LOCAL_TEST_ONLY
.tmp/p16-sftp-real-97376/ops/registry/locks/bkop-20260801172823-5a8b1a20/owner.json	LOCAL_TEST_ONLY
.tmp/p16-sftp-real-97376/tenant/prod-sftp-real/db/marker	LOCAL_TEST_ONLY
.tmp/p16-sftp-real-97376/tenant/prod-sftp-real/filestore/a.bin	LOCAL_TEST_ONLY
.tmp/p16-sftp-real-97376/tenant/prod-sftp-real/identity.json	LOCAL_TEST_ONLY
.tmp/p16-sftp-real-98039/backups/destinations/sftp-badhk.json	LOCAL_TEST_ONLY
.tmp/p16-sftp-real-98039/backups/destinations/sftp-real.json	LOCAL_TEST_ONLY
.tmp/p16-sftp-real-98039/backups/secrets/sftp-badhk.secret	LOCAL_TEST_ONLY
.tmp/p16-sftp-real-98039/backups/secrets/sftp-real.identity	LOCAL_TEST_ONLY
.tmp/p16-sftp-real-98039/backups/secrets/sftp-real.known_hosts	LOCAL_TEST_ONLY
.tmp/p16-sftp-real-98039/backups/secrets/sftp-real.secret	LOCAL_TEST_ONLY
.tmp/p16-sftp-real-98039/bad_known_hosts	LOCAL_TEST_ONLY
.tmp/p16-sftp-real-98039/tenant/prod-sftp-real/db/marker	LOCAL_TEST_ONLY
.tmp/p16-sftp-real-98039/tenant/prod-sftp-real/filestore/a.bin	LOCAL_TEST_ONLY
.tmp/p16-sftp-real-98039/tenant/prod-sftp-real/identity.json	LOCAL_TEST_ONLY
.tmp/p16-sftp-real-99507/backups/destinations/sftp-badhk.json	LOCAL_TEST_ONLY
.tmp/p16-sftp-real-99507/backups/destinations/sftp-real.json	LOCAL_TEST_ONLY
.tmp/p16-sftp-real-99507/backups/operations/bkop-20260801172844-87107265/production.json	LOCAL_TEST_ONLY
.tmp/p16-sftp-real-99507/backups/operations/bkop-20260801172844-87107265/state.json	LOCAL_TEST_ONLY
.tmp/p16-sftp-real-99507/backups/secrets/manifest.key	SECRET_OR_SENSITIVE
.tmp/p16-sftp-real-99507/backups/secrets/sftp-badhk.secret	LOCAL_TEST_ONLY
.tmp/p16-sftp-real-99507/backups/secrets/sftp-real.identity	LOCAL_TEST_ONLY
.tmp/p16-sftp-real-99507/backups/secrets/sftp-real.known_hosts	LOCAL_TEST_ONLY
.tmp/p16-sftp-real-99507/backups/secrets/sftp-real.secret	LOCAL_TEST_ONLY
.tmp/p16-sftp-real-99507/backups/staging/bkop-20260801172844-87107265/checksums.txt	LOCAL_TEST_ONLY
.tmp/p16-sftp-real-99507/backups/staging/bkop-20260801172844-87107265/db.dump	LOCAL_TEST_ONLY
.tmp/p16-sftp-real-99507/backups/staging/bkop-20260801172844-87107265/filestore.tar.zst	LOCAL_TEST_ONLY
.tmp/p16-sftp-real-99507/backups/staging/bkop-20260801172844-87107265/final/checksums.txt	LOCAL_TEST_ONLY
.tmp/p16-sftp-real-99507/backups/staging/bkop-20260801172844-87107265/final/db.dump.enc	LOCAL_TEST_ONLY
.tmp/p16-sftp-real-99507/backups/staging/bkop-20260801172844-87107265/final/filestore.tar.zst.enc	LOCAL_TEST_ONLY
.tmp/p16-sftp-real-99507/backups/staging/bkop-20260801172844-87107265/final/manifest.json	LOCAL_TEST_ONLY
.tmp/p16-sftp-real-99507/backups/staging/bkop-20260801172844-87107265/manifest.json	LOCAL_TEST_ONLY
.tmp/p16-sftp-real-99507/backups/staging/quiesce-prod-sftp-real.marker	LOCAL_TEST_ONLY
.tmp/p16-sftp-real-99507/bad_known_hosts	LOCAL_TEST_ONLY
.tmp/p16-sftp-real-99507/ops/operations/bkop-20260801172844-87107265/canonical.json	LOCAL_TEST_ONLY
.tmp/p16-sftp-real-99507/ops/operations/bkop-20260801172844-87107265/events.jsonl	LOCAL_TEST_ONLY
.tmp/p16-sftp-real-99507/ops/registry/index/bkop-20260801172844-87107265.json	LOCAL_TEST_ONLY
.tmp/p16-sftp-real-99507/ops/registry/locks/bkop-20260801172844-87107265/owner.json	LOCAL_TEST_ONLY
.tmp/p16-sftp-real-99507/tenant/prod-sftp-real/db/marker	LOCAL_TEST_ONLY
.tmp/p16-sftp-real-99507/tenant/prod-sftp-real/filestore/a.bin	LOCAL_TEST_ONLY
.tmp/p16-sftp-real-99507/tenant/prod-sftp-real/identity.json	LOCAL_TEST_ONLY
.tmp/p16-stage-live-27195/backups/stages/stage-live-p16-20260801T143309Z.tar	LOCAL_TEST_ONLY
.tmp/p16-stage-live-27195/backups/stages/stage-live-p16-20260801T143309Z.tar.sha256	LOCAL_TEST_ONLY
.tmp/p16-stage-live-27195/stages/stage-live-p16/filestore/x	LOCAL_TEST_ONLY
.tmp/p16-stage-live-27195/stages/stage-live-p16/identity.json	LOCAL_TEST_ONLY
.tmp/p16-stage-live-31062/backups/stages/stage-live-p16-20260801T143401Z.tar	LOCAL_TEST_ONLY
.tmp/p16-stage-live-31062/backups/stages/stage-live-p16-20260801T143401Z.tar.sha256	LOCAL_TEST_ONLY
.tmp/p16-stage-live-31062/stages/stage-live-p16/filestore/x	LOCAL_TEST_ONLY
.tmp/p16-stage-live-31062/stages/stage-live-p16/identity.json	LOCAL_TEST_ONLY
.tmp/p16-stage-live-36477/backups/stages/stage-live-p16-20260801T143435Z.tar	LOCAL_TEST_ONLY
.tmp/p16-stage-live-36477/backups/stages/stage-live-p16-20260801T143435Z.tar.sha256	LOCAL_TEST_ONLY
.tmp/p16-stage-live-36477/stages/stage-live-p16/filestore/x	LOCAL_TEST_ONLY
.tmp/p16-stage-live-36477/stages/stage-live-p16/identity.json	LOCAL_TEST_ONLY
.tmp/p17-reboot-host-10113/device/device-private-key	LOCAL_TEST_ONLY
.tmp/p17-reboot-host-10113/device/device.json	LOCAL_TEST_ONLY
.tmp/p17-reboot-host-10113/ids.txt	LOCAL_TEST_ONLY
.tmp/p17-reboot-host-10113/migration/bootstraps/boot-bb6bfe3ac0e908ad/object.json	LOCAL_TEST_ONLY
.tmp/p17-reboot-host-10113/migration/codes/01681ec5d295.json	LOCAL_TEST_ONLY
.tmp/p17-reboot-host-10113/migration/discoveries/disc-ceda2eae80e2c500/object.json	LOCAL_TEST_ONLY
.tmp/p17-reboot-host-10113/migration/discoveries/disc-ceda2eae80e2c500/production.json	LOCAL_TEST_ONLY
.tmp/p17-reboot-host-10113/migration/ops/boot-op-bd5212255d41e2f7/state.json	LOCAL_TEST_ONLY
.tmp/p17-reboot-host-10113/migration/ops/disc-op-b1637fd91cf49986/state.json	LOCAL_TEST_ONLY
.tmp/p17-reboot-host-10113/migration/ops/pair-op-63bc2665317242ad/state.json	LOCAL_TEST_ONLY
.tmp/p17-reboot-host-10113/migration/pairs/pair-6cb756a9097f1e2b/object.json	LOCAL_TEST_ONLY
.tmp/p17-reboot-host-10113/migration/productions/prod-rb/identity.json	LOCAL_TEST_ONLY
.tmp/p17-reboot-host-10113/migration/readiness/ready-e46cb20bdf3c44ae/object.json	LOCAL_TEST_ONLY
.tmp/p17-reboot-host-10113/migration/trust/pair-6cb756a9097f1e2b/REVOKED	LOCAL_TEST_ONLY
.tmp/p17-reboot-host-10113/migration/trust/pair-6cb756a9097f1e2b/ca.crt	LOCAL_TEST_ONLY
.tmp/p17-reboot-host-10113/migration/trust/pair-6cb756a9097f1e2b/ca.srl	LOCAL_TEST_ONLY
.tmp/p17-reboot-host-10113/migration/trust/pair-6cb756a9097f1e2b/destination.crt	LOCAL_TEST_ONLY
.tmp/p17-reboot-host-10113/migration/trust/pair-6cb756a9097f1e2b/source.crt	LOCAL_TEST_ONLY
.tmp/p17-reboot-host-10113/ops/operations/boot-op-bd5212255d41e2f7/canonical.json	LOCAL_TEST_ONLY
.tmp/p17-reboot-host-10113/ops/operations/boot-op-bd5212255d41e2f7/events.jsonl	LOCAL_TEST_ONLY
.tmp/p17-reboot-host-10113/ops/operations/disc-op-b1637fd91cf49986/canonical.json	LOCAL_TEST_ONLY
.tmp/p17-reboot-host-10113/ops/operations/disc-op-b1637fd91cf49986/events.jsonl	LOCAL_TEST_ONLY
.tmp/p17-reboot-host-10113/ops/registry/history/disc-op-b1637fd91cf49986.jsonl	LOCAL_TEST_ONLY
.tmp/p17-reboot-host-10113/ops/registry/index/boot-op-bd5212255d41e2f7.json	LOCAL_TEST_ONLY
.tmp/p17-reboot-host-10113/ops/registry/index/disc-op-b1637fd91cf49986.json	LOCAL_TEST_ONLY
.tmp/p17-reboot-host-13347/device/device-private-key	LOCAL_TEST_ONLY
.tmp/p17-reboot-host-13347/device/device.json	LOCAL_TEST_ONLY
.tmp/p17-reboot-host-13347/ids.txt	LOCAL_TEST_ONLY
.tmp/p17-reboot-host-13347/migration/bootstraps/boot-3a83c21da66a5de7/object.json	LOCAL_TEST_ONLY
.tmp/p17-reboot-host-13347/migration/codes/b097c77f1fd4.json	LOCAL_TEST_ONLY
.tmp/p17-reboot-host-13347/migration/discoveries/disc-c88bf75dcb433c7d/object.json	LOCAL_TEST_ONLY
.tmp/p17-reboot-host-13347/migration/discoveries/disc-c88bf75dcb433c7d/production.json	LOCAL_TEST_ONLY
.tmp/p17-reboot-host-13347/migration/ops/boot-op-34b6ad17e6b8f4ab/state.json	LOCAL_TEST_ONLY
.tmp/p17-reboot-host-13347/migration/ops/disc-op-f3ee75aec299cf4f/state.json	LOCAL_TEST_ONLY
.tmp/p17-reboot-host-13347/migration/ops/pair-op-b3fe4a06288247f6/state.json	LOCAL_TEST_ONLY
.tmp/p17-reboot-host-13347/migration/pairs/pair-7fbf05e2b4934c1f/object.json	LOCAL_TEST_ONLY
.tmp/p17-reboot-host-13347/migration/productions/prod-rb/identity.json	LOCAL_TEST_ONLY
.tmp/p17-reboot-host-13347/migration/readiness/ready-73a2ee676f0ed0b8/object.json	LOCAL_TEST_ONLY
.tmp/p17-reboot-host-13347/migration/trust/pair-7fbf05e2b4934c1f/REVOKED	LOCAL_TEST_ONLY
.tmp/p17-reboot-host-13347/migration/trust/pair-7fbf05e2b4934c1f/ca.crt	LOCAL_TEST_ONLY
.tmp/p17-reboot-host-13347/migration/trust/pair-7fbf05e2b4934c1f/ca.srl	LOCAL_TEST_ONLY
.tmp/p17-reboot-host-13347/migration/trust/pair-7fbf05e2b4934c1f/destination.crt	LOCAL_TEST_ONLY
.tmp/p17-reboot-host-13347/migration/trust/pair-7fbf05e2b4934c1f/source.crt	LOCAL_TEST_ONLY
.tmp/p17-reboot-host-13347/ops/operations/boot-op-34b6ad17e6b8f4ab/canonical.json	LOCAL_TEST_ONLY
.tmp/p17-reboot-host-13347/ops/operations/boot-op-34b6ad17e6b8f4ab/events.jsonl	LOCAL_TEST_ONLY
.tmp/p17-reboot-host-13347/ops/operations/disc-op-f3ee75aec299cf4f/canonical.json	LOCAL_TEST_ONLY
.tmp/p17-reboot-host-13347/ops/operations/disc-op-f3ee75aec299cf4f/events.jsonl	LOCAL_TEST_ONLY
.tmp/p17-reboot-host-13347/ops/registry/history/disc-op-f3ee75aec299cf4f.jsonl	LOCAL_TEST_ONLY
.tmp/p17-reboot-host-13347/ops/registry/index/boot-op-34b6ad17e6b8f4ab.json	LOCAL_TEST_ONLY
.tmp/p17-reboot-host-13347/ops/registry/index/disc-op-f3ee75aec299cf4f.json	LOCAL_TEST_ONLY
.tmp/p17-reboot-host-27348/device/device-private-key	LOCAL_TEST_ONLY
.tmp/p17-reboot-host-27348/device/device.json	LOCAL_TEST_ONLY
.tmp/p17-reboot-host-27348/ids.txt	LOCAL_TEST_ONLY
.tmp/p17-reboot-host-27348/migration/bootstraps/boot-ec372c8d5b379d10/object.json	LOCAL_TEST_ONLY
.tmp/p17-reboot-host-27348/migration/codes/2c8ca0fbfbe6.json	LOCAL_TEST_ONLY
.tmp/p17-reboot-host-27348/migration/discoveries/disc-59083ff0735eb9c5/object.json	LOCAL_TEST_ONLY
.tmp/p17-reboot-host-27348/migration/discoveries/disc-59083ff0735eb9c5/production.json	LOCAL_TEST_ONLY
.tmp/p17-reboot-host-27348/migration/ops/boot-op-266c43180ada8533/state.json	LOCAL_TEST_ONLY
.tmp/p17-reboot-host-27348/migration/ops/disc-op-39d5bb539f31c95b/state.json	LOCAL_TEST_ONLY
.tmp/p17-reboot-host-27348/migration/ops/pair-op-8aa209d6f464c619/state.json	LOCAL_TEST_ONLY
.tmp/p17-reboot-host-27348/migration/pairs/pair-1b9954e47189f23f/object.json	LOCAL_TEST_ONLY
.tmp/p17-reboot-host-27348/migration/productions/prod-rb/identity.json	LOCAL_TEST_ONLY
.tmp/p17-reboot-host-27348/migration/readiness/ready-6c375f1150eacfd4/object.json	LOCAL_TEST_ONLY
.tmp/p17-reboot-host-27348/migration/trust/pair-1b9954e47189f23f/REVOKED	LOCAL_TEST_ONLY
.tmp/p17-reboot-host-27348/migration/trust/pair-1b9954e47189f23f/ca.crt	LOCAL_TEST_ONLY
.tmp/p17-reboot-host-27348/migration/trust/pair-1b9954e47189f23f/ca.srl	LOCAL_TEST_ONLY
.tmp/p17-reboot-host-27348/migration/trust/pair-1b9954e47189f23f/destination.crt	LOCAL_TEST_ONLY
.tmp/p17-reboot-host-27348/migration/trust/pair-1b9954e47189f23f/source.crt	LOCAL_TEST_ONLY
.tmp/p17-reboot-host-27348/ops/operations/boot-op-266c43180ada8533/canonical.json	LOCAL_TEST_ONLY
.tmp/p17-reboot-host-27348/ops/operations/boot-op-266c43180ada8533/events.jsonl	LOCAL_TEST_ONLY
.tmp/p17-reboot-host-27348/ops/operations/disc-op-39d5bb539f31c95b/canonical.json	LOCAL_TEST_ONLY
.tmp/p17-reboot-host-27348/ops/operations/disc-op-39d5bb539f31c95b/events.jsonl	LOCAL_TEST_ONLY
.tmp/p17-reboot-host-27348/ops/registry/history/disc-op-39d5bb539f31c95b.jsonl	LOCAL_TEST_ONLY
.tmp/p17-reboot-host-27348/ops/registry/index/boot-op-266c43180ada8533.json	LOCAL_TEST_ONLY
.tmp/p17-reboot-host-27348/ops/registry/index/disc-op-39d5bb539f31c95b.json	LOCAL_TEST_ONLY
.tmp/p17-reboot-host-38052/device/device-private-key	LOCAL_TEST_ONLY
.tmp/p17-reboot-host-38052/device/device.json	LOCAL_TEST_ONLY
.tmp/p17-reboot-host-38052/ids.txt	LOCAL_TEST_ONLY
.tmp/p17-reboot-host-38052/migration/bootstraps/boot-a468d26adc6a01e6/object.json	LOCAL_TEST_ONLY
.tmp/p17-reboot-host-38052/migration/codes/742c212b1cd1.json	LOCAL_TEST_ONLY
.tmp/p17-reboot-host-38052/migration/discoveries/disc-48c517d5039f9b63/object.json	LOCAL_TEST_ONLY
.tmp/p17-reboot-host-38052/migration/discoveries/disc-48c517d5039f9b63/production.json	LOCAL_TEST_ONLY
.tmp/p17-reboot-host-38052/migration/ops/boot-op-a4cf9b80068637d6/state.json	LOCAL_TEST_ONLY
.tmp/p17-reboot-host-38052/migration/ops/disc-op-194f741f10169cd2/state.json	LOCAL_TEST_ONLY
.tmp/p17-reboot-host-38052/migration/ops/pair-op-8516ac6bbba7de08/state.json	LOCAL_TEST_ONLY
.tmp/p17-reboot-host-38052/migration/pairs/pair-9ff9a0c554fc5d58/object.json	LOCAL_TEST_ONLY
.tmp/p17-reboot-host-38052/migration/productions/prod-rb/identity.json	LOCAL_TEST_ONLY
.tmp/p17-reboot-host-38052/migration/readiness/ready-fb0d9fba8c15019b/object.json	LOCAL_TEST_ONLY
.tmp/p17-reboot-host-38052/migration/trust/pair-9ff9a0c554fc5d58/REVOKED	LOCAL_TEST_ONLY
.tmp/p17-reboot-host-38052/migration/trust/pair-9ff9a0c554fc5d58/ca.crt	LOCAL_TEST_ONLY
.tmp/p17-reboot-host-38052/migration/trust/pair-9ff9a0c554fc5d58/ca.srl	LOCAL_TEST_ONLY
.tmp/p17-reboot-host-38052/migration/trust/pair-9ff9a0c554fc5d58/destination.crt	LOCAL_TEST_ONLY
.tmp/p17-reboot-host-38052/migration/trust/pair-9ff9a0c554fc5d58/source.crt	LOCAL_TEST_ONLY
.tmp/p17-reboot-host-38052/ops/operations/boot-op-a4cf9b80068637d6/canonical.json	LOCAL_TEST_ONLY
.tmp/p17-reboot-host-38052/ops/operations/boot-op-a4cf9b80068637d6/events.jsonl	LOCAL_TEST_ONLY
.tmp/p17-reboot-host-38052/ops/operations/disc-op-194f741f10169cd2/canonical.json	LOCAL_TEST_ONLY
.tmp/p17-reboot-host-38052/ops/operations/disc-op-194f741f10169cd2/events.jsonl	LOCAL_TEST_ONLY
.tmp/p17-reboot-host-38052/ops/registry/history/disc-op-194f741f10169cd2.jsonl	LOCAL_TEST_ONLY
.tmp/p17-reboot-host-38052/ops/registry/index/boot-op-a4cf9b80068637d6.json	LOCAL_TEST_ONLY
.tmp/p17-reboot-host-38052/ops/registry/index/disc-op-194f741f10169cd2.json	LOCAL_TEST_ONLY
.tmp/p17-reboot-host-42047/device/device-private-key	LOCAL_TEST_ONLY
.tmp/p17-reboot-host-42047/device/device.json	LOCAL_TEST_ONLY
.tmp/p17-reboot-host-42047/ids.txt	LOCAL_TEST_ONLY
.tmp/p17-reboot-host-42047/migration/bootstraps/boot-f8fac96f4e11df37/object.json	LOCAL_TEST_ONLY
.tmp/p17-reboot-host-42047/migration/codes/742db6decfcc.json	LOCAL_TEST_ONLY
.tmp/p17-reboot-host-42047/migration/discoveries/disc-bd3bfdece1783a2f/object.json	LOCAL_TEST_ONLY
.tmp/p17-reboot-host-42047/migration/discoveries/disc-bd3bfdece1783a2f/production.json	LOCAL_TEST_ONLY
.tmp/p17-reboot-host-42047/migration/ops/boot-op-59754c4b2c4446a3/state.json	LOCAL_TEST_ONLY
.tmp/p17-reboot-host-42047/migration/ops/disc-op-ebc7882b8101524f/state.json	LOCAL_TEST_ONLY
.tmp/p17-reboot-host-42047/migration/ops/pair-op-ae027ce8be989756/state.json	LOCAL_TEST_ONLY
.tmp/p17-reboot-host-42047/migration/pairs/pair-2d93167b3dc320a3/object.json	LOCAL_TEST_ONLY
.tmp/p17-reboot-host-42047/migration/productions/prod-rb/identity.json	LOCAL_TEST_ONLY
.tmp/p17-reboot-host-42047/migration/readiness/ready-1bc9f67017c42254/object.json	LOCAL_TEST_ONLY
.tmp/p17-reboot-host-42047/migration/trust/pair-2d93167b3dc320a3/REVOKED	LOCAL_TEST_ONLY
.tmp/p17-reboot-host-42047/migration/trust/pair-2d93167b3dc320a3/ca.crt	LOCAL_TEST_ONLY
.tmp/p17-reboot-host-42047/migration/trust/pair-2d93167b3dc320a3/ca.srl	LOCAL_TEST_ONLY
.tmp/p17-reboot-host-42047/migration/trust/pair-2d93167b3dc320a3/destination.crt	LOCAL_TEST_ONLY
.tmp/p17-reboot-host-42047/migration/trust/pair-2d93167b3dc320a3/source.crt	LOCAL_TEST_ONLY
.tmp/p17-reboot-host-42047/ops/operations/boot-op-59754c4b2c4446a3/canonical.json	LOCAL_TEST_ONLY
.tmp/p17-reboot-host-42047/ops/operations/boot-op-59754c4b2c4446a3/events.jsonl	LOCAL_TEST_ONLY
.tmp/p17-reboot-host-42047/ops/operations/disc-op-ebc7882b8101524f/canonical.json	LOCAL_TEST_ONLY
.tmp/p17-reboot-host-42047/ops/operations/disc-op-ebc7882b8101524f/events.jsonl	LOCAL_TEST_ONLY
.tmp/p17-reboot-host-42047/ops/registry/history/disc-op-ebc7882b8101524f.jsonl	LOCAL_TEST_ONLY
.tmp/p17-reboot-host-42047/ops/registry/index/boot-op-59754c4b2c4446a3.json	LOCAL_TEST_ONLY
.tmp/p17-reboot-host-42047/ops/registry/index/disc-op-ebc7882b8101524f.json	LOCAL_TEST_ONLY
.tmp/p17-reboot-host-42339/device/device-private-key	LOCAL_TEST_ONLY
.tmp/p17-reboot-host-42339/device/device.json	LOCAL_TEST_ONLY
.tmp/p17-reboot-host-42339/ids.txt	LOCAL_TEST_ONLY
.tmp/p17-reboot-host-42339/migration/bootstraps/boot-411b464a100d97d6/object.json	LOCAL_TEST_ONLY
.tmp/p17-reboot-host-42339/migration/codes/f560023cd33b.json	LOCAL_TEST_ONLY
.tmp/p17-reboot-host-42339/migration/discoveries/disc-5fec481ceafeca69/object.json	LOCAL_TEST_ONLY
.tmp/p17-reboot-host-42339/migration/discoveries/disc-5fec481ceafeca69/production.json	LOCAL_TEST_ONLY
.tmp/p17-reboot-host-42339/migration/ops/boot-op-df34403a35ee804c/state.json	LOCAL_TEST_ONLY
.tmp/p17-reboot-host-42339/migration/ops/disc-op-462dd1c047dfc5ac/state.json	LOCAL_TEST_ONLY
.tmp/p17-reboot-host-42339/migration/ops/pair-op-b021d1d683b338f6/state.json	LOCAL_TEST_ONLY
.tmp/p17-reboot-host-42339/migration/pairs/pair-a83204506f2164e6/object.json	LOCAL_TEST_ONLY
.tmp/p17-reboot-host-42339/migration/productions/prod-rb/identity.json	LOCAL_TEST_ONLY
.tmp/p17-reboot-host-42339/migration/readiness/ready-8c0385d1c64e65ca/object.json	LOCAL_TEST_ONLY
.tmp/p17-reboot-host-42339/migration/trust/pair-a83204506f2164e6/REVOKED	LOCAL_TEST_ONLY
.tmp/p17-reboot-host-42339/migration/trust/pair-a83204506f2164e6/ca.crt	LOCAL_TEST_ONLY
.tmp/p17-reboot-host-42339/migration/trust/pair-a83204506f2164e6/ca.srl	LOCAL_TEST_ONLY
.tmp/p17-reboot-host-42339/migration/trust/pair-a83204506f2164e6/destination.crt	LOCAL_TEST_ONLY
.tmp/p17-reboot-host-42339/migration/trust/pair-a83204506f2164e6/source.crt	LOCAL_TEST_ONLY
.tmp/p17-reboot-host-42339/ops/operations/boot-op-df34403a35ee804c/canonical.json	LOCAL_TEST_ONLY
.tmp/p17-reboot-host-42339/ops/operations/boot-op-df34403a35ee804c/events.jsonl	LOCAL_TEST_ONLY
.tmp/p17-reboot-host-42339/ops/operations/disc-op-462dd1c047dfc5ac/canonical.json	LOCAL_TEST_ONLY
.tmp/p17-reboot-host-42339/ops/operations/disc-op-462dd1c047dfc5ac/events.jsonl	LOCAL_TEST_ONLY
.tmp/p17-reboot-host-42339/ops/registry/history/disc-op-462dd1c047dfc5ac.jsonl	LOCAL_TEST_ONLY
.tmp/p17-reboot-host-42339/ops/registry/index/boot-op-df34403a35ee804c.json	LOCAL_TEST_ONLY
.tmp/p17-reboot-host-42339/ops/registry/index/disc-op-462dd1c047dfc5ac.json	LOCAL_TEST_ONLY
.tmp/p17-reboot-host-42686/device/device-private-key	LOCAL_TEST_ONLY
.tmp/p17-reboot-host-42686/device/device.json	LOCAL_TEST_ONLY
.tmp/p17-reboot-host-42686/ids.txt	LOCAL_TEST_ONLY
.tmp/p17-reboot-host-42686/migration/bootstraps/boot-79033dfbb2f12b9c/object.json	LOCAL_TEST_ONLY
.tmp/p17-reboot-host-42686/migration/codes/329fd6659b83.json	LOCAL_TEST_ONLY
.tmp/p17-reboot-host-42686/migration/discoveries/disc-13af5eb82cc831c0/object.json	LOCAL_TEST_ONLY
.tmp/p17-reboot-host-42686/migration/discoveries/disc-13af5eb82cc831c0/production.json	LOCAL_TEST_ONLY
.tmp/p17-reboot-host-42686/migration/ops/boot-op-049cb2b08986a811/state.json	LOCAL_TEST_ONLY
.tmp/p17-reboot-host-42686/migration/ops/disc-op-f3c99c844ad0ef1e/state.json	LOCAL_TEST_ONLY
.tmp/p17-reboot-host-42686/migration/ops/pair-op-88c5a3485cd0ace2/state.json	LOCAL_TEST_ONLY
.tmp/p17-reboot-host-42686/migration/pairs/pair-201ca98ea52c4895/object.json	LOCAL_TEST_ONLY
.tmp/p17-reboot-host-42686/migration/productions/prod-rb/identity.json	LOCAL_TEST_ONLY
.tmp/p17-reboot-host-42686/migration/readiness/ready-fb257531d91f921f/object.json	LOCAL_TEST_ONLY
.tmp/p17-reboot-host-42686/migration/trust/pair-201ca98ea52c4895/REVOKED	LOCAL_TEST_ONLY
.tmp/p17-reboot-host-42686/migration/trust/pair-201ca98ea52c4895/ca.crt	LOCAL_TEST_ONLY
.tmp/p17-reboot-host-42686/migration/trust/pair-201ca98ea52c4895/ca.srl	LOCAL_TEST_ONLY
.tmp/p17-reboot-host-42686/migration/trust/pair-201ca98ea52c4895/destination.crt	LOCAL_TEST_ONLY
.tmp/p17-reboot-host-42686/migration/trust/pair-201ca98ea52c4895/source.crt	LOCAL_TEST_ONLY
.tmp/p17-reboot-host-42686/ops/operations/boot-op-049cb2b08986a811/canonical.json	LOCAL_TEST_ONLY
.tmp/p17-reboot-host-42686/ops/operations/boot-op-049cb2b08986a811/events.jsonl	LOCAL_TEST_ONLY
.tmp/p17-reboot-host-42686/ops/operations/disc-op-f3c99c844ad0ef1e/canonical.json	LOCAL_TEST_ONLY
.tmp/p17-reboot-host-42686/ops/operations/disc-op-f3c99c844ad0ef1e/events.jsonl	LOCAL_TEST_ONLY
.tmp/p17-reboot-host-42686/ops/registry/history/disc-op-f3c99c844ad0ef1e.jsonl	LOCAL_TEST_ONLY
.tmp/p17-reboot-host-42686/ops/registry/index/boot-op-049cb2b08986a811.json	LOCAL_TEST_ONLY
.tmp/p17-reboot-host-42686/ops/registry/index/disc-op-f3c99c844ad0ef1e.json	LOCAL_TEST_ONLY
.tmp/p17-reboot-host-43129/device/device-private-key	LOCAL_TEST_ONLY
.tmp/p17-reboot-host-43129/device/device.json	LOCAL_TEST_ONLY
.tmp/p17-reboot-host-43129/ids.txt	LOCAL_TEST_ONLY
.tmp/p17-reboot-host-43129/migration/bootstraps/boot-e1f0f43badbcc97b/object.json	LOCAL_TEST_ONLY
.tmp/p17-reboot-host-43129/migration/codes/26a1cf706eb0.json	LOCAL_TEST_ONLY
.tmp/p17-reboot-host-43129/migration/discoveries/disc-a0348f9d7f9a6cb6/object.json	LOCAL_TEST_ONLY
.tmp/p17-reboot-host-43129/migration/discoveries/disc-a0348f9d7f9a6cb6/production.json	LOCAL_TEST_ONLY
.tmp/p17-reboot-host-43129/migration/ops/boot-op-edc0f0dcf72a1af4/state.json	LOCAL_TEST_ONLY
.tmp/p17-reboot-host-43129/migration/ops/disc-op-a3594974865bcc1b/state.json	LOCAL_TEST_ONLY
.tmp/p17-reboot-host-43129/migration/ops/pair-op-eee0ec4380599dbf/state.json	LOCAL_TEST_ONLY
.tmp/p17-reboot-host-43129/migration/pairs/pair-af38c41581499b8c/object.json	LOCAL_TEST_ONLY
.tmp/p17-reboot-host-43129/migration/productions/prod-rb/identity.json	LOCAL_TEST_ONLY
.tmp/p17-reboot-host-43129/migration/readiness/ready-29155ff3c9fdbfbe/object.json	LOCAL_TEST_ONLY
.tmp/p17-reboot-host-43129/migration/trust/pair-af38c41581499b8c/REVOKED	LOCAL_TEST_ONLY
.tmp/p17-reboot-host-43129/migration/trust/pair-af38c41581499b8c/ca.crt	LOCAL_TEST_ONLY
.tmp/p17-reboot-host-43129/migration/trust/pair-af38c41581499b8c/ca.srl	LOCAL_TEST_ONLY
.tmp/p17-reboot-host-43129/migration/trust/pair-af38c41581499b8c/destination.crt	LOCAL_TEST_ONLY
.tmp/p17-reboot-host-43129/migration/trust/pair-af38c41581499b8c/source.crt	LOCAL_TEST_ONLY
.tmp/p17-reboot-host-43129/ops/operations/boot-op-edc0f0dcf72a1af4/canonical.json	LOCAL_TEST_ONLY
.tmp/p17-reboot-host-43129/ops/operations/boot-op-edc0f0dcf72a1af4/events.jsonl	LOCAL_TEST_ONLY
.tmp/p17-reboot-host-43129/ops/operations/disc-op-a3594974865bcc1b/canonical.json	LOCAL_TEST_ONLY
.tmp/p17-reboot-host-43129/ops/operations/disc-op-a3594974865bcc1b/events.jsonl	LOCAL_TEST_ONLY
.tmp/p17-reboot-host-43129/ops/registry/history/disc-op-a3594974865bcc1b.jsonl	LOCAL_TEST_ONLY
.tmp/p17-reboot-host-43129/ops/registry/index/boot-op-edc0f0dcf72a1af4.json	LOCAL_TEST_ONLY
.tmp/p17-reboot-host-43129/ops/registry/index/disc-op-a3594974865bcc1b.json	LOCAL_TEST_ONLY
.tmp/p17-reboot-host-43651/device/device-private-key	LOCAL_TEST_ONLY
.tmp/p17-reboot-host-43651/device/device.json	LOCAL_TEST_ONLY
.tmp/p17-reboot-host-43651/ids.txt	LOCAL_TEST_ONLY
.tmp/p17-reboot-host-43651/migration/bootstraps/boot-020a8bc30e8678f0/object.json	LOCAL_TEST_ONLY
.tmp/p17-reboot-host-43651/migration/codes/5a6b98374fbc.json	LOCAL_TEST_ONLY
.tmp/p17-reboot-host-43651/migration/discoveries/disc-fa900ff38d14379c/object.json	LOCAL_TEST_ONLY
.tmp/p17-reboot-host-43651/migration/discoveries/disc-fa900ff38d14379c/production.json	LOCAL_TEST_ONLY
.tmp/p17-reboot-host-43651/migration/ops/boot-op-8b31a54356142906/state.json	LOCAL_TEST_ONLY
.tmp/p17-reboot-host-43651/migration/ops/disc-op-7e7da1da3ed579e8/state.json	LOCAL_TEST_ONLY
.tmp/p17-reboot-host-43651/migration/ops/pair-op-3de052cca28b70d1/state.json	LOCAL_TEST_ONLY
.tmp/p17-reboot-host-43651/migration/pairs/pair-383bedade4e83f1e/object.json	LOCAL_TEST_ONLY
.tmp/p17-reboot-host-43651/migration/productions/prod-rb/identity.json	LOCAL_TEST_ONLY
.tmp/p17-reboot-host-43651/migration/readiness/ready-91331261d37abecf/object.json	LOCAL_TEST_ONLY
.tmp/p17-reboot-host-43651/migration/trust/pair-383bedade4e83f1e/REVOKED	LOCAL_TEST_ONLY
.tmp/p17-reboot-host-43651/migration/trust/pair-383bedade4e83f1e/ca.crt	LOCAL_TEST_ONLY
.tmp/p17-reboot-host-43651/migration/trust/pair-383bedade4e83f1e/ca.srl	LOCAL_TEST_ONLY
.tmp/p17-reboot-host-43651/migration/trust/pair-383bedade4e83f1e/destination.crt	LOCAL_TEST_ONLY
.tmp/p17-reboot-host-43651/migration/trust/pair-383bedade4e83f1e/source.crt	LOCAL_TEST_ONLY
.tmp/p17-reboot-host-43651/ops/operations/boot-op-8b31a54356142906/canonical.json	LOCAL_TEST_ONLY
.tmp/p17-reboot-host-43651/ops/operations/boot-op-8b31a54356142906/events.jsonl	LOCAL_TEST_ONLY
.tmp/p17-reboot-host-43651/ops/operations/disc-op-7e7da1da3ed579e8/canonical.json	LOCAL_TEST_ONLY
.tmp/p17-reboot-host-43651/ops/operations/disc-op-7e7da1da3ed579e8/events.jsonl	LOCAL_TEST_ONLY
.tmp/p17-reboot-host-43651/ops/registry/history/disc-op-7e7da1da3ed579e8.jsonl	LOCAL_TEST_ONLY
.tmp/p17-reboot-host-43651/ops/registry/index/boot-op-8b31a54356142906.json	LOCAL_TEST_ONLY
.tmp/p17-reboot-host-43651/ops/registry/index/disc-op-7e7da1da3ed579e8.json	LOCAL_TEST_ONLY
.tmp/p17-reboot-host-4483/device/device-private-key	LOCAL_TEST_ONLY
.tmp/p17-reboot-host-4483/device/device.json	LOCAL_TEST_ONLY
.tmp/p17-reboot-host-4483/ids.txt	LOCAL_TEST_ONLY
.tmp/p17-reboot-host-4483/migration/bootstraps/boot-2534b1b9f5270b53/object.json	LOCAL_TEST_ONLY
.tmp/p17-reboot-host-4483/migration/codes/9d755eba265b.json	LOCAL_TEST_ONLY
.tmp/p17-reboot-host-4483/migration/discoveries/disc-9e923f7ea3e98252/object.json	LOCAL_TEST_ONLY
.tmp/p17-reboot-host-4483/migration/discoveries/disc-9e923f7ea3e98252/production.json	LOCAL_TEST_ONLY
.tmp/p17-reboot-host-4483/migration/ops/boot-op-4ec1f387f595ea55/state.json	LOCAL_TEST_ONLY
.tmp/p17-reboot-host-4483/migration/ops/disc-op-1e485f1511e7c319/state.json	LOCAL_TEST_ONLY
.tmp/p17-reboot-host-4483/migration/ops/pair-op-f3cf3ec1d48e593c/state.json	LOCAL_TEST_ONLY
.tmp/p17-reboot-host-4483/migration/pairs/pair-fbf70b437ad05b3c/object.json	LOCAL_TEST_ONLY
.tmp/p17-reboot-host-4483/migration/productions/prod-rb/identity.json	LOCAL_TEST_ONLY
.tmp/p17-reboot-host-4483/migration/readiness/ready-1569300669df31a7/object.json	LOCAL_TEST_ONLY
.tmp/p17-reboot-host-4483/migration/trust/pair-fbf70b437ad05b3c/REVOKED	LOCAL_TEST_ONLY
.tmp/p17-reboot-host-4483/migration/trust/pair-fbf70b437ad05b3c/ca.crt	LOCAL_TEST_ONLY
.tmp/p17-reboot-host-4483/migration/trust/pair-fbf70b437ad05b3c/ca.srl	LOCAL_TEST_ONLY
.tmp/p17-reboot-host-4483/migration/trust/pair-fbf70b437ad05b3c/destination.crt	LOCAL_TEST_ONLY
.tmp/p17-reboot-host-4483/migration/trust/pair-fbf70b437ad05b3c/source.crt	LOCAL_TEST_ONLY
.tmp/p17-reboot-host-4483/ops/operations/boot-op-4ec1f387f595ea55/canonical.json	LOCAL_TEST_ONLY
.tmp/p17-reboot-host-4483/ops/operations/boot-op-4ec1f387f595ea55/events.jsonl	LOCAL_TEST_ONLY
.tmp/p17-reboot-host-4483/ops/operations/disc-op-1e485f1511e7c319/canonical.json	LOCAL_TEST_ONLY
.tmp/p17-reboot-host-4483/ops/operations/disc-op-1e485f1511e7c319/events.jsonl	LOCAL_TEST_ONLY
.tmp/p17-reboot-host-4483/ops/registry/history/disc-op-1e485f1511e7c319.jsonl	LOCAL_TEST_ONLY
.tmp/p17-reboot-host-4483/ops/registry/index/boot-op-4ec1f387f595ea55.json	LOCAL_TEST_ONLY
.tmp/p17-reboot-host-4483/ops/registry/index/disc-op-1e485f1511e7c319.json	LOCAL_TEST_ONLY
.tmp/p17-reboot-host-46058/device/device-private-key	LOCAL_TEST_ONLY
.tmp/p17-reboot-host-46058/device/device.json	LOCAL_TEST_ONLY
.tmp/p17-reboot-host-46058/ids.txt	LOCAL_TEST_ONLY
.tmp/p17-reboot-host-46058/migration/bootstraps/boot-efc3432f5cd24a36/object.json	LOCAL_TEST_ONLY
.tmp/p17-reboot-host-46058/migration/codes/ba3f7eccd133.json	LOCAL_TEST_ONLY
.tmp/p17-reboot-host-46058/migration/discoveries/disc-5b4eeff0351d1fde/object.json	LOCAL_TEST_ONLY
.tmp/p17-reboot-host-46058/migration/discoveries/disc-5b4eeff0351d1fde/production.json	LOCAL_TEST_ONLY
.tmp/p17-reboot-host-46058/migration/ops/boot-op-452aad9cead2743e/state.json	LOCAL_TEST_ONLY
.tmp/p17-reboot-host-46058/migration/ops/disc-op-54109cb622809128/state.json	LOCAL_TEST_ONLY
.tmp/p17-reboot-host-46058/migration/ops/pair-op-92bf83e369c93131/state.json	LOCAL_TEST_ONLY
.tmp/p17-reboot-host-46058/migration/pairs/pair-57aa15ea58279e9d/object.json	LOCAL_TEST_ONLY
.tmp/p17-reboot-host-46058/migration/productions/prod-rb/identity.json	LOCAL_TEST_ONLY
.tmp/p17-reboot-host-46058/migration/readiness/ready-9d1ccb6f023e86e2/object.json	LOCAL_TEST_ONLY
.tmp/p17-reboot-host-46058/migration/trust/pair-57aa15ea58279e9d/REVOKED	LOCAL_TEST_ONLY
.tmp/p17-reboot-host-46058/migration/trust/pair-57aa15ea58279e9d/ca.crt	LOCAL_TEST_ONLY
.tmp/p17-reboot-host-46058/migration/trust/pair-57aa15ea58279e9d/ca.srl	LOCAL_TEST_ONLY
.tmp/p17-reboot-host-46058/migration/trust/pair-57aa15ea58279e9d/destination.crt	LOCAL_TEST_ONLY
.tmp/p17-reboot-host-46058/migration/trust/pair-57aa15ea58279e9d/source.crt	LOCAL_TEST_ONLY
.tmp/p17-reboot-host-46058/ops/operations/boot-op-452aad9cead2743e/canonical.json	LOCAL_TEST_ONLY
.tmp/p17-reboot-host-46058/ops/operations/boot-op-452aad9cead2743e/events.jsonl	LOCAL_TEST_ONLY
.tmp/p17-reboot-host-46058/ops/operations/disc-op-54109cb622809128/canonical.json	LOCAL_TEST_ONLY
.tmp/p17-reboot-host-46058/ops/operations/disc-op-54109cb622809128/events.jsonl	LOCAL_TEST_ONLY
.tmp/p17-reboot-host-46058/ops/registry/history/disc-op-54109cb622809128.jsonl	LOCAL_TEST_ONLY
.tmp/p17-reboot-host-46058/ops/registry/index/boot-op-452aad9cead2743e.json	LOCAL_TEST_ONLY
.tmp/p17-reboot-host-46058/ops/registry/index/disc-op-54109cb622809128.json	LOCAL_TEST_ONLY
.tmp/p17-reboot-host-50849/device/device-private-key	LOCAL_TEST_ONLY
.tmp/p17-reboot-host-50849/device/device.json	LOCAL_TEST_ONLY
.tmp/p17-reboot-host-50849/ids.txt	LOCAL_TEST_ONLY
.tmp/p17-reboot-host-50849/migration/bootstraps/boot-45fc49a308ec76d3/object.json	LOCAL_TEST_ONLY
.tmp/p17-reboot-host-50849/migration/codes/0db34b180c35.json	LOCAL_TEST_ONLY
.tmp/p17-reboot-host-50849/migration/discoveries/disc-13dd658e9c013a10/object.json	LOCAL_TEST_ONLY
.tmp/p17-reboot-host-50849/migration/discoveries/disc-13dd658e9c013a10/production.json	LOCAL_TEST_ONLY
.tmp/p17-reboot-host-50849/migration/ops/boot-op-9174ae2426ae0ee5/state.json	LOCAL_TEST_ONLY
.tmp/p17-reboot-host-50849/migration/ops/disc-op-829e3de5cff87aa6/state.json	LOCAL_TEST_ONLY
.tmp/p17-reboot-host-50849/migration/ops/pair-op-72910a43c7799006/state.json	LOCAL_TEST_ONLY
.tmp/p17-reboot-host-50849/migration/pairs/pair-9f1e7732e72ac459/object.json	LOCAL_TEST_ONLY
.tmp/p17-reboot-host-50849/migration/productions/prod-rb/identity.json	LOCAL_TEST_ONLY
.tmp/p17-reboot-host-50849/migration/readiness/ready-53a11798cc47cf50/object.json	LOCAL_TEST_ONLY
.tmp/p17-reboot-host-50849/migration/trust/pair-9f1e7732e72ac459/REVOKED	LOCAL_TEST_ONLY
.tmp/p17-reboot-host-50849/migration/trust/pair-9f1e7732e72ac459/ca.crt	LOCAL_TEST_ONLY
.tmp/p17-reboot-host-50849/migration/trust/pair-9f1e7732e72ac459/ca.srl	LOCAL_TEST_ONLY
.tmp/p17-reboot-host-50849/migration/trust/pair-9f1e7732e72ac459/destination.crt	LOCAL_TEST_ONLY
.tmp/p17-reboot-host-50849/migration/trust/pair-9f1e7732e72ac459/source.crt	LOCAL_TEST_ONLY
.tmp/p17-reboot-host-50849/ops/operations/boot-op-9174ae2426ae0ee5/canonical.json	LOCAL_TEST_ONLY
.tmp/p17-reboot-host-50849/ops/operations/boot-op-9174ae2426ae0ee5/events.jsonl	LOCAL_TEST_ONLY
.tmp/p17-reboot-host-50849/ops/operations/disc-op-829e3de5cff87aa6/canonical.json	LOCAL_TEST_ONLY
.tmp/p17-reboot-host-50849/ops/operations/disc-op-829e3de5cff87aa6/events.jsonl	LOCAL_TEST_ONLY
.tmp/p17-reboot-host-50849/ops/registry/history/disc-op-829e3de5cff87aa6.jsonl	LOCAL_TEST_ONLY
.tmp/p17-reboot-host-50849/ops/registry/index/boot-op-9174ae2426ae0ee5.json	LOCAL_TEST_ONLY
.tmp/p17-reboot-host-50849/ops/registry/index/disc-op-829e3de5cff87aa6.json	LOCAL_TEST_ONLY
.tmp/p17-reboot-host-51102/device/device-private-key	LOCAL_TEST_ONLY
.tmp/p17-reboot-host-51102/device/device.json	LOCAL_TEST_ONLY
.tmp/p17-reboot-host-51102/ids.txt	LOCAL_TEST_ONLY
.tmp/p17-reboot-host-51102/migration/bootstraps/boot-8c43fea535bff81a/object.json	LOCAL_TEST_ONLY
.tmp/p17-reboot-host-51102/migration/codes/0bfdcc188921.json	LOCAL_TEST_ONLY
.tmp/p17-reboot-host-51102/migration/discoveries/disc-cfd08ed5f000d8d8/object.json	LOCAL_TEST_ONLY
.tmp/p17-reboot-host-51102/migration/discoveries/disc-cfd08ed5f000d8d8/production.json	LOCAL_TEST_ONLY
.tmp/p17-reboot-host-51102/migration/ops/boot-op-f2620a5a7a83e9f6/state.json	LOCAL_TEST_ONLY
.tmp/p17-reboot-host-51102/migration/ops/disc-op-b616ff1a8481a79d/state.json	LOCAL_TEST_ONLY
.tmp/p17-reboot-host-51102/migration/ops/pair-op-73d0de068ceb2e80/state.json	LOCAL_TEST_ONLY
.tmp/p17-reboot-host-51102/migration/pairs/pair-effc798d3d00c5af/object.json	LOCAL_TEST_ONLY
.tmp/p17-reboot-host-51102/migration/productions/prod-rb/identity.json	LOCAL_TEST_ONLY
.tmp/p17-reboot-host-51102/migration/readiness/ready-4d93a931c452abc6/object.json	LOCAL_TEST_ONLY
.tmp/p17-reboot-host-51102/migration/trust/pair-effc798d3d00c5af/REVOKED	LOCAL_TEST_ONLY
.tmp/p17-reboot-host-51102/migration/trust/pair-effc798d3d00c5af/ca.crt	LOCAL_TEST_ONLY
.tmp/p17-reboot-host-51102/migration/trust/pair-effc798d3d00c5af/ca.srl	LOCAL_TEST_ONLY
.tmp/p17-reboot-host-51102/migration/trust/pair-effc798d3d00c5af/destination.crt	LOCAL_TEST_ONLY
.tmp/p17-reboot-host-51102/migration/trust/pair-effc798d3d00c5af/source.crt	LOCAL_TEST_ONLY
.tmp/p17-reboot-host-51102/ops/operations/boot-op-f2620a5a7a83e9f6/canonical.json	LOCAL_TEST_ONLY
.tmp/p17-reboot-host-51102/ops/operations/boot-op-f2620a5a7a83e9f6/events.jsonl	LOCAL_TEST_ONLY
.tmp/p17-reboot-host-51102/ops/operations/disc-op-b616ff1a8481a79d/canonical.json	LOCAL_TEST_ONLY
.tmp/p17-reboot-host-51102/ops/operations/disc-op-b616ff1a8481a79d/events.jsonl	LOCAL_TEST_ONLY
.tmp/p17-reboot-host-51102/ops/registry/history/disc-op-b616ff1a8481a79d.jsonl	LOCAL_TEST_ONLY
.tmp/p17-reboot-host-51102/ops/registry/index/boot-op-f2620a5a7a83e9f6.json	LOCAL_TEST_ONLY
.tmp/p17-reboot-host-51102/ops/registry/index/disc-op-b616ff1a8481a79d.json	LOCAL_TEST_ONLY
.tmp/p17-reboot-host-51369/device/device-private-key	LOCAL_TEST_ONLY
.tmp/p17-reboot-host-51369/device/device.json	LOCAL_TEST_ONLY
.tmp/p17-reboot-host-51369/ids.txt	LOCAL_TEST_ONLY
.tmp/p17-reboot-host-51369/migration/bootstraps/boot-8fb254c2a65c9573/object.json	LOCAL_TEST_ONLY
.tmp/p17-reboot-host-51369/migration/codes/42e83fca4713.json	LOCAL_TEST_ONLY
.tmp/p17-reboot-host-51369/migration/discoveries/disc-5ed1cc88581a1306/object.json	LOCAL_TEST_ONLY
.tmp/p17-reboot-host-51369/migration/discoveries/disc-5ed1cc88581a1306/production.json	LOCAL_TEST_ONLY
.tmp/p17-reboot-host-51369/migration/ops/boot-op-42c25d2a7bfe59e6/state.json	LOCAL_TEST_ONLY
.tmp/p17-reboot-host-51369/migration/ops/disc-op-f86878b333d77ce5/state.json	LOCAL_TEST_ONLY
.tmp/p17-reboot-host-51369/migration/ops/pair-op-121f3acb6464566f/state.json	LOCAL_TEST_ONLY
.tmp/p17-reboot-host-51369/migration/pairs/pair-d66c2e892ac0cde8/object.json	LOCAL_TEST_ONLY
.tmp/p17-reboot-host-51369/migration/productions/prod-rb/identity.json	LOCAL_TEST_ONLY
.tmp/p17-reboot-host-51369/migration/readiness/ready-846f651da5299fe6/object.json	LOCAL_TEST_ONLY
.tmp/p17-reboot-host-51369/migration/trust/pair-d66c2e892ac0cde8/REVOKED	LOCAL_TEST_ONLY
.tmp/p17-reboot-host-51369/migration/trust/pair-d66c2e892ac0cde8/ca.crt	LOCAL_TEST_ONLY
.tmp/p17-reboot-host-51369/migration/trust/pair-d66c2e892ac0cde8/ca.srl	LOCAL_TEST_ONLY
.tmp/p17-reboot-host-51369/migration/trust/pair-d66c2e892ac0cde8/destination.crt	LOCAL_TEST_ONLY
.tmp/p17-reboot-host-51369/migration/trust/pair-d66c2e892ac0cde8/source.crt	LOCAL_TEST_ONLY
.tmp/p17-reboot-host-51369/ops/operations/boot-op-42c25d2a7bfe59e6/canonical.json	LOCAL_TEST_ONLY
.tmp/p17-reboot-host-51369/ops/operations/boot-op-42c25d2a7bfe59e6/events.jsonl	LOCAL_TEST_ONLY
.tmp/p17-reboot-host-51369/ops/operations/disc-op-f86878b333d77ce5/canonical.json	LOCAL_TEST_ONLY
.tmp/p17-reboot-host-51369/ops/operations/disc-op-f86878b333d77ce5/events.jsonl	LOCAL_TEST_ONLY
.tmp/p17-reboot-host-51369/ops/registry/history/disc-op-f86878b333d77ce5.jsonl	LOCAL_TEST_ONLY
.tmp/p17-reboot-host-51369/ops/registry/index/boot-op-42c25d2a7bfe59e6.json	LOCAL_TEST_ONLY
.tmp/p17-reboot-host-51369/ops/registry/index/disc-op-f86878b333d77ce5.json	LOCAL_TEST_ONLY
.tmp/p17-reboot-host-53403/device/device-private-key	LOCAL_TEST_ONLY
.tmp/p17-reboot-host-53403/device/device.json	LOCAL_TEST_ONLY
.tmp/p17-reboot-host-53403/ids.txt	LOCAL_TEST_ONLY
.tmp/p17-reboot-host-53403/migration/bootstraps/boot-967d77b0e6da729d/object.json	LOCAL_TEST_ONLY
.tmp/p17-reboot-host-53403/migration/codes/ca56945711ac.json	LOCAL_TEST_ONLY
.tmp/p17-reboot-host-53403/migration/discoveries/disc-ba53600894eeeac4/object.json	LOCAL_TEST_ONLY
.tmp/p17-reboot-host-53403/migration/discoveries/disc-ba53600894eeeac4/production.json	LOCAL_TEST_ONLY
.tmp/p17-reboot-host-53403/migration/ops/boot-op-d97abc5081c3255b/state.json	LOCAL_TEST_ONLY
.tmp/p17-reboot-host-53403/migration/ops/disc-op-447aef1398897024/state.json	LOCAL_TEST_ONLY
.tmp/p17-reboot-host-53403/migration/ops/pair-op-ab03c1fca25ec40f/state.json	LOCAL_TEST_ONLY
.tmp/p17-reboot-host-53403/migration/pairs/pair-d58f115d776e149d/object.json	LOCAL_TEST_ONLY
.tmp/p17-reboot-host-53403/migration/productions/prod-rb/identity.json	LOCAL_TEST_ONLY
.tmp/p17-reboot-host-53403/migration/readiness/ready-85e66b3ebdeb044c/object.json	LOCAL_TEST_ONLY
.tmp/p17-reboot-host-53403/migration/trust/pair-d58f115d776e149d/REVOKED	LOCAL_TEST_ONLY
.tmp/p17-reboot-host-53403/migration/trust/pair-d58f115d776e149d/ca.crt	LOCAL_TEST_ONLY
.tmp/p17-reboot-host-53403/migration/trust/pair-d58f115d776e149d/ca.srl	LOCAL_TEST_ONLY
.tmp/p17-reboot-host-53403/migration/trust/pair-d58f115d776e149d/destination.crt	LOCAL_TEST_ONLY
.tmp/p17-reboot-host-53403/migration/trust/pair-d58f115d776e149d/source.crt	LOCAL_TEST_ONLY
.tmp/p17-reboot-host-53403/ops/operations/boot-op-d97abc5081c3255b/canonical.json	LOCAL_TEST_ONLY
.tmp/p17-reboot-host-53403/ops/operations/boot-op-d97abc5081c3255b/events.jsonl	LOCAL_TEST_ONLY
.tmp/p17-reboot-host-53403/ops/operations/disc-op-447aef1398897024/canonical.json	LOCAL_TEST_ONLY
.tmp/p17-reboot-host-53403/ops/operations/disc-op-447aef1398897024/events.jsonl	LOCAL_TEST_ONLY
.tmp/p17-reboot-host-53403/ops/registry/history/disc-op-447aef1398897024.jsonl	LOCAL_TEST_ONLY
.tmp/p17-reboot-host-53403/ops/registry/index/boot-op-d97abc5081c3255b.json	LOCAL_TEST_ONLY
.tmp/p17-reboot-host-53403/ops/registry/index/disc-op-447aef1398897024.json	LOCAL_TEST_ONLY
.tmp/p17-reboot-host-61336/device/device-private-key	LOCAL_TEST_ONLY
.tmp/p17-reboot-host-61336/device/device.json	LOCAL_TEST_ONLY
.tmp/p17-reboot-host-61336/ids.txt	LOCAL_TEST_ONLY
.tmp/p17-reboot-host-61336/migration/bootstraps/boot-40bdba175a23e7fe/object.json	LOCAL_TEST_ONLY
.tmp/p17-reboot-host-61336/migration/codes/360af8718fe3.json	LOCAL_TEST_ONLY
.tmp/p17-reboot-host-61336/migration/discoveries/disc-96b9798ae2a85d30/object.json	LOCAL_TEST_ONLY
.tmp/p17-reboot-host-61336/migration/discoveries/disc-96b9798ae2a85d30/production.json	LOCAL_TEST_ONLY
.tmp/p17-reboot-host-61336/migration/ops/boot-op-9ff9ceff9762171c/state.json	LOCAL_TEST_ONLY
.tmp/p17-reboot-host-61336/migration/ops/disc-op-08401be0348bcafd/state.json	LOCAL_TEST_ONLY
.tmp/p17-reboot-host-61336/migration/ops/pair-op-49b8d1a40996f971/state.json	LOCAL_TEST_ONLY
.tmp/p17-reboot-host-61336/migration/pairs/pair-d57a7552481faf17/object.json	LOCAL_TEST_ONLY
.tmp/p17-reboot-host-61336/migration/productions/prod-rb/identity.json	LOCAL_TEST_ONLY
.tmp/p17-reboot-host-61336/migration/readiness/ready-4039ecf6c91051b4/object.json	LOCAL_TEST_ONLY
.tmp/p17-reboot-host-61336/migration/trust/pair-d57a7552481faf17/REVOKED	LOCAL_TEST_ONLY
.tmp/p17-reboot-host-61336/migration/trust/pair-d57a7552481faf17/ca.crt	LOCAL_TEST_ONLY
.tmp/p17-reboot-host-61336/migration/trust/pair-d57a7552481faf17/ca.srl	LOCAL_TEST_ONLY
.tmp/p17-reboot-host-61336/migration/trust/pair-d57a7552481faf17/destination.crt	LOCAL_TEST_ONLY
.tmp/p17-reboot-host-61336/migration/trust/pair-d57a7552481faf17/source.crt	LOCAL_TEST_ONLY
.tmp/p17-reboot-host-61336/ops/operations/boot-op-9ff9ceff9762171c/canonical.json	LOCAL_TEST_ONLY
.tmp/p17-reboot-host-61336/ops/operations/boot-op-9ff9ceff9762171c/events.jsonl	LOCAL_TEST_ONLY
.tmp/p17-reboot-host-61336/ops/operations/disc-op-08401be0348bcafd/canonical.json	LOCAL_TEST_ONLY
.tmp/p17-reboot-host-61336/ops/operations/disc-op-08401be0348bcafd/events.jsonl	LOCAL_TEST_ONLY
.tmp/p17-reboot-host-61336/ops/registry/history/disc-op-08401be0348bcafd.jsonl	LOCAL_TEST_ONLY
.tmp/p17-reboot-host-61336/ops/registry/index/boot-op-9ff9ceff9762171c.json	LOCAL_TEST_ONLY
.tmp/p17-reboot-host-61336/ops/registry/index/disc-op-08401be0348bcafd.json	LOCAL_TEST_ONLY
.tmp/p17-reboot-host-65044/device/device-private-key	LOCAL_TEST_ONLY
.tmp/p17-reboot-host-65044/device/device.json	LOCAL_TEST_ONLY
.tmp/p17-reboot-host-65044/ids.txt	LOCAL_TEST_ONLY
.tmp/p17-reboot-host-65044/migration/bootstraps/boot-4d0b850f892ae255/object.json	LOCAL_TEST_ONLY
.tmp/p17-reboot-host-65044/migration/codes/456c0a67a966.json	LOCAL_TEST_ONLY
.tmp/p17-reboot-host-65044/migration/discoveries/disc-d52fd45f487d07bb/object.json	LOCAL_TEST_ONLY
.tmp/p17-reboot-host-65044/migration/discoveries/disc-d52fd45f487d07bb/production.json	LOCAL_TEST_ONLY
.tmp/p17-reboot-host-65044/migration/ops/boot-op-184a036bdc7cab15/state.json	LOCAL_TEST_ONLY
.tmp/p17-reboot-host-65044/migration/ops/disc-op-af395ea5f8211aca/state.json	LOCAL_TEST_ONLY
.tmp/p17-reboot-host-65044/migration/ops/pair-op-0842b7bb8715f9b4/state.json	LOCAL_TEST_ONLY
.tmp/p17-reboot-host-65044/migration/pairs/pair-8979ea50775a54e6/object.json	LOCAL_TEST_ONLY
.tmp/p17-reboot-host-65044/migration/productions/prod-rb/identity.json	LOCAL_TEST_ONLY
.tmp/p17-reboot-host-65044/migration/readiness/ready-15a65a5ec35b6496/object.json	LOCAL_TEST_ONLY
.tmp/p17-reboot-host-65044/migration/trust/pair-8979ea50775a54e6/REVOKED	LOCAL_TEST_ONLY
.tmp/p17-reboot-host-65044/migration/trust/pair-8979ea50775a54e6/ca.crt	LOCAL_TEST_ONLY
.tmp/p17-reboot-host-65044/migration/trust/pair-8979ea50775a54e6/ca.srl	LOCAL_TEST_ONLY
.tmp/p17-reboot-host-65044/migration/trust/pair-8979ea50775a54e6/destination.crt	LOCAL_TEST_ONLY
.tmp/p17-reboot-host-65044/migration/trust/pair-8979ea50775a54e6/source.crt	LOCAL_TEST_ONLY
.tmp/p17-reboot-host-65044/ops/operations/boot-op-184a036bdc7cab15/canonical.json	LOCAL_TEST_ONLY
.tmp/p17-reboot-host-65044/ops/operations/boot-op-184a036bdc7cab15/events.jsonl	LOCAL_TEST_ONLY
.tmp/p17-reboot-host-65044/ops/operations/disc-op-af395ea5f8211aca/canonical.json	LOCAL_TEST_ONLY
.tmp/p17-reboot-host-65044/ops/operations/disc-op-af395ea5f8211aca/events.jsonl	LOCAL_TEST_ONLY
.tmp/p17-reboot-host-65044/ops/registry/history/disc-op-af395ea5f8211aca.jsonl	LOCAL_TEST_ONLY
.tmp/p17-reboot-host-65044/ops/registry/index/boot-op-184a036bdc7cab15.json	LOCAL_TEST_ONLY
.tmp/p17-reboot-host-65044/ops/registry/index/disc-op-af395ea5f8211aca.json	LOCAL_TEST_ONLY
.tmp/p17-reboot-host-66909/device/device-private-key	LOCAL_TEST_ONLY
.tmp/p17-reboot-host-66909/device/device.json	LOCAL_TEST_ONLY
.tmp/p17-reboot-host-66909/ids.txt	LOCAL_TEST_ONLY
.tmp/p17-reboot-host-66909/migration/bootstraps/boot-f819dd1f056202b8/object.json	LOCAL_TEST_ONLY
.tmp/p17-reboot-host-66909/migration/codes/799903664e2d.json	LOCAL_TEST_ONLY
.tmp/p17-reboot-host-66909/migration/discoveries/disc-d4183176ce6509de/object.json	LOCAL_TEST_ONLY
.tmp/p17-reboot-host-66909/migration/discoveries/disc-d4183176ce6509de/production.json	LOCAL_TEST_ONLY
.tmp/p17-reboot-host-66909/migration/ops/boot-op-bf0f168365b7d8d3/state.json	LOCAL_TEST_ONLY
.tmp/p17-reboot-host-66909/migration/ops/disc-op-a537192972649d33/state.json	LOCAL_TEST_ONLY
.tmp/p17-reboot-host-66909/migration/ops/pair-op-635681da047ea0e7/state.json	LOCAL_TEST_ONLY
.tmp/p17-reboot-host-66909/migration/pairs/pair-2afedbe4fa044c11/object.json	LOCAL_TEST_ONLY
.tmp/p17-reboot-host-66909/migration/productions/prod-rb/identity.json	LOCAL_TEST_ONLY
.tmp/p17-reboot-host-66909/migration/readiness/ready-e6243e9b024d8061/object.json	LOCAL_TEST_ONLY
.tmp/p17-reboot-host-66909/migration/trust/pair-2afedbe4fa044c11/REVOKED	LOCAL_TEST_ONLY
.tmp/p17-reboot-host-66909/migration/trust/pair-2afedbe4fa044c11/ca.crt	LOCAL_TEST_ONLY
.tmp/p17-reboot-host-66909/migration/trust/pair-2afedbe4fa044c11/ca.srl	LOCAL_TEST_ONLY
.tmp/p17-reboot-host-66909/migration/trust/pair-2afedbe4fa044c11/destination.crt	LOCAL_TEST_ONLY
.tmp/p17-reboot-host-66909/migration/trust/pair-2afedbe4fa044c11/source.crt	LOCAL_TEST_ONLY
.tmp/p17-reboot-host-66909/ops/operations/boot-op-bf0f168365b7d8d3/canonical.json	LOCAL_TEST_ONLY
.tmp/p17-reboot-host-66909/ops/operations/boot-op-bf0f168365b7d8d3/events.jsonl	LOCAL_TEST_ONLY
.tmp/p17-reboot-host-66909/ops/operations/disc-op-a537192972649d33/canonical.json	LOCAL_TEST_ONLY
.tmp/p17-reboot-host-66909/ops/operations/disc-op-a537192972649d33/events.jsonl	LOCAL_TEST_ONLY
.tmp/p17-reboot-host-66909/ops/registry/history/disc-op-a537192972649d33.jsonl	LOCAL_TEST_ONLY
.tmp/p17-reboot-host-66909/ops/registry/index/boot-op-bf0f168365b7d8d3.json	LOCAL_TEST_ONLY
.tmp/p17-reboot-host-66909/ops/registry/index/disc-op-a537192972649d33.json	LOCAL_TEST_ONLY
.tmp/p17-reboot-host-67356/device/device-private-key	LOCAL_TEST_ONLY
.tmp/p17-reboot-host-67356/device/device.json	LOCAL_TEST_ONLY
.tmp/p17-reboot-host-67356/ids.txt	LOCAL_TEST_ONLY
.tmp/p17-reboot-host-67356/migration/bootstraps/boot-c9687452a5a65f01/object.json	LOCAL_TEST_ONLY
.tmp/p17-reboot-host-67356/migration/codes/95c742ae1bcb.json	LOCAL_TEST_ONLY
.tmp/p17-reboot-host-67356/migration/discoveries/disc-b31f35cfb64c2d6e/object.json	LOCAL_TEST_ONLY
.tmp/p17-reboot-host-67356/migration/discoveries/disc-b31f35cfb64c2d6e/production.json	LOCAL_TEST_ONLY
.tmp/p17-reboot-host-67356/migration/ops/boot-op-291d7b1c825b1f0a/state.json	LOCAL_TEST_ONLY
.tmp/p17-reboot-host-67356/migration/ops/disc-op-9f080f876526f9ed/state.json	LOCAL_TEST_ONLY
.tmp/p17-reboot-host-67356/migration/ops/pair-op-7a107c44c5dbb2ac/state.json	LOCAL_TEST_ONLY
.tmp/p17-reboot-host-67356/migration/pairs/pair-d6495890a3c54773/object.json	LOCAL_TEST_ONLY
.tmp/p17-reboot-host-67356/migration/productions/prod-rb/identity.json	LOCAL_TEST_ONLY
.tmp/p17-reboot-host-67356/migration/readiness/ready-3c106897927de6b3/object.json	LOCAL_TEST_ONLY
.tmp/p17-reboot-host-67356/migration/trust/pair-d6495890a3c54773/REVOKED	LOCAL_TEST_ONLY
.tmp/p17-reboot-host-67356/migration/trust/pair-d6495890a3c54773/ca.crt	LOCAL_TEST_ONLY
.tmp/p17-reboot-host-67356/migration/trust/pair-d6495890a3c54773/ca.srl	LOCAL_TEST_ONLY
.tmp/p17-reboot-host-67356/migration/trust/pair-d6495890a3c54773/destination.crt	LOCAL_TEST_ONLY
.tmp/p17-reboot-host-67356/migration/trust/pair-d6495890a3c54773/source.crt	LOCAL_TEST_ONLY
.tmp/p17-reboot-host-67356/ops/operations/boot-op-291d7b1c825b1f0a/canonical.json	LOCAL_TEST_ONLY
.tmp/p17-reboot-host-67356/ops/operations/boot-op-291d7b1c825b1f0a/events.jsonl	LOCAL_TEST_ONLY
.tmp/p17-reboot-host-67356/ops/operations/disc-op-9f080f876526f9ed/canonical.json	LOCAL_TEST_ONLY
.tmp/p17-reboot-host-67356/ops/operations/disc-op-9f080f876526f9ed/events.jsonl	LOCAL_TEST_ONLY
.tmp/p17-reboot-host-67356/ops/registry/history/disc-op-9f080f876526f9ed.jsonl	LOCAL_TEST_ONLY
.tmp/p17-reboot-host-67356/ops/registry/index/boot-op-291d7b1c825b1f0a.json	LOCAL_TEST_ONLY
.tmp/p17-reboot-host-67356/ops/registry/index/disc-op-9f080f876526f9ed.json	LOCAL_TEST_ONLY
.tmp/p17-reboot-host-70023/device/device-private-key	LOCAL_TEST_ONLY
.tmp/p17-reboot-host-70023/device/device.json	LOCAL_TEST_ONLY
.tmp/p17-reboot-host-70023/ids.txt	LOCAL_TEST_ONLY
.tmp/p17-reboot-host-70023/migration/bootstraps/boot-3b411111cb5b8e10/object.json	LOCAL_TEST_ONLY
.tmp/p17-reboot-host-70023/migration/codes/5c4c689430ce.json	LOCAL_TEST_ONLY
.tmp/p17-reboot-host-70023/migration/discoveries/disc-ff7eb996d4d9109d/object.json	LOCAL_TEST_ONLY
.tmp/p17-reboot-host-70023/migration/discoveries/disc-ff7eb996d4d9109d/production.json	LOCAL_TEST_ONLY
.tmp/p17-reboot-host-70023/migration/ops/boot-op-1627c20b2e5eb79f/state.json	LOCAL_TEST_ONLY
.tmp/p17-reboot-host-70023/migration/ops/disc-op-08d06e4b5c083b36/state.json	LOCAL_TEST_ONLY
.tmp/p17-reboot-host-70023/migration/ops/pair-op-313b73ab4a098548/state.json	LOCAL_TEST_ONLY
.tmp/p17-reboot-host-70023/migration/pairs/pair-4e6cf4198ed5a9a4/object.json	LOCAL_TEST_ONLY
.tmp/p17-reboot-host-70023/migration/productions/prod-rb/identity.json	LOCAL_TEST_ONLY
.tmp/p17-reboot-host-70023/migration/readiness/ready-8c1bfe69efa6402a/object.json	LOCAL_TEST_ONLY
.tmp/p17-reboot-host-70023/migration/trust/pair-4e6cf4198ed5a9a4/REVOKED	LOCAL_TEST_ONLY
.tmp/p17-reboot-host-70023/migration/trust/pair-4e6cf4198ed5a9a4/ca.crt	LOCAL_TEST_ONLY
.tmp/p17-reboot-host-70023/migration/trust/pair-4e6cf4198ed5a9a4/ca.srl	LOCAL_TEST_ONLY
.tmp/p17-reboot-host-70023/migration/trust/pair-4e6cf4198ed5a9a4/destination.crt	LOCAL_TEST_ONLY
.tmp/p17-reboot-host-70023/migration/trust/pair-4e6cf4198ed5a9a4/source.crt	LOCAL_TEST_ONLY
.tmp/p17-reboot-host-70023/ops/operations/boot-op-1627c20b2e5eb79f/canonical.json	LOCAL_TEST_ONLY
.tmp/p17-reboot-host-70023/ops/operations/boot-op-1627c20b2e5eb79f/events.jsonl	LOCAL_TEST_ONLY
.tmp/p17-reboot-host-70023/ops/operations/disc-op-08d06e4b5c083b36/canonical.json	LOCAL_TEST_ONLY
.tmp/p17-reboot-host-70023/ops/operations/disc-op-08d06e4b5c083b36/events.jsonl	LOCAL_TEST_ONLY
.tmp/p17-reboot-host-70023/ops/registry/history/disc-op-08d06e4b5c083b36.jsonl	LOCAL_TEST_ONLY
.tmp/p17-reboot-host-70023/ops/registry/index/boot-op-1627c20b2e5eb79f.json	LOCAL_TEST_ONLY
.tmp/p17-reboot-host-70023/ops/registry/index/disc-op-08d06e4b5c083b36.json	LOCAL_TEST_ONLY
.tmp/p17-reboot-host-70421/device/device-private-key	LOCAL_TEST_ONLY
.tmp/p17-reboot-host-70421/device/device.json	LOCAL_TEST_ONLY
.tmp/p17-reboot-host-70421/ids.txt	LOCAL_TEST_ONLY
.tmp/p17-reboot-host-70421/migration/bootstraps/boot-706832b245d3b563/object.json	LOCAL_TEST_ONLY
.tmp/p17-reboot-host-70421/migration/codes/7b2d2a2a0cb2.json	LOCAL_TEST_ONLY
.tmp/p17-reboot-host-70421/migration/discoveries/disc-505dcf90765d6a1d/object.json	LOCAL_TEST_ONLY
.tmp/p17-reboot-host-70421/migration/discoveries/disc-505dcf90765d6a1d/production.json	LOCAL_TEST_ONLY
.tmp/p17-reboot-host-70421/migration/ops/boot-op-142244a77996990b/state.json	LOCAL_TEST_ONLY
.tmp/p17-reboot-host-70421/migration/ops/disc-op-4115e72e420e26ba/state.json	LOCAL_TEST_ONLY
.tmp/p17-reboot-host-70421/migration/ops/pair-op-6ba07dc4d7710e9b/state.json	LOCAL_TEST_ONLY
.tmp/p17-reboot-host-70421/migration/pairs/pair-76bfd8b2cb7316c2/object.json	LOCAL_TEST_ONLY
.tmp/p17-reboot-host-70421/migration/productions/prod-rb/identity.json	LOCAL_TEST_ONLY
.tmp/p17-reboot-host-70421/migration/readiness/ready-7ff75b6d2480df7f/object.json	LOCAL_TEST_ONLY
.tmp/p17-reboot-host-70421/migration/trust/pair-76bfd8b2cb7316c2/REVOKED	LOCAL_TEST_ONLY
.tmp/p17-reboot-host-70421/migration/trust/pair-76bfd8b2cb7316c2/ca.crt	LOCAL_TEST_ONLY
.tmp/p17-reboot-host-70421/migration/trust/pair-76bfd8b2cb7316c2/ca.srl	LOCAL_TEST_ONLY
.tmp/p17-reboot-host-70421/migration/trust/pair-76bfd8b2cb7316c2/destination.crt	LOCAL_TEST_ONLY
.tmp/p17-reboot-host-70421/migration/trust/pair-76bfd8b2cb7316c2/source.crt	LOCAL_TEST_ONLY
.tmp/p17-reboot-host-70421/ops/operations/boot-op-142244a77996990b/canonical.json	LOCAL_TEST_ONLY
.tmp/p17-reboot-host-70421/ops/operations/boot-op-142244a77996990b/events.jsonl	LOCAL_TEST_ONLY
.tmp/p17-reboot-host-70421/ops/operations/disc-op-4115e72e420e26ba/canonical.json	LOCAL_TEST_ONLY
.tmp/p17-reboot-host-70421/ops/operations/disc-op-4115e72e420e26ba/events.jsonl	LOCAL_TEST_ONLY
.tmp/p17-reboot-host-70421/ops/registry/history/disc-op-4115e72e420e26ba.jsonl	LOCAL_TEST_ONLY
.tmp/p17-reboot-host-70421/ops/registry/index/boot-op-142244a77996990b.json	LOCAL_TEST_ONLY
.tmp/p17-reboot-host-70421/ops/registry/index/disc-op-4115e72e420e26ba.json	LOCAL_TEST_ONLY
.tmp/p17-reboot-host-71252/device/device-private-key	LOCAL_TEST_ONLY
.tmp/p17-reboot-host-71252/device/device.json	LOCAL_TEST_ONLY
.tmp/p17-reboot-host-71252/ids.txt	LOCAL_TEST_ONLY
.tmp/p17-reboot-host-71252/migration/bootstraps/boot-c7b181d9d621911c/object.json	LOCAL_TEST_ONLY
.tmp/p17-reboot-host-71252/migration/codes/72c9f22a683f.json	LOCAL_TEST_ONLY
.tmp/p17-reboot-host-71252/migration/discoveries/disc-bf79490c44e014d2/object.json	LOCAL_TEST_ONLY
.tmp/p17-reboot-host-71252/migration/discoveries/disc-bf79490c44e014d2/production.json	LOCAL_TEST_ONLY
.tmp/p17-reboot-host-71252/migration/ops/boot-op-069f9fb8f7947e39/state.json	LOCAL_TEST_ONLY
.tmp/p17-reboot-host-71252/migration/ops/disc-op-ffb42d1b1d54ee92/state.json	LOCAL_TEST_ONLY
.tmp/p17-reboot-host-71252/migration/ops/pair-op-5c0d0e4a5ba1bed3/state.json	LOCAL_TEST_ONLY
.tmp/p17-reboot-host-71252/migration/pairs/pair-0d02f9258cc2098a/object.json	LOCAL_TEST_ONLY
.tmp/p17-reboot-host-71252/migration/productions/prod-rb/identity.json	LOCAL_TEST_ONLY
.tmp/p17-reboot-host-71252/migration/readiness/ready-b533d1201eeedd46/object.json	LOCAL_TEST_ONLY
.tmp/p17-reboot-host-71252/migration/trust/pair-0d02f9258cc2098a/REVOKED	LOCAL_TEST_ONLY
.tmp/p17-reboot-host-71252/migration/trust/pair-0d02f9258cc2098a/ca.crt	LOCAL_TEST_ONLY
.tmp/p17-reboot-host-71252/migration/trust/pair-0d02f9258cc2098a/ca.srl	LOCAL_TEST_ONLY
.tmp/p17-reboot-host-71252/migration/trust/pair-0d02f9258cc2098a/destination.crt	LOCAL_TEST_ONLY
.tmp/p17-reboot-host-71252/migration/trust/pair-0d02f9258cc2098a/source.crt	LOCAL_TEST_ONLY
.tmp/p17-reboot-host-71252/ops/operations/boot-op-069f9fb8f7947e39/canonical.json	LOCAL_TEST_ONLY
.tmp/p17-reboot-host-71252/ops/operations/boot-op-069f9fb8f7947e39/events.jsonl	LOCAL_TEST_ONLY
.tmp/p17-reboot-host-71252/ops/operations/disc-op-ffb42d1b1d54ee92/canonical.json	LOCAL_TEST_ONLY
.tmp/p17-reboot-host-71252/ops/operations/disc-op-ffb42d1b1d54ee92/events.jsonl	LOCAL_TEST_ONLY
.tmp/p17-reboot-host-71252/ops/registry/history/disc-op-ffb42d1b1d54ee92.jsonl	LOCAL_TEST_ONLY
.tmp/p17-reboot-host-71252/ops/registry/index/boot-op-069f9fb8f7947e39.json	LOCAL_TEST_ONLY
.tmp/p17-reboot-host-71252/ops/registry/index/disc-op-ffb42d1b1d54ee92.json	LOCAL_TEST_ONLY
.tmp/p17-reboot-host-71288/device/device-private-key	LOCAL_TEST_ONLY
.tmp/p17-reboot-host-71288/device/device.json	LOCAL_TEST_ONLY
.tmp/p17-reboot-host-71288/ids.txt	LOCAL_TEST_ONLY
.tmp/p17-reboot-host-71288/migration/bootstraps/boot-0d42c379d85778ea/object.json	LOCAL_TEST_ONLY
.tmp/p17-reboot-host-71288/migration/codes/c494ffb5803e.json	LOCAL_TEST_ONLY
.tmp/p17-reboot-host-71288/migration/discoveries/disc-c34d9e27a80d97f1/object.json	LOCAL_TEST_ONLY
.tmp/p17-reboot-host-71288/migration/discoveries/disc-c34d9e27a80d97f1/production.json	LOCAL_TEST_ONLY
.tmp/p17-reboot-host-71288/migration/ops/boot-op-6bf916f6cbd3cce4/state.json	LOCAL_TEST_ONLY
.tmp/p17-reboot-host-71288/migration/ops/disc-op-7c3c4988da1007bf/state.json	LOCAL_TEST_ONLY
.tmp/p17-reboot-host-71288/migration/ops/pair-op-4d69059f358e0c90/state.json	LOCAL_TEST_ONLY
.tmp/p17-reboot-host-71288/migration/pairs/pair-b55fa6d1ea72ee0f/object.json	LOCAL_TEST_ONLY
.tmp/p17-reboot-host-71288/migration/productions/prod-rb/identity.json	LOCAL_TEST_ONLY
.tmp/p17-reboot-host-71288/migration/readiness/ready-00d0deb5872661e8/object.json	LOCAL_TEST_ONLY
.tmp/p17-reboot-host-71288/migration/trust/pair-b55fa6d1ea72ee0f/REVOKED	LOCAL_TEST_ONLY
.tmp/p17-reboot-host-71288/migration/trust/pair-b55fa6d1ea72ee0f/ca.crt	LOCAL_TEST_ONLY
.tmp/p17-reboot-host-71288/migration/trust/pair-b55fa6d1ea72ee0f/ca.srl	LOCAL_TEST_ONLY
.tmp/p17-reboot-host-71288/migration/trust/pair-b55fa6d1ea72ee0f/destination.crt	LOCAL_TEST_ONLY
.tmp/p17-reboot-host-71288/migration/trust/pair-b55fa6d1ea72ee0f/source.crt	LOCAL_TEST_ONLY
.tmp/p17-reboot-host-71288/ops/operations/boot-op-6bf916f6cbd3cce4/canonical.json	LOCAL_TEST_ONLY
.tmp/p17-reboot-host-71288/ops/operations/boot-op-6bf916f6cbd3cce4/events.jsonl	LOCAL_TEST_ONLY
.tmp/p17-reboot-host-71288/ops/operations/disc-op-7c3c4988da1007bf/canonical.json	LOCAL_TEST_ONLY
.tmp/p17-reboot-host-71288/ops/operations/disc-op-7c3c4988da1007bf/events.jsonl	LOCAL_TEST_ONLY
.tmp/p17-reboot-host-71288/ops/registry/history/disc-op-7c3c4988da1007bf.jsonl	LOCAL_TEST_ONLY
.tmp/p17-reboot-host-71288/ops/registry/index/boot-op-6bf916f6cbd3cce4.json	LOCAL_TEST_ONLY
.tmp/p17-reboot-host-71288/ops/registry/index/disc-op-7c3c4988da1007bf.json	LOCAL_TEST_ONLY
.tmp/p17-reboot-host-71428/device/device-private-key	LOCAL_TEST_ONLY
.tmp/p17-reboot-host-71428/device/device.json	LOCAL_TEST_ONLY
.tmp/p17-reboot-host-71428/ids.txt	LOCAL_TEST_ONLY
.tmp/p17-reboot-host-71428/migration/bootstraps/boot-73a0f092fe5afc44/object.json	LOCAL_TEST_ONLY
.tmp/p17-reboot-host-71428/migration/codes/f0ff2b499cb8.json	LOCAL_TEST_ONLY
.tmp/p17-reboot-host-71428/migration/discoveries/disc-b251191542ebd87e/object.json	LOCAL_TEST_ONLY
.tmp/p17-reboot-host-71428/migration/discoveries/disc-b251191542ebd87e/production.json	LOCAL_TEST_ONLY
.tmp/p17-reboot-host-71428/migration/ops/boot-op-e70b6a1b50de5a0f/state.json	LOCAL_TEST_ONLY
.tmp/p17-reboot-host-71428/migration/ops/disc-op-2b0accb28c01c616/state.json	LOCAL_TEST_ONLY
.tmp/p17-reboot-host-71428/migration/ops/pair-op-087fa214255f678f/state.json	LOCAL_TEST_ONLY
.tmp/p17-reboot-host-71428/migration/pairs/pair-a5274efc543df497/object.json	LOCAL_TEST_ONLY
.tmp/p17-reboot-host-71428/migration/productions/prod-rb/identity.json	LOCAL_TEST_ONLY
.tmp/p17-reboot-host-71428/migration/readiness/ready-df5e7a9276f3590c/object.json	LOCAL_TEST_ONLY
.tmp/p17-reboot-host-71428/migration/trust/pair-a5274efc543df497/REVOKED	LOCAL_TEST_ONLY
.tmp/p17-reboot-host-71428/migration/trust/pair-a5274efc543df497/ca.crt	LOCAL_TEST_ONLY
.tmp/p17-reboot-host-71428/migration/trust/pair-a5274efc543df497/ca.srl	LOCAL_TEST_ONLY
.tmp/p17-reboot-host-71428/migration/trust/pair-a5274efc543df497/destination.crt	LOCAL_TEST_ONLY
.tmp/p17-reboot-host-71428/migration/trust/pair-a5274efc543df497/source.crt	LOCAL_TEST_ONLY
.tmp/p17-reboot-host-71428/ops/operations/boot-op-e70b6a1b50de5a0f/canonical.json	LOCAL_TEST_ONLY
.tmp/p17-reboot-host-71428/ops/operations/boot-op-e70b6a1b50de5a0f/events.jsonl	LOCAL_TEST_ONLY
.tmp/p17-reboot-host-71428/ops/operations/disc-op-2b0accb28c01c616/canonical.json	LOCAL_TEST_ONLY
.tmp/p17-reboot-host-71428/ops/operations/disc-op-2b0accb28c01c616/events.jsonl	LOCAL_TEST_ONLY
.tmp/p17-reboot-host-71428/ops/registry/history/disc-op-2b0accb28c01c616.jsonl	LOCAL_TEST_ONLY
.tmp/p17-reboot-host-71428/ops/registry/index/boot-op-e70b6a1b50de5a0f.json	LOCAL_TEST_ONLY
.tmp/p17-reboot-host-71428/ops/registry/index/disc-op-2b0accb28c01c616.json	LOCAL_TEST_ONLY
.tmp/p17-reboot-host-72956/device/device-private-key	LOCAL_TEST_ONLY
.tmp/p17-reboot-host-72956/device/device.json	LOCAL_TEST_ONLY
.tmp/p17-reboot-host-72956/ids.txt	LOCAL_TEST_ONLY
.tmp/p17-reboot-host-72956/migration/bootstraps/boot-0baae336450d345a/object.json	LOCAL_TEST_ONLY
.tmp/p17-reboot-host-72956/migration/codes/d627a68fa788.json	LOCAL_TEST_ONLY
.tmp/p17-reboot-host-72956/migration/discoveries/disc-090c57bf7df2f2ff/object.json	LOCAL_TEST_ONLY
.tmp/p17-reboot-host-72956/migration/discoveries/disc-090c57bf7df2f2ff/production.json	LOCAL_TEST_ONLY
.tmp/p17-reboot-host-72956/migration/ops/boot-op-71db5d7d18953546/state.json	LOCAL_TEST_ONLY
.tmp/p17-reboot-host-72956/migration/ops/disc-op-a0e205925c07eff6/state.json	LOCAL_TEST_ONLY
.tmp/p17-reboot-host-72956/migration/ops/pair-op-19180a59d15e0c4a/state.json	LOCAL_TEST_ONLY
.tmp/p17-reboot-host-72956/migration/pairs/pair-9d4e3e18a59f3165/object.json	LOCAL_TEST_ONLY
.tmp/p17-reboot-host-72956/migration/productions/prod-rb/identity.json	LOCAL_TEST_ONLY
.tmp/p17-reboot-host-72956/migration/readiness/ready-88d3a551b24a12a5/object.json	LOCAL_TEST_ONLY
.tmp/p17-reboot-host-72956/migration/trust/pair-9d4e3e18a59f3165/REVOKED	LOCAL_TEST_ONLY
.tmp/p17-reboot-host-72956/migration/trust/pair-9d4e3e18a59f3165/ca.crt	LOCAL_TEST_ONLY
.tmp/p17-reboot-host-72956/migration/trust/pair-9d4e3e18a59f3165/ca.srl	LOCAL_TEST_ONLY
.tmp/p17-reboot-host-72956/migration/trust/pair-9d4e3e18a59f3165/destination.crt	LOCAL_TEST_ONLY
.tmp/p17-reboot-host-72956/migration/trust/pair-9d4e3e18a59f3165/source.crt	LOCAL_TEST_ONLY
.tmp/p17-reboot-host-72956/ops/operations/boot-op-71db5d7d18953546/canonical.json	LOCAL_TEST_ONLY
.tmp/p17-reboot-host-72956/ops/operations/boot-op-71db5d7d18953546/events.jsonl	LOCAL_TEST_ONLY
.tmp/p17-reboot-host-72956/ops/operations/disc-op-a0e205925c07eff6/canonical.json	LOCAL_TEST_ONLY
.tmp/p17-reboot-host-72956/ops/operations/disc-op-a0e205925c07eff6/events.jsonl	LOCAL_TEST_ONLY
.tmp/p17-reboot-host-72956/ops/registry/history/disc-op-a0e205925c07eff6.jsonl	LOCAL_TEST_ONLY
.tmp/p17-reboot-host-72956/ops/registry/index/boot-op-71db5d7d18953546.json	LOCAL_TEST_ONLY
.tmp/p17-reboot-host-72956/ops/registry/index/disc-op-a0e205925c07eff6.json	LOCAL_TEST_ONLY
.tmp/p17-reboot-host-7685/device/device-private-key	LOCAL_TEST_ONLY
.tmp/p17-reboot-host-7685/device/device.json	LOCAL_TEST_ONLY
.tmp/p17-reboot-host-7685/ids.txt	LOCAL_TEST_ONLY
.tmp/p17-reboot-host-7685/migration/bootstraps/boot-e0fb8f81e9aad05e/object.json	LOCAL_TEST_ONLY
.tmp/p17-reboot-host-7685/migration/codes/02e3877ac026.json	LOCAL_TEST_ONLY
.tmp/p17-reboot-host-7685/migration/discoveries/disc-13c22810794e27d4/object.json	LOCAL_TEST_ONLY
.tmp/p17-reboot-host-7685/migration/discoveries/disc-13c22810794e27d4/production.json	LOCAL_TEST_ONLY
.tmp/p17-reboot-host-7685/migration/ops/boot-op-128b69311ab7b8c0/state.json	LOCAL_TEST_ONLY
.tmp/p17-reboot-host-7685/migration/ops/disc-op-ce577fa52f0dc68a/state.json	LOCAL_TEST_ONLY
.tmp/p17-reboot-host-7685/migration/ops/pair-op-a7e170baa22fae50/state.json	LOCAL_TEST_ONLY
.tmp/p17-reboot-host-7685/migration/pairs/pair-a75acbc29a91b552/object.json	LOCAL_TEST_ONLY
.tmp/p17-reboot-host-7685/migration/productions/prod-rb/identity.json	LOCAL_TEST_ONLY
.tmp/p17-reboot-host-7685/migration/readiness/ready-bd5ed7556b88bc18/object.json	LOCAL_TEST_ONLY
.tmp/p17-reboot-host-7685/migration/trust/pair-a75acbc29a91b552/REVOKED	LOCAL_TEST_ONLY
.tmp/p17-reboot-host-7685/migration/trust/pair-a75acbc29a91b552/ca.crt	LOCAL_TEST_ONLY
.tmp/p17-reboot-host-7685/migration/trust/pair-a75acbc29a91b552/ca.srl	LOCAL_TEST_ONLY
.tmp/p17-reboot-host-7685/migration/trust/pair-a75acbc29a91b552/destination.crt	LOCAL_TEST_ONLY
.tmp/p17-reboot-host-7685/migration/trust/pair-a75acbc29a91b552/source.crt	LOCAL_TEST_ONLY
.tmp/p17-reboot-host-7685/ops/operations/boot-op-128b69311ab7b8c0/canonical.json	LOCAL_TEST_ONLY
.tmp/p17-reboot-host-7685/ops/operations/boot-op-128b69311ab7b8c0/events.jsonl	LOCAL_TEST_ONLY
.tmp/p17-reboot-host-7685/ops/operations/disc-op-ce577fa52f0dc68a/canonical.json	LOCAL_TEST_ONLY
.tmp/p17-reboot-host-7685/ops/operations/disc-op-ce577fa52f0dc68a/events.jsonl	LOCAL_TEST_ONLY
.tmp/p17-reboot-host-7685/ops/registry/history/disc-op-ce577fa52f0dc68a.jsonl	LOCAL_TEST_ONLY
.tmp/p17-reboot-host-7685/ops/registry/index/boot-op-128b69311ab7b8c0.json	LOCAL_TEST_ONLY
.tmp/p17-reboot-host-7685/ops/registry/index/disc-op-ce577fa52f0dc68a.json	LOCAL_TEST_ONLY
.tmp/p17-reboot-host-771/device/device-private-key	LOCAL_TEST_ONLY
.tmp/p17-reboot-host-771/device/device.json	LOCAL_TEST_ONLY
.tmp/p17-reboot-host-771/ids.txt	LOCAL_TEST_ONLY
.tmp/p17-reboot-host-771/migration/bootstraps/boot-a17091ddcb9bb9a1/object.json	LOCAL_TEST_ONLY
.tmp/p17-reboot-host-771/migration/codes/0d4f203617d3.json	LOCAL_TEST_ONLY
.tmp/p17-reboot-host-771/migration/discoveries/disc-61dbc9ec8969005e/object.json	LOCAL_TEST_ONLY
.tmp/p17-reboot-host-771/migration/discoveries/disc-61dbc9ec8969005e/production.json	LOCAL_TEST_ONLY
.tmp/p17-reboot-host-771/migration/ops/boot-op-52fb54fbb58056da/state.json	LOCAL_TEST_ONLY
.tmp/p17-reboot-host-771/migration/ops/disc-op-a1797a59e4cc4f62/state.json	LOCAL_TEST_ONLY
.tmp/p17-reboot-host-771/migration/ops/pair-op-11c6a680e254a12b/state.json	LOCAL_TEST_ONLY
.tmp/p17-reboot-host-771/migration/pairs/pair-854698941993ee7a/object.json	LOCAL_TEST_ONLY
.tmp/p17-reboot-host-771/migration/productions/prod-rb/identity.json	LOCAL_TEST_ONLY
.tmp/p17-reboot-host-771/migration/readiness/ready-f890353ce9230875/object.json	LOCAL_TEST_ONLY
.tmp/p17-reboot-host-771/migration/trust/pair-854698941993ee7a/REVOKED	LOCAL_TEST_ONLY
.tmp/p17-reboot-host-771/migration/trust/pair-854698941993ee7a/ca.crt	LOCAL_TEST_ONLY
.tmp/p17-reboot-host-771/migration/trust/pair-854698941993ee7a/ca.srl	LOCAL_TEST_ONLY
.tmp/p17-reboot-host-771/migration/trust/pair-854698941993ee7a/destination.crt	LOCAL_TEST_ONLY
.tmp/p17-reboot-host-771/migration/trust/pair-854698941993ee7a/source.crt	LOCAL_TEST_ONLY
.tmp/p17-reboot-host-771/ops/operations/boot-op-52fb54fbb58056da/canonical.json	LOCAL_TEST_ONLY
.tmp/p17-reboot-host-771/ops/operations/boot-op-52fb54fbb58056da/events.jsonl	LOCAL_TEST_ONLY
.tmp/p17-reboot-host-771/ops/operations/disc-op-a1797a59e4cc4f62/canonical.json	LOCAL_TEST_ONLY
.tmp/p17-reboot-host-771/ops/operations/disc-op-a1797a59e4cc4f62/events.jsonl	LOCAL_TEST_ONLY
.tmp/p17-reboot-host-771/ops/registry/history/disc-op-a1797a59e4cc4f62.jsonl	LOCAL_TEST_ONLY
.tmp/p17-reboot-host-771/ops/registry/index/boot-op-52fb54fbb58056da.json	LOCAL_TEST_ONLY
.tmp/p17-reboot-host-771/ops/registry/index/disc-op-a1797a59e4cc4f62.json	LOCAL_TEST_ONLY
.tmp/p17-reboot-host-7964/device/device-private-key	LOCAL_TEST_ONLY
.tmp/p17-reboot-host-7964/device/device.json	LOCAL_TEST_ONLY
.tmp/p17-reboot-host-7964/ids.txt	LOCAL_TEST_ONLY
.tmp/p17-reboot-host-7964/migration/bootstraps/boot-6bc737d32d7a4922/object.json	LOCAL_TEST_ONLY
.tmp/p17-reboot-host-7964/migration/codes/20599affe569.json	LOCAL_TEST_ONLY
.tmp/p17-reboot-host-7964/migration/discoveries/disc-ee8d0e19feb4dbd3/object.json	LOCAL_TEST_ONLY
.tmp/p17-reboot-host-7964/migration/discoveries/disc-ee8d0e19feb4dbd3/production.json	LOCAL_TEST_ONLY
.tmp/p17-reboot-host-7964/migration/ops/boot-op-9be8ca144f180269/state.json	LOCAL_TEST_ONLY
.tmp/p17-reboot-host-7964/migration/ops/disc-op-b0c5a6ac548996e7/state.json	LOCAL_TEST_ONLY
.tmp/p17-reboot-host-7964/migration/ops/pair-op-290b2b9505c7e02d/state.json	LOCAL_TEST_ONLY
.tmp/p17-reboot-host-7964/migration/pairs/pair-5953ba198bcff988/object.json	LOCAL_TEST_ONLY
.tmp/p17-reboot-host-7964/migration/productions/prod-rb/identity.json	LOCAL_TEST_ONLY
.tmp/p17-reboot-host-7964/migration/readiness/ready-f2cd41c8fc00727b/object.json	LOCAL_TEST_ONLY
.tmp/p17-reboot-host-7964/migration/trust/pair-5953ba198bcff988/REVOKED	LOCAL_TEST_ONLY
.tmp/p17-reboot-host-7964/migration/trust/pair-5953ba198bcff988/ca.crt	LOCAL_TEST_ONLY
.tmp/p17-reboot-host-7964/migration/trust/pair-5953ba198bcff988/ca.srl	LOCAL_TEST_ONLY
.tmp/p17-reboot-host-7964/migration/trust/pair-5953ba198bcff988/destination.crt	LOCAL_TEST_ONLY
.tmp/p17-reboot-host-7964/migration/trust/pair-5953ba198bcff988/source.crt	LOCAL_TEST_ONLY
.tmp/p17-reboot-host-7964/ops/operations/boot-op-9be8ca144f180269/canonical.json	LOCAL_TEST_ONLY
.tmp/p17-reboot-host-7964/ops/operations/boot-op-9be8ca144f180269/events.jsonl	LOCAL_TEST_ONLY
.tmp/p17-reboot-host-7964/ops/operations/disc-op-b0c5a6ac548996e7/canonical.json	LOCAL_TEST_ONLY
.tmp/p17-reboot-host-7964/ops/operations/disc-op-b0c5a6ac548996e7/events.jsonl	LOCAL_TEST_ONLY
.tmp/p17-reboot-host-7964/ops/registry/history/disc-op-b0c5a6ac548996e7.jsonl	LOCAL_TEST_ONLY
.tmp/p17-reboot-host-7964/ops/registry/index/boot-op-9be8ca144f180269.json	LOCAL_TEST_ONLY
.tmp/p17-reboot-host-7964/ops/registry/index/disc-op-b0c5a6ac548996e7.json	LOCAL_TEST_ONLY
.tmp/p17-reboot-host-81086/device/device-private-key	LOCAL_TEST_ONLY
.tmp/p17-reboot-host-81086/device/device.json	LOCAL_TEST_ONLY
.tmp/p17-reboot-host-81086/ids.txt	LOCAL_TEST_ONLY
.tmp/p17-reboot-host-81086/migration/bootstraps/boot-79a92433ef21b966/object.json	LOCAL_TEST_ONLY
.tmp/p17-reboot-host-81086/migration/codes/d1aea4149ecd.json	LOCAL_TEST_ONLY
.tmp/p17-reboot-host-81086/migration/discoveries/disc-7c6ec97324e0daac/object.json	LOCAL_TEST_ONLY
.tmp/p17-reboot-host-81086/migration/discoveries/disc-7c6ec97324e0daac/production.json	LOCAL_TEST_ONLY
.tmp/p17-reboot-host-81086/migration/ops/boot-op-0f1a476010f149c8/state.json	LOCAL_TEST_ONLY
.tmp/p17-reboot-host-81086/migration/ops/disc-op-05ada3f880e7f933/state.json	LOCAL_TEST_ONLY
.tmp/p17-reboot-host-81086/migration/ops/pair-op-06626bf5441f3f30/state.json	LOCAL_TEST_ONLY
.tmp/p17-reboot-host-81086/migration/pairs/pair-ed8691cf759ce3c8/object.json	LOCAL_TEST_ONLY
.tmp/p17-reboot-host-81086/migration/productions/prod-rb/identity.json	LOCAL_TEST_ONLY
.tmp/p17-reboot-host-81086/migration/readiness/ready-65dc46172d55362c/object.json	LOCAL_TEST_ONLY
.tmp/p17-reboot-host-81086/migration/trust/pair-ed8691cf759ce3c8/REVOKED	LOCAL_TEST_ONLY
.tmp/p17-reboot-host-81086/migration/trust/pair-ed8691cf759ce3c8/ca.crt	LOCAL_TEST_ONLY
.tmp/p17-reboot-host-81086/migration/trust/pair-ed8691cf759ce3c8/ca.srl	LOCAL_TEST_ONLY
.tmp/p17-reboot-host-81086/migration/trust/pair-ed8691cf759ce3c8/destination.crt	LOCAL_TEST_ONLY
.tmp/p17-reboot-host-81086/migration/trust/pair-ed8691cf759ce3c8/source.crt	LOCAL_TEST_ONLY
.tmp/p17-reboot-host-81086/ops/operations/boot-op-0f1a476010f149c8/canonical.json	LOCAL_TEST_ONLY
.tmp/p17-reboot-host-81086/ops/operations/boot-op-0f1a476010f149c8/events.jsonl	LOCAL_TEST_ONLY
.tmp/p17-reboot-host-81086/ops/operations/disc-op-05ada3f880e7f933/canonical.json	LOCAL_TEST_ONLY
.tmp/p17-reboot-host-81086/ops/operations/disc-op-05ada3f880e7f933/events.jsonl	LOCAL_TEST_ONLY
.tmp/p17-reboot-host-81086/ops/registry/history/disc-op-05ada3f880e7f933.jsonl	LOCAL_TEST_ONLY
.tmp/p17-reboot-host-81086/ops/registry/index/boot-op-0f1a476010f149c8.json	LOCAL_TEST_ONLY
.tmp/p17-reboot-host-81086/ops/registry/index/disc-op-05ada3f880e7f933.json	LOCAL_TEST_ONLY
.tmp/p17-reboot-host-86518/device/device-private-key	LOCAL_TEST_ONLY
.tmp/p17-reboot-host-86518/device/device.json	LOCAL_TEST_ONLY
.tmp/p17-reboot-host-86518/ids.txt	LOCAL_TEST_ONLY
.tmp/p17-reboot-host-86518/migration/bootstraps/boot-38c7e739f7787bed/object.json	LOCAL_TEST_ONLY
.tmp/p17-reboot-host-86518/migration/codes/11cf399e50e0.json	LOCAL_TEST_ONLY
.tmp/p17-reboot-host-86518/migration/discoveries/disc-9f1d6ac88383238c/object.json	LOCAL_TEST_ONLY
.tmp/p17-reboot-host-86518/migration/discoveries/disc-9f1d6ac88383238c/production.json	LOCAL_TEST_ONLY
.tmp/p17-reboot-host-86518/migration/ops/boot-op-924b044b8cb62599/state.json	LOCAL_TEST_ONLY
.tmp/p17-reboot-host-86518/migration/ops/disc-op-18f7cf558b6cd1c4/state.json	LOCAL_TEST_ONLY
.tmp/p17-reboot-host-86518/migration/ops/pair-op-d6c45eb872f58366/state.json	LOCAL_TEST_ONLY
.tmp/p17-reboot-host-86518/migration/pairs/pair-37aae17b452c4597/object.json	LOCAL_TEST_ONLY
.tmp/p17-reboot-host-86518/migration/productions/prod-rb/identity.json	LOCAL_TEST_ONLY
.tmp/p17-reboot-host-86518/migration/readiness/ready-161680c1a0d5e682/object.json	LOCAL_TEST_ONLY
.tmp/p17-reboot-host-86518/migration/trust/pair-37aae17b452c4597/REVOKED	LOCAL_TEST_ONLY
.tmp/p17-reboot-host-86518/migration/trust/pair-37aae17b452c4597/ca.crt	LOCAL_TEST_ONLY
.tmp/p17-reboot-host-86518/migration/trust/pair-37aae17b452c4597/ca.srl	LOCAL_TEST_ONLY
.tmp/p17-reboot-host-86518/migration/trust/pair-37aae17b452c4597/destination.crt	LOCAL_TEST_ONLY
.tmp/p17-reboot-host-86518/migration/trust/pair-37aae17b452c4597/source.crt	LOCAL_TEST_ONLY
.tmp/p17-reboot-host-86518/ops/operations/boot-op-924b044b8cb62599/canonical.json	LOCAL_TEST_ONLY
.tmp/p17-reboot-host-86518/ops/operations/boot-op-924b044b8cb62599/events.jsonl	LOCAL_TEST_ONLY
.tmp/p17-reboot-host-86518/ops/operations/disc-op-18f7cf558b6cd1c4/canonical.json	LOCAL_TEST_ONLY
.tmp/p17-reboot-host-86518/ops/operations/disc-op-18f7cf558b6cd1c4/events.jsonl	LOCAL_TEST_ONLY
.tmp/p17-reboot-host-86518/ops/registry/history/disc-op-18f7cf558b6cd1c4.jsonl	LOCAL_TEST_ONLY
.tmp/p17-reboot-host-86518/ops/registry/index/boot-op-924b044b8cb62599.json	LOCAL_TEST_ONLY
.tmp/p17-reboot-host-86518/ops/registry/index/disc-op-18f7cf558b6cd1c4.json	LOCAL_TEST_ONLY
.tmp/p17-reboot-host-87547/device/device-private-key	LOCAL_TEST_ONLY
.tmp/p17-reboot-host-87547/device/device.json	LOCAL_TEST_ONLY
.tmp/p17-reboot-host-87547/ids.txt	LOCAL_TEST_ONLY
.tmp/p17-reboot-host-87547/migration/bootstraps/boot-6e393d58dd283d1b/object.json	LOCAL_TEST_ONLY
.tmp/p17-reboot-host-87547/migration/codes/acc6744e4f0f.json	LOCAL_TEST_ONLY
.tmp/p17-reboot-host-87547/migration/discoveries/disc-84ede31fdbae7bc6/object.json	LOCAL_TEST_ONLY
.tmp/p17-reboot-host-87547/migration/discoveries/disc-84ede31fdbae7bc6/production.json	LOCAL_TEST_ONLY
.tmp/p17-reboot-host-87547/migration/ops/boot-op-d485e92d29038537/state.json	LOCAL_TEST_ONLY
.tmp/p17-reboot-host-87547/migration/ops/disc-op-e72f7dc5a9fae80d/state.json	LOCAL_TEST_ONLY
.tmp/p17-reboot-host-87547/migration/ops/pair-op-520af5db12fe680d/state.json	LOCAL_TEST_ONLY
.tmp/p17-reboot-host-87547/migration/pairs/pair-d0c4a3ff9fff8731/object.json	LOCAL_TEST_ONLY
.tmp/p17-reboot-host-87547/migration/productions/prod-rb/identity.json	LOCAL_TEST_ONLY
.tmp/p17-reboot-host-87547/migration/readiness/ready-bc001486c59146f8/object.json	LOCAL_TEST_ONLY
.tmp/p17-reboot-host-87547/migration/trust/pair-d0c4a3ff9fff8731/REVOKED	LOCAL_TEST_ONLY
.tmp/p17-reboot-host-87547/migration/trust/pair-d0c4a3ff9fff8731/ca.crt	LOCAL_TEST_ONLY
.tmp/p17-reboot-host-87547/migration/trust/pair-d0c4a3ff9fff8731/ca.srl	LOCAL_TEST_ONLY
.tmp/p17-reboot-host-87547/migration/trust/pair-d0c4a3ff9fff8731/destination.crt	LOCAL_TEST_ONLY
.tmp/p17-reboot-host-87547/migration/trust/pair-d0c4a3ff9fff8731/source.crt	LOCAL_TEST_ONLY
.tmp/p17-reboot-host-87547/ops/operations/boot-op-d485e92d29038537/canonical.json	LOCAL_TEST_ONLY
.tmp/p17-reboot-host-87547/ops/operations/boot-op-d485e92d29038537/events.jsonl	LOCAL_TEST_ONLY
.tmp/p17-reboot-host-87547/ops/operations/disc-op-e72f7dc5a9fae80d/canonical.json	LOCAL_TEST_ONLY
.tmp/p17-reboot-host-87547/ops/operations/disc-op-e72f7dc5a9fae80d/events.jsonl	LOCAL_TEST_ONLY
.tmp/p17-reboot-host-87547/ops/registry/history/disc-op-e72f7dc5a9fae80d.jsonl	LOCAL_TEST_ONLY
.tmp/p17-reboot-host-87547/ops/registry/index/boot-op-d485e92d29038537.json	LOCAL_TEST_ONLY
.tmp/p17-reboot-host-87547/ops/registry/index/disc-op-e72f7dc5a9fae80d.json	LOCAL_TEST_ONLY
.tmp/p17-reboot-host-87636/device/device-private-key	LOCAL_TEST_ONLY
.tmp/p17-reboot-host-87636/device/device.json	LOCAL_TEST_ONLY
.tmp/p17-reboot-host-87636/ids.txt	LOCAL_TEST_ONLY
.tmp/p17-reboot-host-87636/migration/bootstraps/boot-2b0be8ae465e189c/object.json	LOCAL_TEST_ONLY
.tmp/p17-reboot-host-87636/migration/codes/3882a5dbf538.json	LOCAL_TEST_ONLY
.tmp/p17-reboot-host-87636/migration/discoveries/disc-02a8228bfa50f274/object.json	LOCAL_TEST_ONLY
.tmp/p17-reboot-host-87636/migration/discoveries/disc-02a8228bfa50f274/production.json	LOCAL_TEST_ONLY
.tmp/p17-reboot-host-87636/migration/ops/boot-op-e7ade235421f9edc/state.json	LOCAL_TEST_ONLY
.tmp/p17-reboot-host-87636/migration/ops/disc-op-c02488a1ef0b62da/state.json	LOCAL_TEST_ONLY
.tmp/p17-reboot-host-87636/migration/ops/pair-op-d317e7bdd8450e47/state.json	LOCAL_TEST_ONLY
.tmp/p17-reboot-host-87636/migration/pairs/pair-57ae8098ded0ed0d/object.json	LOCAL_TEST_ONLY
.tmp/p17-reboot-host-87636/migration/productions/prod-rb/identity.json	LOCAL_TEST_ONLY
.tmp/p17-reboot-host-87636/migration/readiness/ready-7b5e46bd0d5cdbf2/object.json	LOCAL_TEST_ONLY
.tmp/p17-reboot-host-87636/migration/trust/pair-57ae8098ded0ed0d/REVOKED	LOCAL_TEST_ONLY
.tmp/p17-reboot-host-87636/migration/trust/pair-57ae8098ded0ed0d/ca.crt	LOCAL_TEST_ONLY
.tmp/p17-reboot-host-87636/migration/trust/pair-57ae8098ded0ed0d/ca.srl	LOCAL_TEST_ONLY
.tmp/p17-reboot-host-87636/migration/trust/pair-57ae8098ded0ed0d/destination.crt	LOCAL_TEST_ONLY
.tmp/p17-reboot-host-87636/migration/trust/pair-57ae8098ded0ed0d/source.crt	LOCAL_TEST_ONLY
.tmp/p17-reboot-host-87636/ops/operations/boot-op-e7ade235421f9edc/canonical.json	LOCAL_TEST_ONLY
.tmp/p17-reboot-host-87636/ops/operations/boot-op-e7ade235421f9edc/events.jsonl	LOCAL_TEST_ONLY
.tmp/p17-reboot-host-87636/ops/operations/disc-op-c02488a1ef0b62da/canonical.json	LOCAL_TEST_ONLY
.tmp/p17-reboot-host-87636/ops/operations/disc-op-c02488a1ef0b62da/events.jsonl	LOCAL_TEST_ONLY
.tmp/p17-reboot-host-87636/ops/registry/history/disc-op-c02488a1ef0b62da.jsonl	LOCAL_TEST_ONLY
.tmp/p17-reboot-host-87636/ops/registry/index/boot-op-e7ade235421f9edc.json	LOCAL_TEST_ONLY
.tmp/p17-reboot-host-87636/ops/registry/index/disc-op-c02488a1ef0b62da.json	LOCAL_TEST_ONLY
.tmp/p17-reboot-host-88392/device/device-private-key	LOCAL_TEST_ONLY
.tmp/p17-reboot-host-88392/device/device.json	LOCAL_TEST_ONLY
.tmp/p17-reboot-host-88392/ids.txt	LOCAL_TEST_ONLY
.tmp/p17-reboot-host-88392/migration/bootstraps/boot-ea045b19e41eba0d/object.json	LOCAL_TEST_ONLY
.tmp/p17-reboot-host-88392/migration/codes/d100063f0b99.json	LOCAL_TEST_ONLY
.tmp/p17-reboot-host-88392/migration/discoveries/disc-47a9badbf0dc0853/object.json	LOCAL_TEST_ONLY
.tmp/p17-reboot-host-88392/migration/discoveries/disc-47a9badbf0dc0853/production.json	LOCAL_TEST_ONLY
.tmp/p17-reboot-host-88392/migration/ops/boot-op-eab254f1eb33dd32/state.json	LOCAL_TEST_ONLY
.tmp/p17-reboot-host-88392/migration/ops/disc-op-556168ef89360c81/state.json	LOCAL_TEST_ONLY
.tmp/p17-reboot-host-88392/migration/ops/pair-op-81077c524199bc04/state.json	LOCAL_TEST_ONLY
.tmp/p17-reboot-host-88392/migration/pairs/pair-0a02fad389aee898/object.json	LOCAL_TEST_ONLY
.tmp/p17-reboot-host-88392/migration/productions/prod-rb/identity.json	LOCAL_TEST_ONLY
.tmp/p17-reboot-host-88392/migration/readiness/ready-a25c1463bbfbd6dc/object.json	LOCAL_TEST_ONLY
.tmp/p17-reboot-host-88392/migration/trust/pair-0a02fad389aee898/REVOKED	LOCAL_TEST_ONLY
.tmp/p17-reboot-host-88392/migration/trust/pair-0a02fad389aee898/ca.crt	LOCAL_TEST_ONLY
.tmp/p17-reboot-host-88392/migration/trust/pair-0a02fad389aee898/ca.srl	LOCAL_TEST_ONLY
.tmp/p17-reboot-host-88392/migration/trust/pair-0a02fad389aee898/destination.crt	LOCAL_TEST_ONLY
.tmp/p17-reboot-host-88392/migration/trust/pair-0a02fad389aee898/source.crt	LOCAL_TEST_ONLY
.tmp/p17-reboot-host-88392/ops/operations/boot-op-eab254f1eb33dd32/canonical.json	LOCAL_TEST_ONLY
.tmp/p17-reboot-host-88392/ops/operations/boot-op-eab254f1eb33dd32/events.jsonl	LOCAL_TEST_ONLY
.tmp/p17-reboot-host-88392/ops/operations/disc-op-556168ef89360c81/canonical.json	LOCAL_TEST_ONLY
.tmp/p17-reboot-host-88392/ops/operations/disc-op-556168ef89360c81/events.jsonl	LOCAL_TEST_ONLY
.tmp/p17-reboot-host-88392/ops/registry/history/disc-op-556168ef89360c81.jsonl	LOCAL_TEST_ONLY
.tmp/p17-reboot-host-88392/ops/registry/index/boot-op-eab254f1eb33dd32.json	LOCAL_TEST_ONLY
.tmp/p17-reboot-host-88392/ops/registry/index/disc-op-556168ef89360c81.json	LOCAL_TEST_ONLY
.tmp/p17-reboot-host-90075/device/device-private-key	LOCAL_TEST_ONLY
.tmp/p17-reboot-host-90075/device/device.json	LOCAL_TEST_ONLY
.tmp/p17-reboot-host-90075/ids.txt	LOCAL_TEST_ONLY
.tmp/p17-reboot-host-90075/migration/bootstraps/boot-9d3153605da54988/object.json	LOCAL_TEST_ONLY
.tmp/p17-reboot-host-90075/migration/codes/b73a48ddaa3e.json	LOCAL_TEST_ONLY
.tmp/p17-reboot-host-90075/migration/discoveries/disc-28e8ce14153b26ae/object.json	LOCAL_TEST_ONLY
.tmp/p17-reboot-host-90075/migration/discoveries/disc-28e8ce14153b26ae/production.json	LOCAL_TEST_ONLY
.tmp/p17-reboot-host-90075/migration/ops/boot-op-131e45d2544da1ad/state.json	LOCAL_TEST_ONLY
.tmp/p17-reboot-host-90075/migration/ops/disc-op-83d2a48d2b83d320/state.json	LOCAL_TEST_ONLY
.tmp/p17-reboot-host-90075/migration/ops/pair-op-6ab41758c78b19e9/state.json	LOCAL_TEST_ONLY
.tmp/p17-reboot-host-90075/migration/pairs/pair-dfdf5910779a489a/object.json	LOCAL_TEST_ONLY
.tmp/p17-reboot-host-90075/migration/productions/prod-rb/identity.json	LOCAL_TEST_ONLY
.tmp/p17-reboot-host-90075/migration/readiness/ready-ac205198254b9508/object.json	LOCAL_TEST_ONLY
.tmp/p17-reboot-host-90075/migration/trust/pair-dfdf5910779a489a/REVOKED	LOCAL_TEST_ONLY
.tmp/p17-reboot-host-90075/migration/trust/pair-dfdf5910779a489a/ca.crt	LOCAL_TEST_ONLY
.tmp/p17-reboot-host-90075/migration/trust/pair-dfdf5910779a489a/ca.srl	LOCAL_TEST_ONLY
.tmp/p17-reboot-host-90075/migration/trust/pair-dfdf5910779a489a/destination.crt	LOCAL_TEST_ONLY
.tmp/p17-reboot-host-90075/migration/trust/pair-dfdf5910779a489a/source.crt	LOCAL_TEST_ONLY
.tmp/p17-reboot-host-90075/ops/operations/boot-op-131e45d2544da1ad/canonical.json	LOCAL_TEST_ONLY
.tmp/p17-reboot-host-90075/ops/operations/boot-op-131e45d2544da1ad/events.jsonl	LOCAL_TEST_ONLY
.tmp/p17-reboot-host-90075/ops/operations/disc-op-83d2a48d2b83d320/canonical.json	LOCAL_TEST_ONLY
.tmp/p17-reboot-host-90075/ops/operations/disc-op-83d2a48d2b83d320/events.jsonl	LOCAL_TEST_ONLY
.tmp/p17-reboot-host-90075/ops/registry/history/disc-op-83d2a48d2b83d320.jsonl	LOCAL_TEST_ONLY
.tmp/p17-reboot-host-90075/ops/registry/index/boot-op-131e45d2544da1ad.json	LOCAL_TEST_ONLY
.tmp/p17-reboot-host-90075/ops/registry/index/disc-op-83d2a48d2b83d320.json	LOCAL_TEST_ONLY
.tmp/p17-reboot-host-92583/device/device-private-key	LOCAL_TEST_ONLY
.tmp/p17-reboot-host-92583/device/device.json	LOCAL_TEST_ONLY
.tmp/p17-reboot-host-92583/ids.txt	LOCAL_TEST_ONLY
.tmp/p17-reboot-host-92583/migration/bootstraps/boot-6e95180ca3b89033/object.json	LOCAL_TEST_ONLY
.tmp/p17-reboot-host-92583/migration/codes/6d97c151453f.json	LOCAL_TEST_ONLY
.tmp/p17-reboot-host-92583/migration/discoveries/disc-21ac3992c870a484/object.json	LOCAL_TEST_ONLY
.tmp/p17-reboot-host-92583/migration/discoveries/disc-21ac3992c870a484/production.json	LOCAL_TEST_ONLY
.tmp/p17-reboot-host-92583/migration/ops/boot-op-58872ee58e2b8a08/state.json	LOCAL_TEST_ONLY
.tmp/p17-reboot-host-92583/migration/ops/disc-op-a68284e59b2281c4/state.json	LOCAL_TEST_ONLY
.tmp/p17-reboot-host-92583/migration/ops/pair-op-b6b40a9e77e1d303/state.json	LOCAL_TEST_ONLY
.tmp/p17-reboot-host-92583/migration/pairs/pair-2a72f0f9d772093a/object.json	LOCAL_TEST_ONLY
.tmp/p17-reboot-host-92583/migration/productions/prod-rb/identity.json	LOCAL_TEST_ONLY
.tmp/p17-reboot-host-92583/migration/readiness/ready-382bab0d726514fd/object.json	LOCAL_TEST_ONLY
.tmp/p17-reboot-host-92583/migration/trust/pair-2a72f0f9d772093a/REVOKED	LOCAL_TEST_ONLY
.tmp/p17-reboot-host-92583/migration/trust/pair-2a72f0f9d772093a/ca.crt	LOCAL_TEST_ONLY
.tmp/p17-reboot-host-92583/migration/trust/pair-2a72f0f9d772093a/ca.srl	LOCAL_TEST_ONLY
.tmp/p17-reboot-host-92583/migration/trust/pair-2a72f0f9d772093a/destination.crt	LOCAL_TEST_ONLY
.tmp/p17-reboot-host-92583/migration/trust/pair-2a72f0f9d772093a/source.crt	LOCAL_TEST_ONLY
.tmp/p17-reboot-host-92583/ops/operations/boot-op-58872ee58e2b8a08/canonical.json	LOCAL_TEST_ONLY
.tmp/p17-reboot-host-92583/ops/operations/boot-op-58872ee58e2b8a08/events.jsonl	LOCAL_TEST_ONLY
.tmp/p17-reboot-host-92583/ops/operations/disc-op-a68284e59b2281c4/canonical.json	LOCAL_TEST_ONLY
.tmp/p17-reboot-host-92583/ops/operations/disc-op-a68284e59b2281c4/events.jsonl	LOCAL_TEST_ONLY
.tmp/p17-reboot-host-92583/ops/registry/history/disc-op-a68284e59b2281c4.jsonl	LOCAL_TEST_ONLY
.tmp/p17-reboot-host-92583/ops/registry/index/boot-op-58872ee58e2b8a08.json	LOCAL_TEST_ONLY
.tmp/p17-reboot-host-92583/ops/registry/index/disc-op-a68284e59b2281c4.json	LOCAL_TEST_ONLY
.tmp/p17-reboot-host-92849/device/device-private-key	LOCAL_TEST_ONLY
.tmp/p17-reboot-host-92849/device/device.json	LOCAL_TEST_ONLY
.tmp/p17-reboot-host-92849/ids.txt	LOCAL_TEST_ONLY
.tmp/p17-reboot-host-92849/migration/bootstraps/boot-f4633544fc3d0a6a/object.json	LOCAL_TEST_ONLY
.tmp/p17-reboot-host-92849/migration/codes/b944ea8f875c.json	LOCAL_TEST_ONLY
.tmp/p17-reboot-host-92849/migration/discoveries/disc-6c500446b4118a1c/object.json	LOCAL_TEST_ONLY
.tmp/p17-reboot-host-92849/migration/discoveries/disc-6c500446b4118a1c/production.json	LOCAL_TEST_ONLY
.tmp/p17-reboot-host-92849/migration/ops/boot-op-fb927cb2b9f1ee02/state.json	LOCAL_TEST_ONLY
.tmp/p17-reboot-host-92849/migration/ops/disc-op-1eb9685e23682096/state.json	LOCAL_TEST_ONLY
.tmp/p17-reboot-host-92849/migration/ops/pair-op-24e7347fbdb0a972/state.json	LOCAL_TEST_ONLY
.tmp/p17-reboot-host-92849/migration/pairs/pair-bf996801c8ea99ec/object.json	LOCAL_TEST_ONLY
.tmp/p17-reboot-host-92849/migration/productions/prod-rb/identity.json	LOCAL_TEST_ONLY
.tmp/p17-reboot-host-92849/migration/readiness/ready-6b28725f6d0128fb/object.json	LOCAL_TEST_ONLY
.tmp/p17-reboot-host-92849/migration/trust/pair-bf996801c8ea99ec/REVOKED	LOCAL_TEST_ONLY
.tmp/p17-reboot-host-92849/migration/trust/pair-bf996801c8ea99ec/ca.crt	LOCAL_TEST_ONLY
.tmp/p17-reboot-host-92849/migration/trust/pair-bf996801c8ea99ec/ca.srl	LOCAL_TEST_ONLY
.tmp/p17-reboot-host-92849/migration/trust/pair-bf996801c8ea99ec/destination.crt	LOCAL_TEST_ONLY
.tmp/p17-reboot-host-92849/migration/trust/pair-bf996801c8ea99ec/source.crt	LOCAL_TEST_ONLY
.tmp/p17-reboot-host-92849/ops/operations/boot-op-fb927cb2b9f1ee02/canonical.json	LOCAL_TEST_ONLY
.tmp/p17-reboot-host-92849/ops/operations/boot-op-fb927cb2b9f1ee02/events.jsonl	LOCAL_TEST_ONLY
.tmp/p17-reboot-host-92849/ops/operations/disc-op-1eb9685e23682096/canonical.json	LOCAL_TEST_ONLY
.tmp/p17-reboot-host-92849/ops/operations/disc-op-1eb9685e23682096/events.jsonl	LOCAL_TEST_ONLY
.tmp/p17-reboot-host-92849/ops/registry/history/disc-op-1eb9685e23682096.jsonl	LOCAL_TEST_ONLY
.tmp/p17-reboot-host-92849/ops/registry/index/boot-op-fb927cb2b9f1ee02.json	LOCAL_TEST_ONLY
.tmp/p17-reboot-host-92849/ops/registry/index/disc-op-1eb9685e23682096.json	LOCAL_TEST_ONLY
.tmp/p17-reboot-host-94012/device/device-private-key	LOCAL_TEST_ONLY
.tmp/p17-reboot-host-94012/device/device.json	LOCAL_TEST_ONLY
.tmp/p17-reboot-host-94012/ids.txt	LOCAL_TEST_ONLY
.tmp/p17-reboot-host-94012/migration/bootstraps/boot-9c6cf25a554b9541/object.json	LOCAL_TEST_ONLY
.tmp/p17-reboot-host-94012/migration/codes/fe418b325270.json	LOCAL_TEST_ONLY
.tmp/p17-reboot-host-94012/migration/discoveries/disc-726e6155be77a2bc/object.json	LOCAL_TEST_ONLY
.tmp/p17-reboot-host-94012/migration/discoveries/disc-726e6155be77a2bc/production.json	LOCAL_TEST_ONLY
.tmp/p17-reboot-host-94012/migration/ops/boot-op-8e5c485590dff13a/state.json	LOCAL_TEST_ONLY
.tmp/p17-reboot-host-94012/migration/ops/disc-op-5dbf06f21940698f/state.json	LOCAL_TEST_ONLY
.tmp/p17-reboot-host-94012/migration/ops/pair-op-c6fb641c3dbede60/state.json	LOCAL_TEST_ONLY
.tmp/p17-reboot-host-94012/migration/pairs/pair-418044e27e5ca665/object.json	LOCAL_TEST_ONLY
.tmp/p17-reboot-host-94012/migration/productions/prod-rb/identity.json	LOCAL_TEST_ONLY
.tmp/p17-reboot-host-94012/migration/readiness/ready-0edd84b4002d98ae/object.json	LOCAL_TEST_ONLY
.tmp/p17-reboot-host-94012/migration/trust/pair-418044e27e5ca665/REVOKED	LOCAL_TEST_ONLY
.tmp/p17-reboot-host-94012/migration/trust/pair-418044e27e5ca665/ca.crt	LOCAL_TEST_ONLY
.tmp/p17-reboot-host-94012/migration/trust/pair-418044e27e5ca665/ca.srl	LOCAL_TEST_ONLY
.tmp/p17-reboot-host-94012/migration/trust/pair-418044e27e5ca665/destination.crt	LOCAL_TEST_ONLY
.tmp/p17-reboot-host-94012/migration/trust/pair-418044e27e5ca665/source.crt	LOCAL_TEST_ONLY
.tmp/p17-reboot-host-94012/ops/operations/boot-op-8e5c485590dff13a/canonical.json	LOCAL_TEST_ONLY
.tmp/p17-reboot-host-94012/ops/operations/boot-op-8e5c485590dff13a/events.jsonl	LOCAL_TEST_ONLY
.tmp/p17-reboot-host-94012/ops/operations/disc-op-5dbf06f21940698f/canonical.json	LOCAL_TEST_ONLY
.tmp/p17-reboot-host-94012/ops/operations/disc-op-5dbf06f21940698f/events.jsonl	LOCAL_TEST_ONLY
.tmp/p17-reboot-host-94012/ops/registry/history/disc-op-5dbf06f21940698f.jsonl	LOCAL_TEST_ONLY
.tmp/p17-reboot-host-94012/ops/registry/index/boot-op-8e5c485590dff13a.json	LOCAL_TEST_ONLY
.tmp/p17-reboot-host-94012/ops/registry/index/disc-op-5dbf06f21940698f.json	LOCAL_TEST_ONLY
.tmp/p17-reboot-host-94719/device/device-private-key	LOCAL_TEST_ONLY
.tmp/p17-reboot-host-94719/device/device.json	LOCAL_TEST_ONLY
.tmp/p17-reboot-host-94719/ids.txt	LOCAL_TEST_ONLY
.tmp/p17-reboot-host-94719/migration/bootstraps/boot-b410412a0b1eb3ec/object.json	LOCAL_TEST_ONLY
.tmp/p17-reboot-host-94719/migration/codes/5c205564983f.json	LOCAL_TEST_ONLY
.tmp/p17-reboot-host-94719/migration/discoveries/disc-5196846beebc641a/object.json	LOCAL_TEST_ONLY
.tmp/p17-reboot-host-94719/migration/discoveries/disc-5196846beebc641a/production.json	LOCAL_TEST_ONLY
.tmp/p17-reboot-host-94719/migration/ops/boot-op-67de8e26aea8568a/state.json	LOCAL_TEST_ONLY
.tmp/p17-reboot-host-94719/migration/ops/disc-op-303afb97ba1fd02d/state.json	LOCAL_TEST_ONLY
.tmp/p17-reboot-host-94719/migration/ops/pair-op-b8c6dd90dd59809c/state.json	LOCAL_TEST_ONLY
.tmp/p17-reboot-host-94719/migration/pairs/pair-2fbf566200045e13/object.json	LOCAL_TEST_ONLY
.tmp/p17-reboot-host-94719/migration/productions/prod-rb/identity.json	LOCAL_TEST_ONLY
.tmp/p17-reboot-host-94719/migration/readiness/ready-aba3135cfcc6fa48/object.json	LOCAL_TEST_ONLY
.tmp/p17-reboot-host-94719/migration/trust/pair-2fbf566200045e13/REVOKED	LOCAL_TEST_ONLY
.tmp/p17-reboot-host-94719/migration/trust/pair-2fbf566200045e13/ca.crt	LOCAL_TEST_ONLY
.tmp/p17-reboot-host-94719/migration/trust/pair-2fbf566200045e13/ca.srl	LOCAL_TEST_ONLY
.tmp/p17-reboot-host-94719/migration/trust/pair-2fbf566200045e13/destination.crt	LOCAL_TEST_ONLY
.tmp/p17-reboot-host-94719/migration/trust/pair-2fbf566200045e13/source.crt	LOCAL_TEST_ONLY
.tmp/p17-reboot-host-94719/ops/operations/boot-op-67de8e26aea8568a/canonical.json	LOCAL_TEST_ONLY
.tmp/p17-reboot-host-94719/ops/operations/boot-op-67de8e26aea8568a/events.jsonl	LOCAL_TEST_ONLY
.tmp/p17-reboot-host-94719/ops/operations/disc-op-303afb97ba1fd02d/canonical.json	LOCAL_TEST_ONLY
.tmp/p17-reboot-host-94719/ops/operations/disc-op-303afb97ba1fd02d/events.jsonl	LOCAL_TEST_ONLY
.tmp/p17-reboot-host-94719/ops/registry/history/disc-op-303afb97ba1fd02d.jsonl	LOCAL_TEST_ONLY
.tmp/p17-reboot-host-94719/ops/registry/index/boot-op-67de8e26aea8568a.json	LOCAL_TEST_ONLY
.tmp/p17-reboot-host-94719/ops/registry/index/disc-op-303afb97ba1fd02d.json	LOCAL_TEST_ONLY
.tmp/p17-reboot-host-95358/device/device-private-key	LOCAL_TEST_ONLY
.tmp/p17-reboot-host-95358/device/device.json	LOCAL_TEST_ONLY
.tmp/p17-reboot-host-95358/ids.txt	LOCAL_TEST_ONLY
.tmp/p17-reboot-host-95358/migration/bootstraps/boot-c530d26b632cc0e7/object.json	LOCAL_TEST_ONLY
.tmp/p17-reboot-host-95358/migration/codes/624dbf0d3d7b.json	LOCAL_TEST_ONLY
.tmp/p17-reboot-host-95358/migration/discoveries/disc-9f264f50425b86cc/object.json	LOCAL_TEST_ONLY
.tmp/p17-reboot-host-95358/migration/discoveries/disc-9f264f50425b86cc/production.json	LOCAL_TEST_ONLY
.tmp/p17-reboot-host-95358/migration/ops/boot-op-95c4545aa995985e/state.json	LOCAL_TEST_ONLY
.tmp/p17-reboot-host-95358/migration/ops/disc-op-f3643341236f9354/state.json	LOCAL_TEST_ONLY
.tmp/p17-reboot-host-95358/migration/ops/pair-op-e096e961bb5537b3/state.json	LOCAL_TEST_ONLY
.tmp/p17-reboot-host-95358/migration/pairs/pair-086eb29fd7735640/object.json	LOCAL_TEST_ONLY
.tmp/p17-reboot-host-95358/migration/productions/prod-rb/identity.json	LOCAL_TEST_ONLY
.tmp/p17-reboot-host-95358/migration/readiness/ready-e429a0362e9c3cc1/object.json	LOCAL_TEST_ONLY
.tmp/p17-reboot-host-95358/migration/trust/pair-086eb29fd7735640/REVOKED	LOCAL_TEST_ONLY
.tmp/p17-reboot-host-95358/migration/trust/pair-086eb29fd7735640/ca.crt	LOCAL_TEST_ONLY
.tmp/p17-reboot-host-95358/migration/trust/pair-086eb29fd7735640/ca.srl	LOCAL_TEST_ONLY
.tmp/p17-reboot-host-95358/migration/trust/pair-086eb29fd7735640/destination.crt	LOCAL_TEST_ONLY
.tmp/p17-reboot-host-95358/migration/trust/pair-086eb29fd7735640/source.crt	LOCAL_TEST_ONLY
.tmp/p17-reboot-host-95358/ops/operations/boot-op-95c4545aa995985e/canonical.json	LOCAL_TEST_ONLY
.tmp/p17-reboot-host-95358/ops/operations/boot-op-95c4545aa995985e/events.jsonl	LOCAL_TEST_ONLY
.tmp/p17-reboot-host-95358/ops/operations/disc-op-f3643341236f9354/canonical.json	LOCAL_TEST_ONLY
.tmp/p17-reboot-host-95358/ops/operations/disc-op-f3643341236f9354/events.jsonl	LOCAL_TEST_ONLY
.tmp/p17-reboot-host-95358/ops/registry/history/disc-op-f3643341236f9354.jsonl	LOCAL_TEST_ONLY
.tmp/p17-reboot-host-95358/ops/registry/index/boot-op-95c4545aa995985e.json	LOCAL_TEST_ONLY
.tmp/p17-reboot-host-95358/ops/registry/index/disc-op-f3643341236f9354.json	LOCAL_TEST_ONLY
.tmp/p17-reboot-host-95785/device/device-private-key	LOCAL_TEST_ONLY
.tmp/p17-reboot-host-95785/device/device.json	LOCAL_TEST_ONLY
.tmp/p17-reboot-host-95785/ids.txt	LOCAL_TEST_ONLY
.tmp/p17-reboot-host-95785/migration/bootstraps/boot-c43e12619345dd94/object.json	LOCAL_TEST_ONLY
.tmp/p17-reboot-host-95785/migration/codes/ec68496364f4.json	LOCAL_TEST_ONLY
.tmp/p17-reboot-host-95785/migration/discoveries/disc-1ce8269b64ee1434/object.json	LOCAL_TEST_ONLY
.tmp/p17-reboot-host-95785/migration/discoveries/disc-1ce8269b64ee1434/production.json	LOCAL_TEST_ONLY
.tmp/p17-reboot-host-95785/migration/ops/boot-op-d4d6913f9088fd9a/state.json	LOCAL_TEST_ONLY
.tmp/p17-reboot-host-95785/migration/ops/disc-op-1ac092d637ed4df6/state.json	LOCAL_TEST_ONLY
.tmp/p17-reboot-host-95785/migration/ops/pair-op-364c7edcfb4c931f/state.json	LOCAL_TEST_ONLY
.tmp/p17-reboot-host-95785/migration/pairs/pair-2330a0ff0f5f918e/object.json	LOCAL_TEST_ONLY
.tmp/p17-reboot-host-95785/migration/productions/prod-rb/identity.json	LOCAL_TEST_ONLY
.tmp/p17-reboot-host-95785/migration/readiness/ready-b5f2a2d387a3626c/object.json	LOCAL_TEST_ONLY
.tmp/p17-reboot-host-95785/migration/trust/pair-2330a0ff0f5f918e/REVOKED	LOCAL_TEST_ONLY
.tmp/p17-reboot-host-95785/migration/trust/pair-2330a0ff0f5f918e/ca.crt	LOCAL_TEST_ONLY
.tmp/p17-reboot-host-95785/migration/trust/pair-2330a0ff0f5f918e/ca.srl	LOCAL_TEST_ONLY
.tmp/p17-reboot-host-95785/migration/trust/pair-2330a0ff0f5f918e/destination.crt	LOCAL_TEST_ONLY
.tmp/p17-reboot-host-95785/migration/trust/pair-2330a0ff0f5f918e/source.crt	LOCAL_TEST_ONLY
.tmp/p17-reboot-host-95785/ops/operations/boot-op-d4d6913f9088fd9a/canonical.json	LOCAL_TEST_ONLY
.tmp/p17-reboot-host-95785/ops/operations/boot-op-d4d6913f9088fd9a/events.jsonl	LOCAL_TEST_ONLY
.tmp/p17-reboot-host-95785/ops/operations/disc-op-1ac092d637ed4df6/canonical.json	LOCAL_TEST_ONLY
.tmp/p17-reboot-host-95785/ops/operations/disc-op-1ac092d637ed4df6/events.jsonl	LOCAL_TEST_ONLY
.tmp/p17-reboot-host-95785/ops/registry/history/disc-op-1ac092d637ed4df6.jsonl	LOCAL_TEST_ONLY
.tmp/p17-reboot-host-95785/ops/registry/index/boot-op-d4d6913f9088fd9a.json	LOCAL_TEST_ONLY
.tmp/p17-reboot-host-95785/ops/registry/index/disc-op-1ac092d637ed4df6.json	LOCAL_TEST_ONLY
.tmp/p17-reboot-host-9634/device/device-private-key	LOCAL_TEST_ONLY
.tmp/p17-reboot-host-9634/device/device.json	LOCAL_TEST_ONLY
.tmp/p17-reboot-host-9634/ids.txt	LOCAL_TEST_ONLY
.tmp/p17-reboot-host-9634/migration/bootstraps/boot-4f9acb19f86a8b45/object.json	LOCAL_TEST_ONLY
.tmp/p17-reboot-host-9634/migration/codes/c48f455a6f64.json	LOCAL_TEST_ONLY
.tmp/p17-reboot-host-9634/migration/discoveries/disc-433e2253aa3b996e/object.json	LOCAL_TEST_ONLY
.tmp/p17-reboot-host-9634/migration/discoveries/disc-433e2253aa3b996e/production.json	LOCAL_TEST_ONLY
.tmp/p17-reboot-host-9634/migration/ops/boot-op-8770d02204e8466f/state.json	LOCAL_TEST_ONLY
.tmp/p17-reboot-host-9634/migration/ops/disc-op-e9f4ea7fa9f42b20/state.json	LOCAL_TEST_ONLY
.tmp/p17-reboot-host-9634/migration/ops/pair-op-c4a90d53b8c8217c/state.json	LOCAL_TEST_ONLY
.tmp/p17-reboot-host-9634/migration/pairs/pair-567c90d1650f157f/object.json	LOCAL_TEST_ONLY
.tmp/p17-reboot-host-9634/migration/productions/prod-rb/identity.json	LOCAL_TEST_ONLY
.tmp/p17-reboot-host-9634/migration/readiness/ready-508e09081bc85447/object.json	LOCAL_TEST_ONLY
.tmp/p17-reboot-host-9634/migration/trust/pair-567c90d1650f157f/REVOKED	LOCAL_TEST_ONLY
.tmp/p17-reboot-host-9634/migration/trust/pair-567c90d1650f157f/ca.crt	LOCAL_TEST_ONLY
.tmp/p17-reboot-host-9634/migration/trust/pair-567c90d1650f157f/ca.srl	LOCAL_TEST_ONLY
.tmp/p17-reboot-host-9634/migration/trust/pair-567c90d1650f157f/destination.crt	LOCAL_TEST_ONLY
.tmp/p17-reboot-host-9634/migration/trust/pair-567c90d1650f157f/source.crt	LOCAL_TEST_ONLY
.tmp/p17-reboot-host-9634/ops/operations/boot-op-8770d02204e8466f/canonical.json	LOCAL_TEST_ONLY
.tmp/p17-reboot-host-9634/ops/operations/boot-op-8770d02204e8466f/events.jsonl	LOCAL_TEST_ONLY
.tmp/p17-reboot-host-9634/ops/operations/disc-op-e9f4ea7fa9f42b20/canonical.json	LOCAL_TEST_ONLY
.tmp/p17-reboot-host-9634/ops/operations/disc-op-e9f4ea7fa9f42b20/events.jsonl	LOCAL_TEST_ONLY
.tmp/p17-reboot-host-9634/ops/registry/history/disc-op-e9f4ea7fa9f42b20.jsonl	LOCAL_TEST_ONLY
.tmp/p17-reboot-host-9634/ops/registry/index/boot-op-8770d02204e8466f.json	LOCAL_TEST_ONLY
.tmp/p17-reboot-host-9634/ops/registry/index/disc-op-e9f4ea7fa9f42b20.json	LOCAL_TEST_ONLY
.tmp/p17-reboot-host-96649/device/device-private-key	LOCAL_TEST_ONLY
.tmp/p17-reboot-host-96649/device/device.json	LOCAL_TEST_ONLY
.tmp/p17-reboot-host-96649/ids.txt	LOCAL_TEST_ONLY
.tmp/p17-reboot-host-96649/migration/bootstraps/boot-fd60e19788e23cf3/object.json	LOCAL_TEST_ONLY
.tmp/p17-reboot-host-96649/migration/codes/b25d69a25957.json	LOCAL_TEST_ONLY
.tmp/p17-reboot-host-96649/migration/discoveries/disc-9c44af39bb1a910b/object.json	LOCAL_TEST_ONLY
.tmp/p17-reboot-host-96649/migration/discoveries/disc-9c44af39bb1a910b/production.json	LOCAL_TEST_ONLY
.tmp/p17-reboot-host-96649/migration/ops/boot-op-9276cd5e26ee5a8c/state.json	LOCAL_TEST_ONLY
.tmp/p17-reboot-host-96649/migration/ops/disc-op-dd3dbc48a927dc36/state.json	LOCAL_TEST_ONLY
.tmp/p17-reboot-host-96649/migration/ops/pair-op-dd10c2048897c240/state.json	LOCAL_TEST_ONLY
.tmp/p17-reboot-host-96649/migration/pairs/pair-b0cf8a3f0e097f47/object.json	LOCAL_TEST_ONLY
.tmp/p17-reboot-host-96649/migration/productions/prod-rb/identity.json	LOCAL_TEST_ONLY
.tmp/p17-reboot-host-96649/migration/readiness/ready-777bafdd199d1484/object.json	LOCAL_TEST_ONLY
.tmp/p17-reboot-host-96649/migration/trust/pair-b0cf8a3f0e097f47/REVOKED	LOCAL_TEST_ONLY
.tmp/p17-reboot-host-96649/migration/trust/pair-b0cf8a3f0e097f47/ca.crt	LOCAL_TEST_ONLY
.tmp/p17-reboot-host-96649/migration/trust/pair-b0cf8a3f0e097f47/ca.srl	LOCAL_TEST_ONLY
.tmp/p17-reboot-host-96649/migration/trust/pair-b0cf8a3f0e097f47/destination.crt	LOCAL_TEST_ONLY
.tmp/p17-reboot-host-96649/migration/trust/pair-b0cf8a3f0e097f47/source.crt	LOCAL_TEST_ONLY
.tmp/p17-reboot-host-96649/ops/operations/boot-op-9276cd5e26ee5a8c/canonical.json	LOCAL_TEST_ONLY
.tmp/p17-reboot-host-96649/ops/operations/boot-op-9276cd5e26ee5a8c/events.jsonl	LOCAL_TEST_ONLY
.tmp/p17-reboot-host-96649/ops/operations/disc-op-dd3dbc48a927dc36/canonical.json	LOCAL_TEST_ONLY
.tmp/p17-reboot-host-96649/ops/operations/disc-op-dd3dbc48a927dc36/events.jsonl	LOCAL_TEST_ONLY
.tmp/p17-reboot-host-96649/ops/registry/history/disc-op-dd3dbc48a927dc36.jsonl	LOCAL_TEST_ONLY
.tmp/p17-reboot-host-96649/ops/registry/index/boot-op-9276cd5e26ee5a8c.json	LOCAL_TEST_ONLY
.tmp/p17-reboot-host-96649/ops/registry/index/disc-op-dd3dbc48a927dc36.json	LOCAL_TEST_ONLY
.tmp/p17-reboot-host-98756/device/device-private-key	LOCAL_TEST_ONLY
.tmp/p17-reboot-host-98756/device/device.json	LOCAL_TEST_ONLY
.tmp/p17-reboot-host-98756/ids.txt	LOCAL_TEST_ONLY
.tmp/p17-reboot-host-98756/migration/bootstraps/boot-a4d5e3bce0e6e0cc/object.json	LOCAL_TEST_ONLY
.tmp/p17-reboot-host-98756/migration/codes/06c3e1181b18.json	LOCAL_TEST_ONLY
.tmp/p17-reboot-host-98756/migration/discoveries/disc-b45781761f7d2d92/object.json	LOCAL_TEST_ONLY
.tmp/p17-reboot-host-98756/migration/discoveries/disc-b45781761f7d2d92/production.json	LOCAL_TEST_ONLY
.tmp/p17-reboot-host-98756/migration/ops/boot-op-eb20043beaa65592/state.json	LOCAL_TEST_ONLY
.tmp/p17-reboot-host-98756/migration/ops/disc-op-701882ab6956b57d/state.json	LOCAL_TEST_ONLY
.tmp/p17-reboot-host-98756/migration/ops/pair-op-caea29f9e53a6984/state.json	LOCAL_TEST_ONLY
.tmp/p17-reboot-host-98756/migration/pairs/pair-ec1d6527846ca5f5/object.json	LOCAL_TEST_ONLY
.tmp/p17-reboot-host-98756/migration/productions/prod-rb/identity.json	LOCAL_TEST_ONLY
.tmp/p17-reboot-host-98756/migration/readiness/ready-dff2fc777ca043c8/object.json	LOCAL_TEST_ONLY
.tmp/p17-reboot-host-98756/migration/trust/pair-ec1d6527846ca5f5/REVOKED	LOCAL_TEST_ONLY
.tmp/p17-reboot-host-98756/migration/trust/pair-ec1d6527846ca5f5/ca.crt	LOCAL_TEST_ONLY
.tmp/p17-reboot-host-98756/migration/trust/pair-ec1d6527846ca5f5/ca.srl	LOCAL_TEST_ONLY
.tmp/p17-reboot-host-98756/migration/trust/pair-ec1d6527846ca5f5/destination.crt	LOCAL_TEST_ONLY
.tmp/p17-reboot-host-98756/migration/trust/pair-ec1d6527846ca5f5/source.crt	LOCAL_TEST_ONLY
.tmp/p17-reboot-host-98756/ops/operations/boot-op-eb20043beaa65592/canonical.json	LOCAL_TEST_ONLY
.tmp/p17-reboot-host-98756/ops/operations/boot-op-eb20043beaa65592/events.jsonl	LOCAL_TEST_ONLY
.tmp/p17-reboot-host-98756/ops/operations/disc-op-701882ab6956b57d/canonical.json	LOCAL_TEST_ONLY
.tmp/p17-reboot-host-98756/ops/operations/disc-op-701882ab6956b57d/events.jsonl	LOCAL_TEST_ONLY
.tmp/p17-reboot-host-98756/ops/registry/history/disc-op-701882ab6956b57d.jsonl	LOCAL_TEST_ONLY
.tmp/p17-reboot-host-98756/ops/registry/index/boot-op-eb20043beaa65592.json	LOCAL_TEST_ONLY
.tmp/p17-reboot-host-98756/ops/registry/index/disc-op-701882ab6956b57d.json	LOCAL_TEST_ONLY
.tmp/p18-reboot-10727/device/device-private-key	LOCAL_TEST_ONLY
.tmp/p18-reboot-10727/device/device.json	LOCAL_TEST_ONLY
.tmp/p18-reboot-10727/dns_zone/owner_dns_marker.txt	LOCAL_TEST_ONLY
.tmp/p18-reboot-10727/ids.txt	LOCAL_TEST_ONLY
.tmp/p18-reboot-10727/migration/bootstraps/boot-38d604a64519e64e/object.json	LOCAL_TEST_ONLY
.tmp/p18-reboot-10727/migration/codes/8fff82c8abc6.json	LOCAL_TEST_ONLY
.tmp/p18-reboot-10727/migration/discoveries/disc-149e90de74fb3b70/object.json	LOCAL_TEST_ONLY
.tmp/p18-reboot-10727/migration/discoveries/disc-149e90de74fb3b70/production.json	LOCAL_TEST_ONLY
.tmp/p18-reboot-10727/migration/dns_challenges/dns-ch-1e720b4877095745/object.json	LOCAL_TEST_ONLY
.tmp/p18-reboot-10727/migration/domain_plans/dplan-0caba1a6af202e6d/object.json	LOCAL_TEST_ONLY
.tmp/p18-reboot-10727/migration/ops/boot-op-30c7fa42dffd837b/state.json	LOCAL_TEST_ONLY
.tmp/p18-reboot-10727/migration/ops/disc-op-66cd1bb1262fc7ae/state.json	LOCAL_TEST_ONLY
.tmp/p18-reboot-10727/migration/ops/dns-op-ed94cea1b93e0129/state.json	LOCAL_TEST_ONLY
.tmp/p18-reboot-10727/migration/ops/dom-op-ca08eb713f1ff556/state.json	LOCAL_TEST_ONLY
.tmp/p18-reboot-10727/migration/ops/pair-op-a1c1179fd684d9dc/state.json	LOCAL_TEST_ONLY
.tmp/p18-reboot-10727/migration/pairs/pair-14caeb262b935a4b/object.json	LOCAL_TEST_ONLY
.tmp/p18-reboot-10727/migration/productions/prod-rb/identity.json	LOCAL_TEST_ONLY
.tmp/p18-reboot-10727/migration/trust/pair-14caeb262b935a4b/ca.crt	LOCAL_TEST_ONLY
.tmp/p18-reboot-10727/migration/trust/pair-14caeb262b935a4b/ca.key	SECRET_OR_SENSITIVE
.tmp/p18-reboot-10727/migration/trust/pair-14caeb262b935a4b/ca.srl	LOCAL_TEST_ONLY
.tmp/p18-reboot-10727/migration/trust/pair-14caeb262b935a4b/destination.crt	LOCAL_TEST_ONLY
.tmp/p18-reboot-10727/migration/trust/pair-14caeb262b935a4b/destination.key	SECRET_OR_SENSITIVE
.tmp/p18-reboot-10727/migration/trust/pair-14caeb262b935a4b/source.crt	LOCAL_TEST_ONLY
.tmp/p18-reboot-10727/migration/trust/pair-14caeb262b935a4b/source.key	SECRET_OR_SENSITIVE
.tmp/p18-reboot-10727/ops/operations/boot-op-30c7fa42dffd837b/canonical.json	LOCAL_TEST_ONLY
.tmp/p18-reboot-10727/ops/operations/boot-op-30c7fa42dffd837b/events.jsonl	LOCAL_TEST_ONLY
.tmp/p18-reboot-10727/ops/operations/disc-op-66cd1bb1262fc7ae/canonical.json	LOCAL_TEST_ONLY
.tmp/p18-reboot-10727/ops/operations/disc-op-66cd1bb1262fc7ae/events.jsonl	LOCAL_TEST_ONLY
.tmp/p18-reboot-10727/ops/registry/history/disc-op-66cd1bb1262fc7ae.jsonl	LOCAL_TEST_ONLY
.tmp/p18-reboot-10727/ops/registry/index/boot-op-30c7fa42dffd837b.json	LOCAL_TEST_ONLY
.tmp/p18-reboot-10727/ops/registry/index/disc-op-66cd1bb1262fc7ae.json	LOCAL_TEST_ONLY
.tmp/p18-reboot-10920/device/device-private-key	LOCAL_TEST_ONLY
.tmp/p18-reboot-10920/device/device.json	LOCAL_TEST_ONLY
.tmp/p18-reboot-10920/dns_zone/owner_dns_marker.txt	LOCAL_TEST_ONLY
.tmp/p18-reboot-10920/ids.txt	LOCAL_TEST_ONLY
.tmp/p18-reboot-10920/migration/bootstraps/boot-ab7d10bd894d5806/object.json	LOCAL_TEST_ONLY
.tmp/p18-reboot-10920/migration/codes/8ed95d3463c6.json	LOCAL_TEST_ONLY
.tmp/p18-reboot-10920/migration/discoveries/disc-fa56ac4260a4f4e3/object.json	LOCAL_TEST_ONLY
.tmp/p18-reboot-10920/migration/discoveries/disc-fa56ac4260a4f4e3/production.json	LOCAL_TEST_ONLY
.tmp/p18-reboot-10920/migration/dns_challenges/dns-ch-8730f3c1580657d2/object.json	LOCAL_TEST_ONLY
.tmp/p18-reboot-10920/migration/domain_plans/dplan-190a67687112fadf/object.json	LOCAL_TEST_ONLY
.tmp/p18-reboot-10920/migration/ops/boot-op-fe6e94c3d9d352b5/state.json	LOCAL_TEST_ONLY
.tmp/p18-reboot-10920/migration/ops/disc-op-48e5a6c5bbec226d/state.json	LOCAL_TEST_ONLY
.tmp/p18-reboot-10920/migration/ops/dns-op-71aa7a5c75fea486/state.json	LOCAL_TEST_ONLY
.tmp/p18-reboot-10920/migration/ops/dom-op-0d2e58ef6d583b48/state.json	LOCAL_TEST_ONLY
.tmp/p18-reboot-10920/migration/ops/pair-op-0ee6702069301759/state.json	LOCAL_TEST_ONLY
.tmp/p18-reboot-10920/migration/pairs/pair-ca6b25b2bf2962c5/object.json	LOCAL_TEST_ONLY
.tmp/p18-reboot-10920/migration/productions/prod-rb/identity.json	LOCAL_TEST_ONLY
.tmp/p18-reboot-10920/migration/trust/pair-ca6b25b2bf2962c5/ca.crt	LOCAL_TEST_ONLY
.tmp/p18-reboot-10920/migration/trust/pair-ca6b25b2bf2962c5/ca.key	SECRET_OR_SENSITIVE
.tmp/p18-reboot-10920/migration/trust/pair-ca6b25b2bf2962c5/ca.srl	LOCAL_TEST_ONLY
.tmp/p18-reboot-10920/migration/trust/pair-ca6b25b2bf2962c5/destination.crt	LOCAL_TEST_ONLY
.tmp/p18-reboot-10920/migration/trust/pair-ca6b25b2bf2962c5/destination.key	SECRET_OR_SENSITIVE
.tmp/p18-reboot-10920/migration/trust/pair-ca6b25b2bf2962c5/source.crt	LOCAL_TEST_ONLY
.tmp/p18-reboot-10920/migration/trust/pair-ca6b25b2bf2962c5/source.key	SECRET_OR_SENSITIVE
.tmp/p18-reboot-10920/ops/operations/boot-op-fe6e94c3d9d352b5/canonical.json	LOCAL_TEST_ONLY
.tmp/p18-reboot-10920/ops/operations/boot-op-fe6e94c3d9d352b5/events.jsonl	LOCAL_TEST_ONLY
.tmp/p18-reboot-10920/ops/operations/disc-op-48e5a6c5bbec226d/canonical.json	LOCAL_TEST_ONLY
.tmp/p18-reboot-10920/ops/operations/disc-op-48e5a6c5bbec226d/events.jsonl	LOCAL_TEST_ONLY
.tmp/p18-reboot-10920/ops/registry/history/disc-op-48e5a6c5bbec226d.jsonl	LOCAL_TEST_ONLY
.tmp/p18-reboot-10920/ops/registry/index/boot-op-fe6e94c3d9d352b5.json	LOCAL_TEST_ONLY
.tmp/p18-reboot-10920/ops/registry/index/disc-op-48e5a6c5bbec226d.json	LOCAL_TEST_ONLY
.tmp/p18-reboot-12582/device/device-private-key	LOCAL_TEST_ONLY
.tmp/p18-reboot-12582/device/device.json	LOCAL_TEST_ONLY
.tmp/p18-reboot-12582/dns_zone/owner_dns_marker.txt	LOCAL_TEST_ONLY
.tmp/p18-reboot-12582/ids.txt	LOCAL_TEST_ONLY
.tmp/p18-reboot-12582/migration/bootstraps/boot-1c57e2190cc6d878/object.json	LOCAL_TEST_ONLY
.tmp/p18-reboot-12582/migration/codes/cc767441b465.json	LOCAL_TEST_ONLY
.tmp/p18-reboot-12582/migration/discoveries/disc-57e752105e2955e5/object.json	LOCAL_TEST_ONLY
.tmp/p18-reboot-12582/migration/discoveries/disc-57e752105e2955e5/production.json	LOCAL_TEST_ONLY
.tmp/p18-reboot-12582/migration/dns_challenges/dns-ch-ad920f5a1eef6703/object.json	LOCAL_TEST_ONLY
.tmp/p18-reboot-12582/migration/domain_plans/dplan-9f8a1a451b077598/object.json	LOCAL_TEST_ONLY
.tmp/p18-reboot-12582/migration/ops/boot-op-aef787300d4c735c/state.json	LOCAL_TEST_ONLY
.tmp/p18-reboot-12582/migration/ops/disc-op-46b0414487c7d713/state.json	LOCAL_TEST_ONLY
.tmp/p18-reboot-12582/migration/ops/dns-op-16b71fb61d0e8895/state.json	LOCAL_TEST_ONLY
.tmp/p18-reboot-12582/migration/ops/dom-op-1e0579e172d993d5/state.json	LOCAL_TEST_ONLY
.tmp/p18-reboot-12582/migration/ops/pair-op-6d1275beb3260937/state.json	LOCAL_TEST_ONLY
.tmp/p18-reboot-12582/migration/pairs/pair-63316df2e7458432/object.json	LOCAL_TEST_ONLY
.tmp/p18-reboot-12582/migration/productions/prod-rb/identity.json	LOCAL_TEST_ONLY
.tmp/p18-reboot-12582/migration/trust/pair-63316df2e7458432/ca.crt	LOCAL_TEST_ONLY
.tmp/p18-reboot-12582/migration/trust/pair-63316df2e7458432/ca.key	SECRET_OR_SENSITIVE
.tmp/p18-reboot-12582/migration/trust/pair-63316df2e7458432/ca.srl	LOCAL_TEST_ONLY
.tmp/p18-reboot-12582/migration/trust/pair-63316df2e7458432/destination.crt	LOCAL_TEST_ONLY
.tmp/p18-reboot-12582/migration/trust/pair-63316df2e7458432/destination.key	SECRET_OR_SENSITIVE
.tmp/p18-reboot-12582/migration/trust/pair-63316df2e7458432/source.crt	LOCAL_TEST_ONLY
.tmp/p18-reboot-12582/migration/trust/pair-63316df2e7458432/source.key	SECRET_OR_SENSITIVE
.tmp/p18-reboot-12582/ops/operations/boot-op-aef787300d4c735c/canonical.json	LOCAL_TEST_ONLY
.tmp/p18-reboot-12582/ops/operations/boot-op-aef787300d4c735c/events.jsonl	LOCAL_TEST_ONLY
.tmp/p18-reboot-12582/ops/operations/disc-op-46b0414487c7d713/canonical.json	LOCAL_TEST_ONLY
.tmp/p18-reboot-12582/ops/operations/disc-op-46b0414487c7d713/events.jsonl	LOCAL_TEST_ONLY
.tmp/p18-reboot-12582/ops/registry/history/disc-op-46b0414487c7d713.jsonl	LOCAL_TEST_ONLY
.tmp/p18-reboot-12582/ops/registry/index/boot-op-aef787300d4c735c.json	LOCAL_TEST_ONLY
.tmp/p18-reboot-12582/ops/registry/index/disc-op-46b0414487c7d713.json	LOCAL_TEST_ONLY
.tmp/p18-reboot-13002/device/device-private-key	LOCAL_TEST_ONLY
.tmp/p18-reboot-13002/device/device.json	LOCAL_TEST_ONLY
.tmp/p18-reboot-13002/dns_zone/owner_dns_marker.txt	LOCAL_TEST_ONLY
.tmp/p18-reboot-13002/ids.txt	LOCAL_TEST_ONLY
.tmp/p18-reboot-13002/migration/bootstraps/boot-2d053ce18a24a485/object.json	LOCAL_TEST_ONLY
.tmp/p18-reboot-13002/migration/codes/b11cace2d1ee.json	LOCAL_TEST_ONLY
.tmp/p18-reboot-13002/migration/discoveries/disc-7f752b46da4cae5c/object.json	LOCAL_TEST_ONLY
.tmp/p18-reboot-13002/migration/discoveries/disc-7f752b46da4cae5c/production.json	LOCAL_TEST_ONLY
.tmp/p18-reboot-13002/migration/dns_challenges/dns-ch-7df6aa263485827a/object.json	LOCAL_TEST_ONLY
.tmp/p18-reboot-13002/migration/domain_plans/dplan-0d5546ecbf4ecd92/object.json	LOCAL_TEST_ONLY
.tmp/p18-reboot-13002/migration/ops/boot-op-1eb040615c6f6bef/state.json	LOCAL_TEST_ONLY
.tmp/p18-reboot-13002/migration/ops/disc-op-79705ff0ba70a4a2/state.json	LOCAL_TEST_ONLY
.tmp/p18-reboot-13002/migration/ops/dns-op-bbd8fba75f9359eb/state.json	LOCAL_TEST_ONLY
.tmp/p18-reboot-13002/migration/ops/dom-op-9b0b74145523604e/state.json	LOCAL_TEST_ONLY
.tmp/p18-reboot-13002/migration/ops/pair-op-c9214d9452307ff6/state.json	LOCAL_TEST_ONLY
.tmp/p18-reboot-13002/migration/pairs/pair-854cc0f93714e822/object.json	LOCAL_TEST_ONLY
.tmp/p18-reboot-13002/migration/productions/prod-rb/identity.json	LOCAL_TEST_ONLY
.tmp/p18-reboot-13002/migration/trust/pair-854cc0f93714e822/ca.crt	LOCAL_TEST_ONLY
.tmp/p18-reboot-13002/migration/trust/pair-854cc0f93714e822/ca.key	SECRET_OR_SENSITIVE
.tmp/p18-reboot-13002/migration/trust/pair-854cc0f93714e822/ca.srl	LOCAL_TEST_ONLY
.tmp/p18-reboot-13002/migration/trust/pair-854cc0f93714e822/destination.crt	LOCAL_TEST_ONLY
.tmp/p18-reboot-13002/migration/trust/pair-854cc0f93714e822/destination.key	SECRET_OR_SENSITIVE
.tmp/p18-reboot-13002/migration/trust/pair-854cc0f93714e822/source.crt	LOCAL_TEST_ONLY
.tmp/p18-reboot-13002/migration/trust/pair-854cc0f93714e822/source.key	SECRET_OR_SENSITIVE
.tmp/p18-reboot-13002/ops/operations/boot-op-1eb040615c6f6bef/canonical.json	LOCAL_TEST_ONLY
.tmp/p18-reboot-13002/ops/operations/boot-op-1eb040615c6f6bef/events.jsonl	LOCAL_TEST_ONLY
.tmp/p18-reboot-13002/ops/operations/disc-op-79705ff0ba70a4a2/canonical.json	LOCAL_TEST_ONLY
.tmp/p18-reboot-13002/ops/operations/disc-op-79705ff0ba70a4a2/events.jsonl	LOCAL_TEST_ONLY
.tmp/p18-reboot-13002/ops/registry/history/disc-op-79705ff0ba70a4a2.jsonl	LOCAL_TEST_ONLY
.tmp/p18-reboot-13002/ops/registry/index/boot-op-1eb040615c6f6bef.json	LOCAL_TEST_ONLY
.tmp/p18-reboot-13002/ops/registry/index/disc-op-79705ff0ba70a4a2.json	LOCAL_TEST_ONLY
.tmp/p18-reboot-16002/device/device-private-key	LOCAL_TEST_ONLY
.tmp/p18-reboot-16002/device/device.json	LOCAL_TEST_ONLY
.tmp/p18-reboot-16002/dns_zone/owner_dns_marker.txt	LOCAL_TEST_ONLY
.tmp/p18-reboot-16002/ids.txt	LOCAL_TEST_ONLY
.tmp/p18-reboot-16002/migration/bootstraps/boot-ac193871d98ad359/object.json	LOCAL_TEST_ONLY
.tmp/p18-reboot-16002/migration/codes/fd22fd9269cb.json	LOCAL_TEST_ONLY
.tmp/p18-reboot-16002/migration/discoveries/disc-7576bee44a7f14ed/object.json	LOCAL_TEST_ONLY
.tmp/p18-reboot-16002/migration/discoveries/disc-7576bee44a7f14ed/production.json	LOCAL_TEST_ONLY
.tmp/p18-reboot-16002/migration/dns_challenges/dns-ch-8d0b56e67a5ad587/object.json	LOCAL_TEST_ONLY
.tmp/p18-reboot-16002/migration/domain_plans/dplan-2a226278852b3fa0/object.json	LOCAL_TEST_ONLY
.tmp/p18-reboot-16002/migration/ops/boot-op-ada1cafd45e27237/state.json	LOCAL_TEST_ONLY
.tmp/p18-reboot-16002/migration/ops/disc-op-0ada42f0df9b1dfa/state.json	LOCAL_TEST_ONLY
.tmp/p18-reboot-16002/migration/ops/dns-op-e0cb8ae46ba9f9e1/state.json	LOCAL_TEST_ONLY
.tmp/p18-reboot-16002/migration/ops/dom-op-5c83670b700e1805/state.json	LOCAL_TEST_ONLY
.tmp/p18-reboot-16002/migration/ops/pair-op-bc3eee12fee54e15/state.json	LOCAL_TEST_ONLY
.tmp/p18-reboot-16002/migration/pairs/pair-b924d078944e1794/object.json	LOCAL_TEST_ONLY
.tmp/p18-reboot-16002/migration/productions/prod-rb/identity.json	LOCAL_TEST_ONLY
.tmp/p18-reboot-16002/migration/trust/pair-b924d078944e1794/ca.crt	LOCAL_TEST_ONLY
.tmp/p18-reboot-16002/migration/trust/pair-b924d078944e1794/ca.key	SECRET_OR_SENSITIVE
.tmp/p18-reboot-16002/migration/trust/pair-b924d078944e1794/ca.srl	LOCAL_TEST_ONLY
.tmp/p18-reboot-16002/migration/trust/pair-b924d078944e1794/destination.crt	LOCAL_TEST_ONLY
.tmp/p18-reboot-16002/migration/trust/pair-b924d078944e1794/destination.key	SECRET_OR_SENSITIVE
.tmp/p18-reboot-16002/migration/trust/pair-b924d078944e1794/source.crt	LOCAL_TEST_ONLY
.tmp/p18-reboot-16002/migration/trust/pair-b924d078944e1794/source.key	SECRET_OR_SENSITIVE
.tmp/p18-reboot-16002/ops/operations/boot-op-ada1cafd45e27237/canonical.json	LOCAL_TEST_ONLY
.tmp/p18-reboot-16002/ops/operations/boot-op-ada1cafd45e27237/events.jsonl	LOCAL_TEST_ONLY
.tmp/p18-reboot-16002/ops/operations/disc-op-0ada42f0df9b1dfa/canonical.json	LOCAL_TEST_ONLY
.tmp/p18-reboot-16002/ops/operations/disc-op-0ada42f0df9b1dfa/events.jsonl	LOCAL_TEST_ONLY
.tmp/p18-reboot-16002/ops/registry/history/disc-op-0ada42f0df9b1dfa.jsonl	LOCAL_TEST_ONLY
.tmp/p18-reboot-16002/ops/registry/index/boot-op-ada1cafd45e27237.json	LOCAL_TEST_ONLY
.tmp/p18-reboot-16002/ops/registry/index/disc-op-0ada42f0df9b1dfa.json	LOCAL_TEST_ONLY
.tmp/p18-reboot-2123/device/device-private-key	LOCAL_TEST_ONLY
.tmp/p18-reboot-2123/device/device.json	LOCAL_TEST_ONLY
.tmp/p18-reboot-2123/dns_zone/owner_dns_marker.txt	LOCAL_TEST_ONLY
.tmp/p18-reboot-2123/ids.txt	LOCAL_TEST_ONLY
.tmp/p18-reboot-2123/migration/bootstraps/boot-8357ef95b8f2d421/object.json	LOCAL_TEST_ONLY
.tmp/p18-reboot-2123/migration/codes/9dd57c98795e.json	LOCAL_TEST_ONLY
.tmp/p18-reboot-2123/migration/discoveries/disc-91a8c791a87b1c30/object.json	LOCAL_TEST_ONLY
.tmp/p18-reboot-2123/migration/discoveries/disc-91a8c791a87b1c30/production.json	LOCAL_TEST_ONLY
.tmp/p18-reboot-2123/migration/dns_challenges/dns-ch-513654a638423b3b/object.json	LOCAL_TEST_ONLY
.tmp/p18-reboot-2123/migration/domain_plans/dplan-378079532b194f27/object.json	LOCAL_TEST_ONLY
.tmp/p18-reboot-2123/migration/ops/boot-op-5bf2da7a7552f44c/state.json	LOCAL_TEST_ONLY
.tmp/p18-reboot-2123/migration/ops/disc-op-9f557b2264fce794/state.json	LOCAL_TEST_ONLY
.tmp/p18-reboot-2123/migration/ops/dns-op-60cd568395f880dc/state.json	LOCAL_TEST_ONLY
.tmp/p18-reboot-2123/migration/ops/dom-op-9000cae7ade2a3de/state.json	LOCAL_TEST_ONLY
.tmp/p18-reboot-2123/migration/ops/pair-op-dc4eccac7963fad6/state.json	LOCAL_TEST_ONLY
.tmp/p18-reboot-2123/migration/pairs/pair-1248787f0a7bb1bc/object.json	LOCAL_TEST_ONLY
.tmp/p18-reboot-2123/migration/productions/prod-rb/identity.json	LOCAL_TEST_ONLY
.tmp/p18-reboot-2123/migration/trust/pair-1248787f0a7bb1bc/ca.crt	LOCAL_TEST_ONLY
.tmp/p18-reboot-2123/migration/trust/pair-1248787f0a7bb1bc/ca.key	SECRET_OR_SENSITIVE
.tmp/p18-reboot-2123/migration/trust/pair-1248787f0a7bb1bc/ca.srl	LOCAL_TEST_ONLY
.tmp/p18-reboot-2123/migration/trust/pair-1248787f0a7bb1bc/destination.crt	LOCAL_TEST_ONLY
.tmp/p18-reboot-2123/migration/trust/pair-1248787f0a7bb1bc/destination.key	SECRET_OR_SENSITIVE
.tmp/p18-reboot-2123/migration/trust/pair-1248787f0a7bb1bc/source.crt	LOCAL_TEST_ONLY
.tmp/p18-reboot-2123/migration/trust/pair-1248787f0a7bb1bc/source.key	SECRET_OR_SENSITIVE
.tmp/p18-reboot-2123/ops/operations/boot-op-5bf2da7a7552f44c/canonical.json	LOCAL_TEST_ONLY
.tmp/p18-reboot-2123/ops/operations/boot-op-5bf2da7a7552f44c/events.jsonl	LOCAL_TEST_ONLY
.tmp/p18-reboot-2123/ops/operations/disc-op-9f557b2264fce794/canonical.json	LOCAL_TEST_ONLY
.tmp/p18-reboot-2123/ops/operations/disc-op-9f557b2264fce794/events.jsonl	LOCAL_TEST_ONLY
.tmp/p18-reboot-2123/ops/registry/history/disc-op-9f557b2264fce794.jsonl	LOCAL_TEST_ONLY
.tmp/p18-reboot-2123/ops/registry/index/boot-op-5bf2da7a7552f44c.json	LOCAL_TEST_ONLY
.tmp/p18-reboot-2123/ops/registry/index/disc-op-9f557b2264fce794.json	LOCAL_TEST_ONLY
.tmp/p18-reboot-30416/device/device-private-key	LOCAL_TEST_ONLY
.tmp/p18-reboot-30416/device/device.json	LOCAL_TEST_ONLY
.tmp/p18-reboot-30416/dns_zone/owner_dns_marker.txt	LOCAL_TEST_ONLY
.tmp/p18-reboot-30416/ids.txt	LOCAL_TEST_ONLY
.tmp/p18-reboot-30416/migration/bootstraps/boot-03cb14d81d6085b0/object.json	LOCAL_TEST_ONLY
.tmp/p18-reboot-30416/migration/codes/977b442de341.json	LOCAL_TEST_ONLY
.tmp/p18-reboot-30416/migration/discoveries/disc-ede6955bc5e9eba8/object.json	LOCAL_TEST_ONLY
.tmp/p18-reboot-30416/migration/discoveries/disc-ede6955bc5e9eba8/production.json	LOCAL_TEST_ONLY
.tmp/p18-reboot-30416/migration/dns_challenges/dns-ch-c38da4a41d4b413d/object.json	LOCAL_TEST_ONLY
.tmp/p18-reboot-30416/migration/domain_plans/dplan-0fa90c0d2f55b3f3/object.json	LOCAL_TEST_ONLY
.tmp/p18-reboot-30416/migration/ops/boot-op-b46fd264d0b7a25a/state.json	LOCAL_TEST_ONLY
.tmp/p18-reboot-30416/migration/ops/disc-op-da072a500f573fe6/state.json	LOCAL_TEST_ONLY
.tmp/p18-reboot-30416/migration/ops/dns-op-dcda34a863c44bcf/state.json	LOCAL_TEST_ONLY
.tmp/p18-reboot-30416/migration/ops/dom-op-fbb056f9323a9c6d/state.json	LOCAL_TEST_ONLY
.tmp/p18-reboot-30416/migration/ops/pair-op-61fbfaa0ffd1915e/state.json	LOCAL_TEST_ONLY
.tmp/p18-reboot-30416/migration/pairs/pair-ac036208f3885df6/object.json	LOCAL_TEST_ONLY
.tmp/p18-reboot-30416/migration/productions/prod-rb/identity.json	LOCAL_TEST_ONLY
.tmp/p18-reboot-30416/migration/trust/pair-ac036208f3885df6/ca.crt	LOCAL_TEST_ONLY
.tmp/p18-reboot-30416/migration/trust/pair-ac036208f3885df6/ca.key	SECRET_OR_SENSITIVE
.tmp/p18-reboot-30416/migration/trust/pair-ac036208f3885df6/ca.srl	LOCAL_TEST_ONLY
.tmp/p18-reboot-30416/migration/trust/pair-ac036208f3885df6/destination.crt	LOCAL_TEST_ONLY
.tmp/p18-reboot-30416/migration/trust/pair-ac036208f3885df6/destination.key	SECRET_OR_SENSITIVE
.tmp/p18-reboot-30416/migration/trust/pair-ac036208f3885df6/source.crt	LOCAL_TEST_ONLY
.tmp/p18-reboot-30416/migration/trust/pair-ac036208f3885df6/source.key	SECRET_OR_SENSITIVE
.tmp/p18-reboot-30416/ops/operations/boot-op-b46fd264d0b7a25a/canonical.json	LOCAL_TEST_ONLY
.tmp/p18-reboot-30416/ops/operations/boot-op-b46fd264d0b7a25a/events.jsonl	LOCAL_TEST_ONLY
.tmp/p18-reboot-30416/ops/operations/disc-op-da072a500f573fe6/canonical.json	LOCAL_TEST_ONLY
.tmp/p18-reboot-30416/ops/operations/disc-op-da072a500f573fe6/events.jsonl	LOCAL_TEST_ONLY
.tmp/p18-reboot-30416/ops/registry/history/disc-op-da072a500f573fe6.jsonl	LOCAL_TEST_ONLY
.tmp/p18-reboot-30416/ops/registry/index/boot-op-b46fd264d0b7a25a.json	LOCAL_TEST_ONLY
.tmp/p18-reboot-30416/ops/registry/index/disc-op-da072a500f573fe6.json	LOCAL_TEST_ONLY
.tmp/p18-reboot-3769/device/device-private-key	LOCAL_TEST_ONLY
.tmp/p18-reboot-3769/device/device.json	LOCAL_TEST_ONLY
.tmp/p18-reboot-3769/dns_zone/owner_dns_marker.txt	LOCAL_TEST_ONLY
.tmp/p18-reboot-3769/ids.txt	LOCAL_TEST_ONLY
.tmp/p18-reboot-3769/migration/bootstraps/boot-39755637b4e6f150/object.json	LOCAL_TEST_ONLY
.tmp/p18-reboot-3769/migration/codes/be1de0879862.json	LOCAL_TEST_ONLY
.tmp/p18-reboot-3769/migration/discoveries/disc-856b627267910ad3/object.json	LOCAL_TEST_ONLY
.tmp/p18-reboot-3769/migration/discoveries/disc-856b627267910ad3/production.json	LOCAL_TEST_ONLY
.tmp/p18-reboot-3769/migration/dns_challenges/dns-ch-faa6920f1db5eb46/object.json	LOCAL_TEST_ONLY
.tmp/p18-reboot-3769/migration/domain_plans/dplan-97bcc6080148d320/object.json	LOCAL_TEST_ONLY
.tmp/p18-reboot-3769/migration/ops/boot-op-0b202f49a3d4f2db/state.json	LOCAL_TEST_ONLY
.tmp/p18-reboot-3769/migration/ops/disc-op-42f93bce8f8df202/state.json	LOCAL_TEST_ONLY
.tmp/p18-reboot-3769/migration/ops/dns-op-34acb3ec4b1d4a51/state.json	LOCAL_TEST_ONLY
.tmp/p18-reboot-3769/migration/ops/dom-op-e2f55cb11ed38712/state.json	LOCAL_TEST_ONLY
.tmp/p18-reboot-3769/migration/ops/pair-op-2293e34b52e849d2/state.json	LOCAL_TEST_ONLY
.tmp/p18-reboot-3769/migration/pairs/pair-441fd9afab5cc42c/object.json	LOCAL_TEST_ONLY
.tmp/p18-reboot-3769/migration/productions/prod-rb/identity.json	LOCAL_TEST_ONLY
.tmp/p18-reboot-3769/migration/trust/pair-441fd9afab5cc42c/ca.crt	LOCAL_TEST_ONLY
.tmp/p18-reboot-3769/migration/trust/pair-441fd9afab5cc42c/ca.key	SECRET_OR_SENSITIVE
.tmp/p18-reboot-3769/migration/trust/pair-441fd9afab5cc42c/ca.srl	LOCAL_TEST_ONLY
.tmp/p18-reboot-3769/migration/trust/pair-441fd9afab5cc42c/destination.crt	LOCAL_TEST_ONLY
.tmp/p18-reboot-3769/migration/trust/pair-441fd9afab5cc42c/destination.key	SECRET_OR_SENSITIVE
.tmp/p18-reboot-3769/migration/trust/pair-441fd9afab5cc42c/source.crt	LOCAL_TEST_ONLY
.tmp/p18-reboot-3769/migration/trust/pair-441fd9afab5cc42c/source.key	SECRET_OR_SENSITIVE
.tmp/p18-reboot-3769/ops/operations/boot-op-0b202f49a3d4f2db/canonical.json	LOCAL_TEST_ONLY
.tmp/p18-reboot-3769/ops/operations/boot-op-0b202f49a3d4f2db/events.jsonl	LOCAL_TEST_ONLY
.tmp/p18-reboot-3769/ops/operations/disc-op-42f93bce8f8df202/canonical.json	LOCAL_TEST_ONLY
.tmp/p18-reboot-3769/ops/operations/disc-op-42f93bce8f8df202/events.jsonl	LOCAL_TEST_ONLY
.tmp/p18-reboot-3769/ops/registry/history/disc-op-42f93bce8f8df202.jsonl	LOCAL_TEST_ONLY
.tmp/p18-reboot-3769/ops/registry/index/boot-op-0b202f49a3d4f2db.json	LOCAL_TEST_ONLY
.tmp/p18-reboot-3769/ops/registry/index/disc-op-42f93bce8f8df202.json	LOCAL_TEST_ONLY
.tmp/p18-reboot-41004/device/device-private-key	LOCAL_TEST_ONLY
.tmp/p18-reboot-41004/device/device.json	LOCAL_TEST_ONLY
.tmp/p18-reboot-41004/dns_zone/owner_dns_marker.txt	LOCAL_TEST_ONLY
.tmp/p18-reboot-41004/ids.txt	LOCAL_TEST_ONLY
.tmp/p18-reboot-41004/migration/bootstraps/boot-848cdd56f5a93ce7/object.json	LOCAL_TEST_ONLY
.tmp/p18-reboot-41004/migration/codes/034198661c11.json	LOCAL_TEST_ONLY
.tmp/p18-reboot-41004/migration/discoveries/disc-aa03fe32e839b2e1/object.json	LOCAL_TEST_ONLY
.tmp/p18-reboot-41004/migration/discoveries/disc-aa03fe32e839b2e1/production.json	LOCAL_TEST_ONLY
.tmp/p18-reboot-41004/migration/dns_challenges/dns-ch-c0ac66bd4e8e514e/object.json	LOCAL_TEST_ONLY
.tmp/p18-reboot-41004/migration/domain_plans/dplan-826595317ad7a9c5/object.json	LOCAL_TEST_ONLY
.tmp/p18-reboot-41004/migration/ops/boot-op-29141e19ec26d831/state.json	LOCAL_TEST_ONLY
.tmp/p18-reboot-41004/migration/ops/disc-op-668e4f7ae725fb5b/state.json	LOCAL_TEST_ONLY
.tmp/p18-reboot-41004/migration/ops/dns-op-b7fae0eddca618f7/state.json	LOCAL_TEST_ONLY
.tmp/p18-reboot-41004/migration/ops/dom-op-c9c8401994a1f349/state.json	LOCAL_TEST_ONLY
.tmp/p18-reboot-41004/migration/ops/pair-op-348dae61ff639d8c/state.json	LOCAL_TEST_ONLY
.tmp/p18-reboot-41004/migration/pairs/pair-1634695f3f0e0ccf/object.json	LOCAL_TEST_ONLY
.tmp/p18-reboot-41004/migration/productions/prod-rb/identity.json	LOCAL_TEST_ONLY
.tmp/p18-reboot-41004/migration/trust/pair-1634695f3f0e0ccf/ca.crt	LOCAL_TEST_ONLY
.tmp/p18-reboot-41004/migration/trust/pair-1634695f3f0e0ccf/ca.key	SECRET_OR_SENSITIVE
.tmp/p18-reboot-41004/migration/trust/pair-1634695f3f0e0ccf/ca.srl	LOCAL_TEST_ONLY
.tmp/p18-reboot-41004/migration/trust/pair-1634695f3f0e0ccf/destination.crt	LOCAL_TEST_ONLY
.tmp/p18-reboot-41004/migration/trust/pair-1634695f3f0e0ccf/destination.key	SECRET_OR_SENSITIVE
.tmp/p18-reboot-41004/migration/trust/pair-1634695f3f0e0ccf/source.crt	LOCAL_TEST_ONLY
.tmp/p18-reboot-41004/migration/trust/pair-1634695f3f0e0ccf/source.key	SECRET_OR_SENSITIVE
.tmp/p18-reboot-41004/ops/operations/boot-op-29141e19ec26d831/canonical.json	LOCAL_TEST_ONLY
.tmp/p18-reboot-41004/ops/operations/boot-op-29141e19ec26d831/events.jsonl	LOCAL_TEST_ONLY
.tmp/p18-reboot-41004/ops/operations/disc-op-668e4f7ae725fb5b/canonical.json	LOCAL_TEST_ONLY
.tmp/p18-reboot-41004/ops/operations/disc-op-668e4f7ae725fb5b/events.jsonl	LOCAL_TEST_ONLY
.tmp/p18-reboot-41004/ops/registry/history/disc-op-668e4f7ae725fb5b.jsonl	LOCAL_TEST_ONLY
.tmp/p18-reboot-41004/ops/registry/index/boot-op-29141e19ec26d831.json	LOCAL_TEST_ONLY
.tmp/p18-reboot-41004/ops/registry/index/disc-op-668e4f7ae725fb5b.json	LOCAL_TEST_ONLY
.tmp/p18-reboot-45095/device/device-private-key	LOCAL_TEST_ONLY
.tmp/p18-reboot-45095/device/device.json	LOCAL_TEST_ONLY
.tmp/p18-reboot-45095/dns_zone/owner_dns_marker.txt	LOCAL_TEST_ONLY
.tmp/p18-reboot-45095/ids.txt	LOCAL_TEST_ONLY
.tmp/p18-reboot-45095/migration/bootstraps/boot-a670d468b2f66fd9/object.json	LOCAL_TEST_ONLY
.tmp/p18-reboot-45095/migration/codes/5d638dd1d7ce.json	LOCAL_TEST_ONLY
.tmp/p18-reboot-45095/migration/discoveries/disc-b957af6b55b47a86/object.json	LOCAL_TEST_ONLY
.tmp/p18-reboot-45095/migration/discoveries/disc-b957af6b55b47a86/production.json	LOCAL_TEST_ONLY
.tmp/p18-reboot-45095/migration/dns_challenges/dns-ch-bf9b1fbbc95033c2/object.json	LOCAL_TEST_ONLY
.tmp/p18-reboot-45095/migration/domain_plans/dplan-8b437275ca8858b3/object.json	LOCAL_TEST_ONLY
.tmp/p18-reboot-45095/migration/ops/boot-op-1680f2558b729206/state.json	LOCAL_TEST_ONLY
.tmp/p18-reboot-45095/migration/ops/disc-op-97e96a4c721e90c1/state.json	LOCAL_TEST_ONLY
.tmp/p18-reboot-45095/migration/ops/dns-op-25503b460de4756d/state.json	LOCAL_TEST_ONLY
.tmp/p18-reboot-45095/migration/ops/dom-op-dadff80ab3c81962/state.json	LOCAL_TEST_ONLY
.tmp/p18-reboot-45095/migration/ops/pair-op-f1c0cd5e0f4b6cac/state.json	LOCAL_TEST_ONLY
.tmp/p18-reboot-45095/migration/pairs/pair-44cf87157a8828a2/object.json	LOCAL_TEST_ONLY
.tmp/p18-reboot-45095/migration/productions/prod-rb/identity.json	LOCAL_TEST_ONLY
.tmp/p18-reboot-45095/migration/trust/pair-44cf87157a8828a2/ca.crt	LOCAL_TEST_ONLY
.tmp/p18-reboot-45095/migration/trust/pair-44cf87157a8828a2/ca.key	SECRET_OR_SENSITIVE
.tmp/p18-reboot-45095/migration/trust/pair-44cf87157a8828a2/ca.srl	LOCAL_TEST_ONLY
.tmp/p18-reboot-45095/migration/trust/pair-44cf87157a8828a2/destination.crt	LOCAL_TEST_ONLY
.tmp/p18-reboot-45095/migration/trust/pair-44cf87157a8828a2/destination.key	SECRET_OR_SENSITIVE
.tmp/p18-reboot-45095/migration/trust/pair-44cf87157a8828a2/source.crt	LOCAL_TEST_ONLY
.tmp/p18-reboot-45095/migration/trust/pair-44cf87157a8828a2/source.key	SECRET_OR_SENSITIVE
.tmp/p18-reboot-45095/ops/operations/boot-op-1680f2558b729206/canonical.json	LOCAL_TEST_ONLY
.tmp/p18-reboot-45095/ops/operations/boot-op-1680f2558b729206/events.jsonl	LOCAL_TEST_ONLY
.tmp/p18-reboot-45095/ops/operations/disc-op-97e96a4c721e90c1/canonical.json	LOCAL_TEST_ONLY
.tmp/p18-reboot-45095/ops/operations/disc-op-97e96a4c721e90c1/events.jsonl	LOCAL_TEST_ONLY
.tmp/p18-reboot-45095/ops/registry/history/disc-op-97e96a4c721e90c1.jsonl	LOCAL_TEST_ONLY
.tmp/p18-reboot-45095/ops/registry/index/boot-op-1680f2558b729206.json	LOCAL_TEST_ONLY
.tmp/p18-reboot-45095/ops/registry/index/disc-op-97e96a4c721e90c1.json	LOCAL_TEST_ONLY
.tmp/p18-reboot-45844/device/device-private-key	LOCAL_TEST_ONLY
.tmp/p18-reboot-45844/device/device.json	LOCAL_TEST_ONLY
.tmp/p18-reboot-45844/dns_zone/owner_dns_marker.txt	LOCAL_TEST_ONLY
.tmp/p18-reboot-45844/ids.txt	LOCAL_TEST_ONLY
.tmp/p18-reboot-45844/migration/bootstraps/boot-008412d3e9a1eb7d/object.json	LOCAL_TEST_ONLY
.tmp/p18-reboot-45844/migration/codes/ac6e3e909a1b.json	LOCAL_TEST_ONLY
.tmp/p18-reboot-45844/migration/discoveries/disc-1074bbf3560a6b28/object.json	LOCAL_TEST_ONLY
.tmp/p18-reboot-45844/migration/discoveries/disc-1074bbf3560a6b28/production.json	LOCAL_TEST_ONLY
.tmp/p18-reboot-45844/migration/dns_challenges/dns-ch-b56050f1271d8d86/object.json	LOCAL_TEST_ONLY
.tmp/p18-reboot-45844/migration/domain_plans/dplan-8ea37fc6476577d1/object.json	LOCAL_TEST_ONLY
.tmp/p18-reboot-45844/migration/ops/boot-op-a7dc162a06fc7f11/state.json	LOCAL_TEST_ONLY
.tmp/p18-reboot-45844/migration/ops/disc-op-830bb482773a6a42/state.json	LOCAL_TEST_ONLY
.tmp/p18-reboot-45844/migration/ops/dns-op-c1a91b97f8652d2b/state.json	LOCAL_TEST_ONLY
.tmp/p18-reboot-45844/migration/ops/dom-op-906d5ce1637d2ec4/state.json	LOCAL_TEST_ONLY
.tmp/p18-reboot-45844/migration/ops/pair-op-240a1f1c3e84b082/state.json	LOCAL_TEST_ONLY
.tmp/p18-reboot-45844/migration/pairs/pair-2ead1d9592aca499/object.json	LOCAL_TEST_ONLY
.tmp/p18-reboot-45844/migration/productions/prod-rb/identity.json	LOCAL_TEST_ONLY
.tmp/p18-reboot-45844/migration/trust/pair-2ead1d9592aca499/ca.crt	LOCAL_TEST_ONLY
.tmp/p18-reboot-45844/migration/trust/pair-2ead1d9592aca499/ca.key	SECRET_OR_SENSITIVE
.tmp/p18-reboot-45844/migration/trust/pair-2ead1d9592aca499/ca.srl	LOCAL_TEST_ONLY
.tmp/p18-reboot-45844/migration/trust/pair-2ead1d9592aca499/destination.crt	LOCAL_TEST_ONLY
.tmp/p18-reboot-45844/migration/trust/pair-2ead1d9592aca499/destination.key	SECRET_OR_SENSITIVE
.tmp/p18-reboot-45844/migration/trust/pair-2ead1d9592aca499/source.crt	LOCAL_TEST_ONLY
.tmp/p18-reboot-45844/migration/trust/pair-2ead1d9592aca499/source.key	SECRET_OR_SENSITIVE
.tmp/p18-reboot-45844/ops/operations/boot-op-a7dc162a06fc7f11/canonical.json	LOCAL_TEST_ONLY
.tmp/p18-reboot-45844/ops/operations/boot-op-a7dc162a06fc7f11/events.jsonl	LOCAL_TEST_ONLY
.tmp/p18-reboot-45844/ops/operations/disc-op-830bb482773a6a42/canonical.json	LOCAL_TEST_ONLY
.tmp/p18-reboot-45844/ops/operations/disc-op-830bb482773a6a42/events.jsonl	LOCAL_TEST_ONLY
.tmp/p18-reboot-45844/ops/registry/history/disc-op-830bb482773a6a42.jsonl	LOCAL_TEST_ONLY
.tmp/p18-reboot-45844/ops/registry/index/boot-op-a7dc162a06fc7f11.json	LOCAL_TEST_ONLY
.tmp/p18-reboot-45844/ops/registry/index/disc-op-830bb482773a6a42.json	LOCAL_TEST_ONLY
.tmp/p18-reboot-46105/device/device-private-key	LOCAL_TEST_ONLY
.tmp/p18-reboot-46105/device/device.json	LOCAL_TEST_ONLY
.tmp/p18-reboot-46105/dns_zone/owner_dns_marker.txt	LOCAL_TEST_ONLY
.tmp/p18-reboot-46105/ids.txt	LOCAL_TEST_ONLY
.tmp/p18-reboot-46105/migration/bootstraps/boot-0191ba1dfe1007b4/object.json	LOCAL_TEST_ONLY
.tmp/p18-reboot-46105/migration/codes/a6012ce4581d.json	LOCAL_TEST_ONLY
.tmp/p18-reboot-46105/migration/discoveries/disc-c9e48b7abc4f98c3/object.json	LOCAL_TEST_ONLY
.tmp/p18-reboot-46105/migration/discoveries/disc-c9e48b7abc4f98c3/production.json	LOCAL_TEST_ONLY
.tmp/p18-reboot-46105/migration/dns_challenges/dns-ch-9abb610a04356ebc/object.json	LOCAL_TEST_ONLY
.tmp/p18-reboot-46105/migration/domain_plans/dplan-5c4e6d2b2c5ca825/object.json	LOCAL_TEST_ONLY
.tmp/p18-reboot-46105/migration/ops/boot-op-2c11e76b0caa6157/state.json	LOCAL_TEST_ONLY
.tmp/p18-reboot-46105/migration/ops/disc-op-5b69b7c7ebe409eb/state.json	LOCAL_TEST_ONLY
.tmp/p18-reboot-46105/migration/ops/dns-op-5ea90985ab796056/state.json	LOCAL_TEST_ONLY
.tmp/p18-reboot-46105/migration/ops/dom-op-9822b854ef8a0564/state.json	LOCAL_TEST_ONLY
.tmp/p18-reboot-46105/migration/ops/pair-op-32405ed244ed2768/state.json	LOCAL_TEST_ONLY
.tmp/p18-reboot-46105/migration/pairs/pair-a3f04c004d8ef83e/object.json	LOCAL_TEST_ONLY
.tmp/p18-reboot-46105/migration/productions/prod-rb/identity.json	LOCAL_TEST_ONLY
.tmp/p18-reboot-46105/migration/trust/pair-a3f04c004d8ef83e/ca.crt	LOCAL_TEST_ONLY
.tmp/p18-reboot-46105/migration/trust/pair-a3f04c004d8ef83e/ca.key	SECRET_OR_SENSITIVE
.tmp/p18-reboot-46105/migration/trust/pair-a3f04c004d8ef83e/ca.srl	LOCAL_TEST_ONLY
.tmp/p18-reboot-46105/migration/trust/pair-a3f04c004d8ef83e/destination.crt	LOCAL_TEST_ONLY
.tmp/p18-reboot-46105/migration/trust/pair-a3f04c004d8ef83e/destination.key	SECRET_OR_SENSITIVE
.tmp/p18-reboot-46105/migration/trust/pair-a3f04c004d8ef83e/source.crt	LOCAL_TEST_ONLY
.tmp/p18-reboot-46105/migration/trust/pair-a3f04c004d8ef83e/source.key	SECRET_OR_SENSITIVE
.tmp/p18-reboot-46105/ops/operations/boot-op-2c11e76b0caa6157/canonical.json	LOCAL_TEST_ONLY
.tmp/p18-reboot-46105/ops/operations/boot-op-2c11e76b0caa6157/events.jsonl	LOCAL_TEST_ONLY
.tmp/p18-reboot-46105/ops/operations/disc-op-5b69b7c7ebe409eb/canonical.json	LOCAL_TEST_ONLY
.tmp/p18-reboot-46105/ops/operations/disc-op-5b69b7c7ebe409eb/events.jsonl	LOCAL_TEST_ONLY
.tmp/p18-reboot-46105/ops/registry/history/disc-op-5b69b7c7ebe409eb.jsonl	LOCAL_TEST_ONLY
.tmp/p18-reboot-46105/ops/registry/index/boot-op-2c11e76b0caa6157.json	LOCAL_TEST_ONLY
.tmp/p18-reboot-46105/ops/registry/index/disc-op-5b69b7c7ebe409eb.json	LOCAL_TEST_ONLY
.tmp/p18-reboot-46305/device/device-private-key	LOCAL_TEST_ONLY
.tmp/p18-reboot-46305/device/device.json	LOCAL_TEST_ONLY
.tmp/p18-reboot-46305/dns_zone/owner_dns_marker.txt	LOCAL_TEST_ONLY
.tmp/p18-reboot-46305/ids.txt	LOCAL_TEST_ONLY
.tmp/p18-reboot-46305/migration/bootstraps/boot-0ea97631464afd84/object.json	LOCAL_TEST_ONLY
.tmp/p18-reboot-46305/migration/codes/d507e249d80d.json	LOCAL_TEST_ONLY
.tmp/p18-reboot-46305/migration/discoveries/disc-12f9b8d678828788/object.json	LOCAL_TEST_ONLY
.tmp/p18-reboot-46305/migration/discoveries/disc-12f9b8d678828788/production.json	LOCAL_TEST_ONLY
.tmp/p18-reboot-46305/migration/dns_challenges/dns-ch-0bc15c7f3bf23761/object.json	LOCAL_TEST_ONLY
.tmp/p18-reboot-46305/migration/domain_plans/dplan-36c1d750a67ffbcb/object.json	LOCAL_TEST_ONLY
.tmp/p18-reboot-46305/migration/ops/boot-op-d1d140d806daca2c/state.json	LOCAL_TEST_ONLY
.tmp/p18-reboot-46305/migration/ops/disc-op-9f3dd225483bf50b/state.json	LOCAL_TEST_ONLY
.tmp/p18-reboot-46305/migration/ops/dns-op-5a1d08b80aa0325d/state.json	LOCAL_TEST_ONLY
.tmp/p18-reboot-46305/migration/ops/dom-op-ba781077c358465d/state.json	LOCAL_TEST_ONLY
.tmp/p18-reboot-46305/migration/ops/pair-op-a7c8dc05e10d8cc3/state.json	LOCAL_TEST_ONLY
.tmp/p18-reboot-46305/migration/pairs/pair-92210a82123fbc1c/object.json	LOCAL_TEST_ONLY
.tmp/p18-reboot-46305/migration/productions/prod-rb/identity.json	LOCAL_TEST_ONLY
.tmp/p18-reboot-46305/migration/trust/pair-92210a82123fbc1c/ca.crt	LOCAL_TEST_ONLY
.tmp/p18-reboot-46305/migration/trust/pair-92210a82123fbc1c/ca.key	SECRET_OR_SENSITIVE
.tmp/p18-reboot-46305/migration/trust/pair-92210a82123fbc1c/ca.srl	LOCAL_TEST_ONLY
.tmp/p18-reboot-46305/migration/trust/pair-92210a82123fbc1c/destination.crt	LOCAL_TEST_ONLY
.tmp/p18-reboot-46305/migration/trust/pair-92210a82123fbc1c/destination.key	SECRET_OR_SENSITIVE
.tmp/p18-reboot-46305/migration/trust/pair-92210a82123fbc1c/source.crt	LOCAL_TEST_ONLY
.tmp/p18-reboot-46305/migration/trust/pair-92210a82123fbc1c/source.key	SECRET_OR_SENSITIVE
.tmp/p18-reboot-46305/ops/operations/boot-op-d1d140d806daca2c/canonical.json	LOCAL_TEST_ONLY
.tmp/p18-reboot-46305/ops/operations/boot-op-d1d140d806daca2c/events.jsonl	LOCAL_TEST_ONLY
.tmp/p18-reboot-46305/ops/operations/disc-op-9f3dd225483bf50b/canonical.json	LOCAL_TEST_ONLY
.tmp/p18-reboot-46305/ops/operations/disc-op-9f3dd225483bf50b/events.jsonl	LOCAL_TEST_ONLY
.tmp/p18-reboot-46305/ops/registry/history/disc-op-9f3dd225483bf50b.jsonl	LOCAL_TEST_ONLY
.tmp/p18-reboot-46305/ops/registry/index/boot-op-d1d140d806daca2c.json	LOCAL_TEST_ONLY
.tmp/p18-reboot-46305/ops/registry/index/disc-op-9f3dd225483bf50b.json	LOCAL_TEST_ONLY
.tmp/p18-reboot-49142/device/device-private-key	LOCAL_TEST_ONLY
.tmp/p18-reboot-49142/device/device.json	LOCAL_TEST_ONLY
.tmp/p18-reboot-49142/dns_zone/owner_dns_marker.txt	LOCAL_TEST_ONLY
.tmp/p18-reboot-49142/ids.txt	LOCAL_TEST_ONLY
.tmp/p18-reboot-49142/migration/bootstraps/boot-44395f7782b635de/object.json	LOCAL_TEST_ONLY
.tmp/p18-reboot-49142/migration/codes/a543334db11a.json	LOCAL_TEST_ONLY
.tmp/p18-reboot-49142/migration/discoveries/disc-501b594f648c40ec/object.json	LOCAL_TEST_ONLY
.tmp/p18-reboot-49142/migration/discoveries/disc-501b594f648c40ec/production.json	LOCAL_TEST_ONLY
.tmp/p18-reboot-49142/migration/dns_challenges/dns-ch-36900c454be76f90/object.json	LOCAL_TEST_ONLY
.tmp/p18-reboot-49142/migration/domain_plans/dplan-9a820735f3b1bc68/object.json	LOCAL_TEST_ONLY
.tmp/p18-reboot-49142/migration/ops/boot-op-91628f8c1464c3e3/state.json	LOCAL_TEST_ONLY
.tmp/p18-reboot-49142/migration/ops/disc-op-561a8236adfeb7fa/state.json	LOCAL_TEST_ONLY
.tmp/p18-reboot-49142/migration/ops/dns-op-6096a255c3297743/state.json	LOCAL_TEST_ONLY
.tmp/p18-reboot-49142/migration/ops/dom-op-7d55db9b0b64459a/state.json	LOCAL_TEST_ONLY
.tmp/p18-reboot-49142/migration/ops/pair-op-ed59c95dd235e645/state.json	LOCAL_TEST_ONLY
.tmp/p18-reboot-49142/migration/pairs/pair-c5dca60eb7e7e725/object.json	LOCAL_TEST_ONLY
.tmp/p18-reboot-49142/migration/productions/prod-rb/identity.json	LOCAL_TEST_ONLY
.tmp/p18-reboot-49142/migration/trust/pair-c5dca60eb7e7e725/ca.crt	LOCAL_TEST_ONLY
.tmp/p18-reboot-49142/migration/trust/pair-c5dca60eb7e7e725/ca.key	SECRET_OR_SENSITIVE
.tmp/p18-reboot-49142/migration/trust/pair-c5dca60eb7e7e725/ca.srl	LOCAL_TEST_ONLY
.tmp/p18-reboot-49142/migration/trust/pair-c5dca60eb7e7e725/destination.crt	LOCAL_TEST_ONLY
.tmp/p18-reboot-49142/migration/trust/pair-c5dca60eb7e7e725/destination.key	SECRET_OR_SENSITIVE
.tmp/p18-reboot-49142/migration/trust/pair-c5dca60eb7e7e725/source.crt	LOCAL_TEST_ONLY
.tmp/p18-reboot-49142/migration/trust/pair-c5dca60eb7e7e725/source.key	SECRET_OR_SENSITIVE
.tmp/p18-reboot-49142/ops/operations/boot-op-91628f8c1464c3e3/canonical.json	LOCAL_TEST_ONLY
.tmp/p18-reboot-49142/ops/operations/boot-op-91628f8c1464c3e3/events.jsonl	LOCAL_TEST_ONLY
.tmp/p18-reboot-49142/ops/operations/disc-op-561a8236adfeb7fa/canonical.json	LOCAL_TEST_ONLY
.tmp/p18-reboot-49142/ops/operations/disc-op-561a8236adfeb7fa/events.jsonl	LOCAL_TEST_ONLY
.tmp/p18-reboot-49142/ops/registry/history/disc-op-561a8236adfeb7fa.jsonl	LOCAL_TEST_ONLY
.tmp/p18-reboot-49142/ops/registry/index/boot-op-91628f8c1464c3e3.json	LOCAL_TEST_ONLY
.tmp/p18-reboot-49142/ops/registry/index/disc-op-561a8236adfeb7fa.json	LOCAL_TEST_ONLY
.tmp/p18-reboot-53865/device/device-private-key	LOCAL_TEST_ONLY
.tmp/p18-reboot-53865/device/device.json	LOCAL_TEST_ONLY
.tmp/p18-reboot-53865/dns_zone/owner_dns_marker.txt	LOCAL_TEST_ONLY
.tmp/p18-reboot-53865/ids.txt	LOCAL_TEST_ONLY
.tmp/p18-reboot-53865/migration/bootstraps/boot-96e9c8eec2ac380e/object.json	LOCAL_TEST_ONLY
.tmp/p18-reboot-53865/migration/codes/47ed4b6ba137.json	LOCAL_TEST_ONLY
.tmp/p18-reboot-53865/migration/discoveries/disc-e10c128ab302c3f9/object.json	LOCAL_TEST_ONLY
.tmp/p18-reboot-53865/migration/discoveries/disc-e10c128ab302c3f9/production.json	LOCAL_TEST_ONLY
.tmp/p18-reboot-53865/migration/dns_challenges/dns-ch-b6795f9405ecd5a2/object.json	LOCAL_TEST_ONLY
.tmp/p18-reboot-53865/migration/domain_plans/dplan-97bf9e6dee2f6689/object.json	LOCAL_TEST_ONLY
.tmp/p18-reboot-53865/migration/ops/boot-op-4ccdb56c1dc7a86f/state.json	LOCAL_TEST_ONLY
.tmp/p18-reboot-53865/migration/ops/disc-op-4009b0b974acf3f3/state.json	LOCAL_TEST_ONLY
.tmp/p18-reboot-53865/migration/ops/dns-op-7f4a0514343192c5/state.json	LOCAL_TEST_ONLY
.tmp/p18-reboot-53865/migration/ops/dom-op-fb55f14f2f8b47f0/state.json	LOCAL_TEST_ONLY
.tmp/p18-reboot-53865/migration/ops/pair-op-65317258366a61e6/state.json	LOCAL_TEST_ONLY
.tmp/p18-reboot-53865/migration/pairs/pair-814266b167b05a08/object.json	LOCAL_TEST_ONLY
.tmp/p18-reboot-53865/migration/productions/prod-rb/identity.json	LOCAL_TEST_ONLY
.tmp/p18-reboot-53865/migration/trust/pair-814266b167b05a08/ca.crt	LOCAL_TEST_ONLY
.tmp/p18-reboot-53865/migration/trust/pair-814266b167b05a08/ca.key	SECRET_OR_SENSITIVE
.tmp/p18-reboot-53865/migration/trust/pair-814266b167b05a08/ca.srl	LOCAL_TEST_ONLY
.tmp/p18-reboot-53865/migration/trust/pair-814266b167b05a08/destination.crt	LOCAL_TEST_ONLY
.tmp/p18-reboot-53865/migration/trust/pair-814266b167b05a08/destination.key	SECRET_OR_SENSITIVE
.tmp/p18-reboot-53865/migration/trust/pair-814266b167b05a08/source.crt	LOCAL_TEST_ONLY
.tmp/p18-reboot-53865/migration/trust/pair-814266b167b05a08/source.key	SECRET_OR_SENSITIVE
.tmp/p18-reboot-53865/ops/operations/boot-op-4ccdb56c1dc7a86f/canonical.json	LOCAL_TEST_ONLY
.tmp/p18-reboot-53865/ops/operations/boot-op-4ccdb56c1dc7a86f/events.jsonl	LOCAL_TEST_ONLY
.tmp/p18-reboot-53865/ops/operations/disc-op-4009b0b974acf3f3/canonical.json	LOCAL_TEST_ONLY
.tmp/p18-reboot-53865/ops/operations/disc-op-4009b0b974acf3f3/events.jsonl	LOCAL_TEST_ONLY
.tmp/p18-reboot-53865/ops/registry/history/disc-op-4009b0b974acf3f3.jsonl	LOCAL_TEST_ONLY
.tmp/p18-reboot-53865/ops/registry/index/boot-op-4ccdb56c1dc7a86f.json	LOCAL_TEST_ONLY
.tmp/p18-reboot-53865/ops/registry/index/disc-op-4009b0b974acf3f3.json	LOCAL_TEST_ONLY
.tmp/p18-reboot-54525/device/device-private-key	LOCAL_TEST_ONLY
.tmp/p18-reboot-54525/device/device.json	LOCAL_TEST_ONLY
.tmp/p18-reboot-54525/dns_zone/owner_dns_marker.txt	LOCAL_TEST_ONLY
.tmp/p18-reboot-54525/ids.txt	LOCAL_TEST_ONLY
.tmp/p18-reboot-54525/migration/bootstraps/boot-9ed59537a2440e64/object.json	LOCAL_TEST_ONLY
.tmp/p18-reboot-54525/migration/codes/55fe199df865.json	LOCAL_TEST_ONLY
.tmp/p18-reboot-54525/migration/discoveries/disc-fd24f453ea19acdf/object.json	LOCAL_TEST_ONLY
.tmp/p18-reboot-54525/migration/discoveries/disc-fd24f453ea19acdf/production.json	LOCAL_TEST_ONLY
.tmp/p18-reboot-54525/migration/dns_challenges/dns-ch-81a752ef59cdbb87/object.json	LOCAL_TEST_ONLY
.tmp/p18-reboot-54525/migration/domain_plans/dplan-9deed986d8c28ddf/object.json	LOCAL_TEST_ONLY
.tmp/p18-reboot-54525/migration/ops/boot-op-3ac4c5e1f7a481a7/state.json	LOCAL_TEST_ONLY
.tmp/p18-reboot-54525/migration/ops/disc-op-471c1cc27320c04c/state.json	LOCAL_TEST_ONLY
.tmp/p18-reboot-54525/migration/ops/dns-op-fea1c2a67f4d186a/state.json	LOCAL_TEST_ONLY
.tmp/p18-reboot-54525/migration/ops/dom-op-6f92d02652fc7608/state.json	LOCAL_TEST_ONLY
.tmp/p18-reboot-54525/migration/ops/pair-op-fc12b69919722f68/state.json	LOCAL_TEST_ONLY
.tmp/p18-reboot-54525/migration/pairs/pair-61d806ddd9fe9362/object.json	LOCAL_TEST_ONLY
.tmp/p18-reboot-54525/migration/productions/prod-rb/identity.json	LOCAL_TEST_ONLY
.tmp/p18-reboot-54525/migration/trust/pair-61d806ddd9fe9362/ca.crt	LOCAL_TEST_ONLY
.tmp/p18-reboot-54525/migration/trust/pair-61d806ddd9fe9362/ca.key	SECRET_OR_SENSITIVE
.tmp/p18-reboot-54525/migration/trust/pair-61d806ddd9fe9362/ca.srl	LOCAL_TEST_ONLY
.tmp/p18-reboot-54525/migration/trust/pair-61d806ddd9fe9362/destination.crt	LOCAL_TEST_ONLY
.tmp/p18-reboot-54525/migration/trust/pair-61d806ddd9fe9362/destination.key	SECRET_OR_SENSITIVE
.tmp/p18-reboot-54525/migration/trust/pair-61d806ddd9fe9362/source.crt	LOCAL_TEST_ONLY
.tmp/p18-reboot-54525/migration/trust/pair-61d806ddd9fe9362/source.key	SECRET_OR_SENSITIVE
.tmp/p18-reboot-54525/ops/operations/boot-op-3ac4c5e1f7a481a7/canonical.json	LOCAL_TEST_ONLY
.tmp/p18-reboot-54525/ops/operations/boot-op-3ac4c5e1f7a481a7/events.jsonl	LOCAL_TEST_ONLY
.tmp/p18-reboot-54525/ops/operations/disc-op-471c1cc27320c04c/canonical.json	LOCAL_TEST_ONLY
.tmp/p18-reboot-54525/ops/operations/disc-op-471c1cc27320c04c/events.jsonl	LOCAL_TEST_ONLY
.tmp/p18-reboot-54525/ops/registry/history/disc-op-471c1cc27320c04c.jsonl	LOCAL_TEST_ONLY
.tmp/p18-reboot-54525/ops/registry/index/boot-op-3ac4c5e1f7a481a7.json	LOCAL_TEST_ONLY
.tmp/p18-reboot-54525/ops/registry/index/disc-op-471c1cc27320c04c.json	LOCAL_TEST_ONLY
.tmp/p18-reboot-63506/device/device-private-key	LOCAL_TEST_ONLY
.tmp/p18-reboot-63506/device/device.json	LOCAL_TEST_ONLY
.tmp/p18-reboot-63506/dns_zone/owner_dns_marker.txt	LOCAL_TEST_ONLY
.tmp/p18-reboot-63506/migration/bootstraps/boot-29c3873cf8d65fa2/object.json	LOCAL_TEST_ONLY
.tmp/p18-reboot-63506/migration/codes/fca33e46d1a0.json	LOCAL_TEST_ONLY
.tmp/p18-reboot-63506/migration/discoveries/disc-3900091d6d189c1c/object.json	LOCAL_TEST_ONLY
.tmp/p18-reboot-63506/migration/discoveries/disc-3900091d6d189c1c/production.json	LOCAL_TEST_ONLY
.tmp/p18-reboot-63506/migration/domain_plans/dplan-13f36441905d7e86/object.json	LOCAL_TEST_ONLY
.tmp/p18-reboot-63506/migration/ops/boot-op-453b617e887049fb/state.json	LOCAL_TEST_ONLY
.tmp/p18-reboot-63506/migration/ops/disc-op-a465dca73503276e/state.json	LOCAL_TEST_ONLY
.tmp/p18-reboot-63506/migration/ops/dom-op-21c63cd79f362fe8/state.json	LOCAL_TEST_ONLY
.tmp/p18-reboot-63506/migration/ops/pair-op-858ff4221dc95f14/state.json	LOCAL_TEST_ONLY
.tmp/p18-reboot-63506/migration/pairs/pair-3aa58fbabc0fc599/object.json	LOCAL_TEST_ONLY
.tmp/p18-reboot-63506/migration/productions/prod-rb/identity.json	LOCAL_TEST_ONLY
.tmp/p18-reboot-63506/migration/trust/pair-3aa58fbabc0fc599/ca.crt	LOCAL_TEST_ONLY
.tmp/p18-reboot-63506/migration/trust/pair-3aa58fbabc0fc599/ca.key	SECRET_OR_SENSITIVE
.tmp/p18-reboot-63506/migration/trust/pair-3aa58fbabc0fc599/ca.srl	LOCAL_TEST_ONLY
.tmp/p18-reboot-63506/migration/trust/pair-3aa58fbabc0fc599/destination.crt	LOCAL_TEST_ONLY
.tmp/p18-reboot-63506/migration/trust/pair-3aa58fbabc0fc599/destination.key	SECRET_OR_SENSITIVE
.tmp/p18-reboot-63506/migration/trust/pair-3aa58fbabc0fc599/source.crt	LOCAL_TEST_ONLY
.tmp/p18-reboot-63506/migration/trust/pair-3aa58fbabc0fc599/source.key	SECRET_OR_SENSITIVE
.tmp/p18-reboot-63506/ops/operations/boot-op-453b617e887049fb/canonical.json	LOCAL_TEST_ONLY
.tmp/p18-reboot-63506/ops/operations/boot-op-453b617e887049fb/events.jsonl	LOCAL_TEST_ONLY
.tmp/p18-reboot-63506/ops/operations/disc-op-a465dca73503276e/canonical.json	LOCAL_TEST_ONLY
.tmp/p18-reboot-63506/ops/operations/disc-op-a465dca73503276e/events.jsonl	LOCAL_TEST_ONLY
.tmp/p18-reboot-63506/ops/registry/history/disc-op-a465dca73503276e.jsonl	LOCAL_TEST_ONLY
.tmp/p18-reboot-63506/ops/registry/index/boot-op-453b617e887049fb.json	LOCAL_TEST_ONLY
.tmp/p18-reboot-63506/ops/registry/index/disc-op-a465dca73503276e.json	LOCAL_TEST_ONLY
.tmp/p18-reboot-64258/device/device-private-key	LOCAL_TEST_ONLY
.tmp/p18-reboot-64258/device/device.json	LOCAL_TEST_ONLY
.tmp/p18-reboot-64258/dns_zone/owner_dns_marker.txt	LOCAL_TEST_ONLY
.tmp/p18-reboot-64258/ids.txt	LOCAL_TEST_ONLY
.tmp/p18-reboot-64258/migration/bootstraps/boot-fee2abbc73e9a917/object.json	LOCAL_TEST_ONLY
.tmp/p18-reboot-64258/migration/codes/dd166aa92649.json	LOCAL_TEST_ONLY
.tmp/p18-reboot-64258/migration/discoveries/disc-31b8dc88fb672606/object.json	LOCAL_TEST_ONLY
.tmp/p18-reboot-64258/migration/discoveries/disc-31b8dc88fb672606/production.json	LOCAL_TEST_ONLY
.tmp/p18-reboot-64258/migration/dns_challenges/dns-ch-e8714eae3e8a8c57/object.json	LOCAL_TEST_ONLY
.tmp/p18-reboot-64258/migration/domain_plans/dplan-ada67c5ff6fc0fdd/object.json	LOCAL_TEST_ONLY
.tmp/p18-reboot-64258/migration/ops/boot-op-b33e0cc2a9a69710/state.json	LOCAL_TEST_ONLY
.tmp/p18-reboot-64258/migration/ops/disc-op-0c579edf26ae1846/state.json	LOCAL_TEST_ONLY
.tmp/p18-reboot-64258/migration/ops/dns-op-c7807a92973ef863/state.json	LOCAL_TEST_ONLY
.tmp/p18-reboot-64258/migration/ops/dom-op-db522e97843b5c89/state.json	LOCAL_TEST_ONLY
.tmp/p18-reboot-64258/migration/ops/pair-op-b3ec3116060aaa88/state.json	LOCAL_TEST_ONLY
.tmp/p18-reboot-64258/migration/pairs/pair-13d249124663d4cd/object.json	LOCAL_TEST_ONLY
.tmp/p18-reboot-64258/migration/productions/prod-rb/identity.json	LOCAL_TEST_ONLY
.tmp/p18-reboot-64258/migration/trust/pair-13d249124663d4cd/ca.crt	LOCAL_TEST_ONLY
.tmp/p18-reboot-64258/migration/trust/pair-13d249124663d4cd/ca.key	SECRET_OR_SENSITIVE
.tmp/p18-reboot-64258/migration/trust/pair-13d249124663d4cd/ca.srl	LOCAL_TEST_ONLY
.tmp/p18-reboot-64258/migration/trust/pair-13d249124663d4cd/destination.crt	LOCAL_TEST_ONLY
.tmp/p18-reboot-64258/migration/trust/pair-13d249124663d4cd/destination.key	SECRET_OR_SENSITIVE
.tmp/p18-reboot-64258/migration/trust/pair-13d249124663d4cd/source.crt	LOCAL_TEST_ONLY
.tmp/p18-reboot-64258/migration/trust/pair-13d249124663d4cd/source.key	SECRET_OR_SENSITIVE
.tmp/p18-reboot-64258/ops/operations/boot-op-b33e0cc2a9a69710/canonical.json	LOCAL_TEST_ONLY
.tmp/p18-reboot-64258/ops/operations/boot-op-b33e0cc2a9a69710/events.jsonl	LOCAL_TEST_ONLY
.tmp/p18-reboot-64258/ops/operations/disc-op-0c579edf26ae1846/canonical.json	LOCAL_TEST_ONLY
.tmp/p18-reboot-64258/ops/operations/disc-op-0c579edf26ae1846/events.jsonl	LOCAL_TEST_ONLY
.tmp/p18-reboot-64258/ops/registry/history/disc-op-0c579edf26ae1846.jsonl	LOCAL_TEST_ONLY
.tmp/p18-reboot-64258/ops/registry/index/boot-op-b33e0cc2a9a69710.json	LOCAL_TEST_ONLY
.tmp/p18-reboot-64258/ops/registry/index/disc-op-0c579edf26ae1846.json	LOCAL_TEST_ONLY
.tmp/p18-reboot-68060/device/device-private-key	LOCAL_TEST_ONLY
.tmp/p18-reboot-68060/device/device.json	LOCAL_TEST_ONLY
.tmp/p18-reboot-68060/dns_zone/owner_dns_marker.txt	LOCAL_TEST_ONLY
.tmp/p18-reboot-68060/ids.txt	LOCAL_TEST_ONLY
.tmp/p18-reboot-68060/migration/bootstraps/boot-fc45bbb75a34d4dc/object.json	LOCAL_TEST_ONLY
.tmp/p18-reboot-68060/migration/codes/fad81a44a06b.json	LOCAL_TEST_ONLY
.tmp/p18-reboot-68060/migration/discoveries/disc-87194d3c9351baf1/object.json	LOCAL_TEST_ONLY
.tmp/p18-reboot-68060/migration/discoveries/disc-87194d3c9351baf1/production.json	LOCAL_TEST_ONLY
.tmp/p18-reboot-68060/migration/dns_challenges/dns-ch-599bebd36a53e009/object.json	LOCAL_TEST_ONLY
.tmp/p18-reboot-68060/migration/domain_plans/dplan-0660e3fe53f643a3/object.json	LOCAL_TEST_ONLY
.tmp/p18-reboot-68060/migration/ops/boot-op-9c51530066cc5733/state.json	LOCAL_TEST_ONLY
.tmp/p18-reboot-68060/migration/ops/disc-op-873b0baf2aa143e7/state.json	LOCAL_TEST_ONLY
.tmp/p18-reboot-68060/migration/ops/dns-op-788b6d3e380a5482/state.json	LOCAL_TEST_ONLY
.tmp/p18-reboot-68060/migration/ops/dom-op-aafd5fc050b6c175/state.json	LOCAL_TEST_ONLY
.tmp/p18-reboot-68060/migration/ops/pair-op-431a9434af7210e4/state.json	LOCAL_TEST_ONLY
.tmp/p18-reboot-68060/migration/pairs/pair-1fd4a4258b6688e9/object.json	LOCAL_TEST_ONLY
.tmp/p18-reboot-68060/migration/productions/prod-rb/identity.json	LOCAL_TEST_ONLY
.tmp/p18-reboot-68060/migration/trust/pair-1fd4a4258b6688e9/ca.crt	LOCAL_TEST_ONLY
.tmp/p18-reboot-68060/migration/trust/pair-1fd4a4258b6688e9/ca.key	SECRET_OR_SENSITIVE
.tmp/p18-reboot-68060/migration/trust/pair-1fd4a4258b6688e9/ca.srl	LOCAL_TEST_ONLY
.tmp/p18-reboot-68060/migration/trust/pair-1fd4a4258b6688e9/destination.crt	LOCAL_TEST_ONLY
.tmp/p18-reboot-68060/migration/trust/pair-1fd4a4258b6688e9/destination.key	SECRET_OR_SENSITIVE
.tmp/p18-reboot-68060/migration/trust/pair-1fd4a4258b6688e9/source.crt	LOCAL_TEST_ONLY
.tmp/p18-reboot-68060/migration/trust/pair-1fd4a4258b6688e9/source.key	SECRET_OR_SENSITIVE
.tmp/p18-reboot-68060/ops/operations/boot-op-9c51530066cc5733/canonical.json	LOCAL_TEST_ONLY
.tmp/p18-reboot-68060/ops/operations/boot-op-9c51530066cc5733/events.jsonl	LOCAL_TEST_ONLY
.tmp/p18-reboot-68060/ops/operations/disc-op-873b0baf2aa143e7/canonical.json	LOCAL_TEST_ONLY
.tmp/p18-reboot-68060/ops/operations/disc-op-873b0baf2aa143e7/events.jsonl	LOCAL_TEST_ONLY
.tmp/p18-reboot-68060/ops/registry/history/disc-op-873b0baf2aa143e7.jsonl	LOCAL_TEST_ONLY
.tmp/p18-reboot-68060/ops/registry/index/boot-op-9c51530066cc5733.json	LOCAL_TEST_ONLY
.tmp/p18-reboot-68060/ops/registry/index/disc-op-873b0baf2aa143e7.json	LOCAL_TEST_ONLY
.tmp/p18-reboot-69908/device/device-private-key	LOCAL_TEST_ONLY
.tmp/p18-reboot-69908/device/device.json	LOCAL_TEST_ONLY
.tmp/p18-reboot-69908/dns_zone/owner_dns_marker.txt	LOCAL_TEST_ONLY
.tmp/p18-reboot-69908/ids.txt	LOCAL_TEST_ONLY
.tmp/p18-reboot-69908/migration/bootstraps/boot-83e4e1cd983d2307/object.json	LOCAL_TEST_ONLY
.tmp/p18-reboot-69908/migration/codes/ca0bcc0b0185.json	LOCAL_TEST_ONLY
.tmp/p18-reboot-69908/migration/discoveries/disc-328c4a25f28a4bdd/object.json	LOCAL_TEST_ONLY
.tmp/p18-reboot-69908/migration/discoveries/disc-328c4a25f28a4bdd/production.json	LOCAL_TEST_ONLY
.tmp/p18-reboot-69908/migration/dns_challenges/dns-ch-eede19349badfc38/object.json	LOCAL_TEST_ONLY
.tmp/p18-reboot-69908/migration/domain_plans/dplan-cc7d13d14f2f50bd/object.json	LOCAL_TEST_ONLY
.tmp/p18-reboot-69908/migration/ops/boot-op-d7708ae646e108d0/state.json	LOCAL_TEST_ONLY
.tmp/p18-reboot-69908/migration/ops/disc-op-f5579c9779684d45/state.json	LOCAL_TEST_ONLY
.tmp/p18-reboot-69908/migration/ops/dns-op-f17e7fd03eaff91c/state.json	LOCAL_TEST_ONLY
.tmp/p18-reboot-69908/migration/ops/dom-op-89af7071521af8ed/state.json	LOCAL_TEST_ONLY
.tmp/p18-reboot-69908/migration/ops/pair-op-a576dbdee93936d1/state.json	LOCAL_TEST_ONLY
.tmp/p18-reboot-69908/migration/pairs/pair-3679ab89924117d0/object.json	LOCAL_TEST_ONLY
.tmp/p18-reboot-69908/migration/productions/prod-rb/identity.json	LOCAL_TEST_ONLY
.tmp/p18-reboot-69908/migration/trust/pair-3679ab89924117d0/ca.crt	LOCAL_TEST_ONLY
.tmp/p18-reboot-69908/migration/trust/pair-3679ab89924117d0/ca.key	SECRET_OR_SENSITIVE
.tmp/p18-reboot-69908/migration/trust/pair-3679ab89924117d0/ca.srl	LOCAL_TEST_ONLY
.tmp/p18-reboot-69908/migration/trust/pair-3679ab89924117d0/destination.crt	LOCAL_TEST_ONLY
.tmp/p18-reboot-69908/migration/trust/pair-3679ab89924117d0/destination.key	SECRET_OR_SENSITIVE
.tmp/p18-reboot-69908/migration/trust/pair-3679ab89924117d0/source.crt	LOCAL_TEST_ONLY
.tmp/p18-reboot-69908/migration/trust/pair-3679ab89924117d0/source.key	SECRET_OR_SENSITIVE
.tmp/p18-reboot-69908/ops/operations/boot-op-d7708ae646e108d0/canonical.json	LOCAL_TEST_ONLY
.tmp/p18-reboot-69908/ops/operations/boot-op-d7708ae646e108d0/events.jsonl	LOCAL_TEST_ONLY
.tmp/p18-reboot-69908/ops/operations/disc-op-f5579c9779684d45/canonical.json	LOCAL_TEST_ONLY
.tmp/p18-reboot-69908/ops/operations/disc-op-f5579c9779684d45/events.jsonl	LOCAL_TEST_ONLY
.tmp/p18-reboot-69908/ops/registry/history/disc-op-f5579c9779684d45.jsonl	LOCAL_TEST_ONLY
.tmp/p18-reboot-69908/ops/registry/index/boot-op-d7708ae646e108d0.json	LOCAL_TEST_ONLY
.tmp/p18-reboot-69908/ops/registry/index/disc-op-f5579c9779684d45.json	LOCAL_TEST_ONLY
.tmp/p18-reboot-70519/device/device-private-key	LOCAL_TEST_ONLY
.tmp/p18-reboot-70519/device/device.json	LOCAL_TEST_ONLY
.tmp/p18-reboot-70519/dns_zone/owner_dns_marker.txt	LOCAL_TEST_ONLY
.tmp/p18-reboot-70519/ids.txt	LOCAL_TEST_ONLY
.tmp/p18-reboot-70519/migration/bootstraps/boot-4bf53b1a36cb16f7/object.json	LOCAL_TEST_ONLY
.tmp/p18-reboot-70519/migration/codes/ee865195d144.json	LOCAL_TEST_ONLY
.tmp/p18-reboot-70519/migration/discoveries/disc-3708b6fed737d6ed/object.json	LOCAL_TEST_ONLY
.tmp/p18-reboot-70519/migration/discoveries/disc-3708b6fed737d6ed/production.json	LOCAL_TEST_ONLY
.tmp/p18-reboot-70519/migration/dns_challenges/dns-ch-f9e827429c7ccc8d/object.json	LOCAL_TEST_ONLY
.tmp/p18-reboot-70519/migration/domain_plans/dplan-edc3d16edeb74353/object.json	LOCAL_TEST_ONLY
.tmp/p18-reboot-70519/migration/ops/boot-op-ee5e23e29d08a803/state.json	LOCAL_TEST_ONLY
.tmp/p18-reboot-70519/migration/ops/disc-op-4b5d20455038a4d3/state.json	LOCAL_TEST_ONLY
.tmp/p18-reboot-70519/migration/ops/dns-op-da227191ab6c9826/state.json	LOCAL_TEST_ONLY
.tmp/p18-reboot-70519/migration/ops/dom-op-ef8cd23c09966857/state.json	LOCAL_TEST_ONLY
.tmp/p18-reboot-70519/migration/ops/pair-op-ae82adc385730e16/state.json	LOCAL_TEST_ONLY
.tmp/p18-reboot-70519/migration/pairs/pair-2b8d410b3bb78df9/object.json	LOCAL_TEST_ONLY
.tmp/p18-reboot-70519/migration/productions/prod-rb/identity.json	LOCAL_TEST_ONLY
.tmp/p18-reboot-70519/migration/trust/pair-2b8d410b3bb78df9/ca.crt	LOCAL_TEST_ONLY
.tmp/p18-reboot-70519/migration/trust/pair-2b8d410b3bb78df9/ca.key	SECRET_OR_SENSITIVE
.tmp/p18-reboot-70519/migration/trust/pair-2b8d410b3bb78df9/ca.srl	LOCAL_TEST_ONLY
.tmp/p18-reboot-70519/migration/trust/pair-2b8d410b3bb78df9/destination.crt	LOCAL_TEST_ONLY
.tmp/p18-reboot-70519/migration/trust/pair-2b8d410b3bb78df9/destination.key	SECRET_OR_SENSITIVE
.tmp/p18-reboot-70519/migration/trust/pair-2b8d410b3bb78df9/source.crt	LOCAL_TEST_ONLY
.tmp/p18-reboot-70519/migration/trust/pair-2b8d410b3bb78df9/source.key	SECRET_OR_SENSITIVE
.tmp/p18-reboot-70519/ops/operations/boot-op-ee5e23e29d08a803/canonical.json	LOCAL_TEST_ONLY
.tmp/p18-reboot-70519/ops/operations/boot-op-ee5e23e29d08a803/events.jsonl	LOCAL_TEST_ONLY
.tmp/p18-reboot-70519/ops/operations/disc-op-4b5d20455038a4d3/canonical.json	LOCAL_TEST_ONLY
.tmp/p18-reboot-70519/ops/operations/disc-op-4b5d20455038a4d3/events.jsonl	LOCAL_TEST_ONLY
.tmp/p18-reboot-70519/ops/registry/history/disc-op-4b5d20455038a4d3.jsonl	LOCAL_TEST_ONLY
.tmp/p18-reboot-70519/ops/registry/index/boot-op-ee5e23e29d08a803.json	LOCAL_TEST_ONLY
.tmp/p18-reboot-70519/ops/registry/index/disc-op-4b5d20455038a4d3.json	LOCAL_TEST_ONLY
.tmp/p18-reboot-72885/device/device-private-key	LOCAL_TEST_ONLY
.tmp/p18-reboot-72885/device/device.json	LOCAL_TEST_ONLY
.tmp/p18-reboot-72885/dns_zone/owner_dns_marker.txt	LOCAL_TEST_ONLY
.tmp/p18-reboot-72885/ids.txt	LOCAL_TEST_ONLY
.tmp/p18-reboot-72885/migration/bootstraps/boot-12d860ae648d6073/object.json	LOCAL_TEST_ONLY
.tmp/p18-reboot-72885/migration/codes/a7f6fe6cfa76.json	LOCAL_TEST_ONLY
.tmp/p18-reboot-72885/migration/discoveries/disc-b9fd1b6980db1f27/object.json	LOCAL_TEST_ONLY
.tmp/p18-reboot-72885/migration/discoveries/disc-b9fd1b6980db1f27/production.json	LOCAL_TEST_ONLY
.tmp/p18-reboot-72885/migration/dns_challenges/dns-ch-c87cd03d4cc27476/object.json	LOCAL_TEST_ONLY
.tmp/p18-reboot-72885/migration/domain_plans/dplan-77ed48f19a67cf09/object.json	LOCAL_TEST_ONLY
.tmp/p18-reboot-72885/migration/ops/boot-op-7a055a397459c0f3/state.json	LOCAL_TEST_ONLY
.tmp/p18-reboot-72885/migration/ops/disc-op-043df76bddea235e/state.json	LOCAL_TEST_ONLY
.tmp/p18-reboot-72885/migration/ops/dns-op-16614ca646370187/state.json	LOCAL_TEST_ONLY
.tmp/p18-reboot-72885/migration/ops/dom-op-aa655769be7bd522/state.json	LOCAL_TEST_ONLY
.tmp/p18-reboot-72885/migration/ops/pair-op-6ed4ed9baa0b8ba6/state.json	LOCAL_TEST_ONLY
.tmp/p18-reboot-72885/migration/pairs/pair-f7b3cc223bd1b67d/object.json	LOCAL_TEST_ONLY
.tmp/p18-reboot-72885/migration/productions/prod-rb/identity.json	LOCAL_TEST_ONLY
.tmp/p18-reboot-72885/migration/trust/pair-f7b3cc223bd1b67d/ca.crt	LOCAL_TEST_ONLY
.tmp/p18-reboot-72885/migration/trust/pair-f7b3cc223bd1b67d/ca.key	SECRET_OR_SENSITIVE
.tmp/p18-reboot-72885/migration/trust/pair-f7b3cc223bd1b67d/ca.srl	LOCAL_TEST_ONLY
.tmp/p18-reboot-72885/migration/trust/pair-f7b3cc223bd1b67d/destination.crt	LOCAL_TEST_ONLY
.tmp/p18-reboot-72885/migration/trust/pair-f7b3cc223bd1b67d/destination.key	SECRET_OR_SENSITIVE
.tmp/p18-reboot-72885/migration/trust/pair-f7b3cc223bd1b67d/source.crt	LOCAL_TEST_ONLY
.tmp/p18-reboot-72885/migration/trust/pair-f7b3cc223bd1b67d/source.key	SECRET_OR_SENSITIVE
.tmp/p18-reboot-72885/ops/operations/boot-op-7a055a397459c0f3/canonical.json	LOCAL_TEST_ONLY
.tmp/p18-reboot-72885/ops/operations/boot-op-7a055a397459c0f3/events.jsonl	LOCAL_TEST_ONLY
.tmp/p18-reboot-72885/ops/operations/disc-op-043df76bddea235e/canonical.json	LOCAL_TEST_ONLY
.tmp/p18-reboot-72885/ops/operations/disc-op-043df76bddea235e/events.jsonl	LOCAL_TEST_ONLY
.tmp/p18-reboot-72885/ops/registry/history/disc-op-043df76bddea235e.jsonl	LOCAL_TEST_ONLY
.tmp/p18-reboot-72885/ops/registry/index/boot-op-7a055a397459c0f3.json	LOCAL_TEST_ONLY
.tmp/p18-reboot-72885/ops/registry/index/disc-op-043df76bddea235e.json	LOCAL_TEST_ONLY
.tmp/p18-reboot-74280/device/device-private-key	LOCAL_TEST_ONLY
.tmp/p18-reboot-74280/device/device.json	LOCAL_TEST_ONLY
.tmp/p18-reboot-74280/dns_zone/owner_dns_marker.txt	LOCAL_TEST_ONLY
.tmp/p18-reboot-74280/ids.txt	LOCAL_TEST_ONLY
.tmp/p18-reboot-74280/migration/bootstraps/boot-f7c57b2988533a28/object.json	LOCAL_TEST_ONLY
.tmp/p18-reboot-74280/migration/codes/033e0ea7ae2f.json	LOCAL_TEST_ONLY
.tmp/p18-reboot-74280/migration/discoveries/disc-1e8758f8d2d64c0a/object.json	LOCAL_TEST_ONLY
.tmp/p18-reboot-74280/migration/discoveries/disc-1e8758f8d2d64c0a/production.json	LOCAL_TEST_ONLY
.tmp/p18-reboot-74280/migration/dns_challenges/dns-ch-fd2984ff0b0d0bd2/object.json	LOCAL_TEST_ONLY
.tmp/p18-reboot-74280/migration/domain_plans/dplan-fd35ca67f782994d/object.json	LOCAL_TEST_ONLY
# total_excluded=9330
