path	classification	feature
.gitleaks.toml	PUBLISH_REQUIRED	repo-meta
PRODUCT_CONSTITUTION.md	PUBLISH_REQUIRED	repo-meta
PROJECT_STATE.md	PUBLISH_REQUIRED	repo-meta
README.md	PUBLISH_REQUIRED	repo-meta
VERSION	PUBLISH_REQUIRED	repo-meta
build/assemble.sh	PUBLISH_REQUIRED	platform-runtime
dist/soviez.sh	GENERATED_ARTIFACT	installer-artifact
dist/soviez.sh.sha256	GENERATED_ARTIFACT	installer-artifact-hash
docs/DOCUMENTATION_CONFLICT_REPORT.md	CANONICAL_DOCUMENTATION	canonical-docs
docs/DOCUMENTATION_COVERAGE_MATRIX.md	CANONICAL_DOCUMENTATION	canonical-docs
docs/DOCUMENTATION_INVENTORY.md	CANONICAL_DOCUMENTATION	canonical-docs
docs/README.md	CANONICAL_DOCUMENTATION	canonical-docs
docs/ai/AI_WORKFLOW.md	CANONICAL_DOCUMENTATION	canonical-docs
docs/ai/ANNUAL_SUPPORT_MULTI_YEAR_MODEL.md	CANONICAL_DOCUMENTATION	canonical-docs
docs/ai/ARCHITECTURE_MAP.md	CANONICAL_DOCUMENTATION	canonical-docs
docs/ai/CAPABILITY_AND_ENTITLEMENT_MODEL.md	CANONICAL_DOCUMENTATION	canonical-docs
docs/ai/CERTIFIED_ARTIFACT.md	CANONICAL_DOCUMENTATION	canonical-docs
docs/ai/CHANGE_PROTOCOL.md	CANONICAL_DOCUMENTATION	canonical-docs
docs/ai/CODE_GROUNDED_IMPLEMENTATION_DISCOVERY.md	CANONICAL_DOCUMENTATION	canonical-docs
docs/ai/COMMERCIAL_ENTITLEMENT_MODEL.md	CANONICAL_DOCUMENTATION	canonical-docs
docs/ai/COMPONENT_OWNERSHIP.md	CANONICAL_DOCUMENTATION	canonical-docs
docs/ai/CONTEXT_HANDOFF.md	CANONICAL_DOCUMENTATION	canonical-docs
docs/ai/CURRENT_STATE.md	CANONICAL_DOCUMENTATION	canonical-docs
docs/ai/DATA_EGRESS_CONTRACT.md	CANONICAL_DOCUMENTATION	canonical-docs
docs/ai/DECISION_LOG.md	CANONICAL_DOCUMENTATION	canonical-docs
docs/ai/DEVICE_AUTHORIZATION_MODEL.md	CANONICAL_DOCUMENTATION	canonical-docs
docs/ai/DOMAIN_SSL_LIFECYCLE_MODEL.md	CANONICAL_DOCUMENTATION	canonical-docs
docs/ai/FORBIDDEN_ACTIONS.md	CANONICAL_DOCUMENTATION	canonical-docs
docs/ai/IMPLEMENTATION_INVARIANTS.md	CANONICAL_DOCUMENTATION	canonical-docs
docs/ai/LICENSE_SLOT_RESERVATION_MODEL.md	CANONICAL_DOCUMENTATION	canonical-docs
docs/ai/LICENSE_SLOT_STATE_MACHINE.md	CANONICAL_DOCUMENTATION	canonical-docs
docs/ai/MASTER_IMPLEMENTATION_PLAN.md	CANONICAL_DOCUMENTATION	canonical-docs
docs/ai/MIGRATION_ARCHITECTURE.md	CANONICAL_DOCUMENTATION	canonical-docs
docs/ai/MIGRATION_AUTHORIZATION_AND_REBIND_MODEL.md	CANONICAL_DOCUMENTATION	canonical-docs
docs/ai/MIGRATION_DISCOVERY_AND_BOOTSTRAP_MODEL.md	CANONICAL_DOCUMENTATION	canonical-docs
docs/ai/MIGRATION_DOMAIN_AND_ROUTING_READINESS_MODEL.md	CANONICAL_DOCUMENTATION	canonical-docs
docs/ai/MIGRATION_PRODUCTION_CUTOVER_AND_ROLLBACK_MODEL.md	CANONICAL_DOCUMENTATION	canonical-docs
docs/ai/MIGRATION_SOURCE_ARCHIVE_AND_RETIREMENT_MODEL.md	CANONICAL_DOCUMENTATION	canonical-docs
docs/ai/MIGRATION_STREAMING_AND_STAGING_MODEL.md	CANONICAL_DOCUMENTATION	canonical-docs
docs/ai/MULTI_STAGE_RUNTIME_MODEL.md	CANONICAL_DOCUMENTATION	canonical-docs
docs/ai/NEW_INSTANCE_CONNECTED_ACTIVATION_MODEL.md	CANONICAL_DOCUMENTATION	canonical-docs
docs/ai/NON_NEGOTIABLE_RULES.md	CANONICAL_DOCUMENTATION	canonical-docs
docs/ai/NO_TECHNICAL_DEBT_POLICY.md	CANONICAL_DOCUMENTATION	canonical-docs
docs/ai/OFFLINE_UPDATE_BUNDLE_MODEL.md	CANONICAL_DOCUMENTATION	canonical-docs
docs/ai/PAYMENT_PROVIDER_ABSTRACTION.md	CANONICAL_DOCUMENTATION	canonical-docs
docs/ai/PHASE_12_SCOPE_CORRECTION.md	CANONICAL_DOCUMENTATION	canonical-docs
docs/ai/PHASE_14_SCOPE_CORRECTION.md	CANONICAL_DOCUMENTATION	canonical-docs
docs/ai/PRIVATE_REGISTRY_AND_PULL_AUTHORIZATION_MODEL.md	CANONICAL_DOCUMENTATION	canonical-docs
docs/ai/PRIVATE_REGISTRY_ARCHITECTURE.md	CANONICAL_DOCUMENTATION	canonical-docs
docs/ai/PRODUCTION_BACKUP_AND_RESTORE_MODEL.md	CANONICAL_DOCUMENTATION	canonical-docs
docs/ai/PRODUCT_ARCHITECTURE.md	CANONICAL_DOCUMENTATION	canonical-docs
docs/ai/PROJECT_CONTEXT.md	CANONICAL_DOCUMENTATION	canonical-docs
docs/ai/README.md	CANONICAL_DOCUMENTATION	canonical-docs
docs/ai/RELEASE_BOUNDARIES.md	CANONICAL_DOCUMENTATION	canonical-docs
docs/ai/SAAS_CAPABILITY_UX_MODEL.md	CANONICAL_DOCUMENTATION	canonical-docs
docs/ai/SAFE_UPDATE_MODEL.md	CANONICAL_DOCUMENTATION	canonical-docs
docs/ai/SECURITY_HARDENING_MODEL.md	CANONICAL_DOCUMENTATION	canonical-docs
docs/ai/SECURITY_INVARIANTS.md	CANONICAL_DOCUMENTATION	canonical-docs
docs/ai/SOVEREIGNTY_FIRST_CONSTITUTION.md	CANONICAL_DOCUMENTATION	canonical-docs
docs/ai/STAGE_COMMERCIAL_ENFORCEMENT_THREAT_MODEL.md	CANONICAL_DOCUMENTATION	canonical-docs
docs/ai/STAGE_ENTITLEMENT_AND_RETENTION.md	CANONICAL_DOCUMENTATION	canonical-docs
docs/ai/STAGE_LICENSE_COMMERCIAL_MODEL.md	CANONICAL_DOCUMENTATION	canonical-docs
docs/ai/STAGE_OPERATION_AUTHORIZATION_MODEL.md	CANONICAL_DOCUMENTATION	canonical-docs
docs/ai/STAGE_RETENTION_MODEL.md	CANONICAL_DOCUMENTATION	canonical-docs
docs/ai/TASK_TEMPLATE.md	CANONICAL_DOCUMENTATION	canonical-docs
docs/ai/TEST_AND_GATE_POLICY.md	CANONICAL_DOCUMENTATION	canonical-docs
docs/ai/TEST_REQUIREMENTS.md	CANONICAL_DOCUMENTATION	canonical-docs
docs/ai/UNIFIED_OPERATION_ENGINE_MODEL.md	CANONICAL_DOCUMENTATION	canonical-docs
docs/ai/UPDATE_ARCHITECTURE.md	CANONICAL_DOCUMENTATION	canonical-docs
docs/archive/pre-canonical-user/BACKUP_AND_RESTORE.md	CANONICAL_DOCUMENTATION	canonical-docs
docs/archive/pre-canonical-user/BACKUP_DESTINATIONS.md	CANONICAL_DOCUMENTATION	canonical-docs
docs/archive/pre-canonical-user/BACKUP_RETENTION.md	CANONICAL_DOCUMENTATION	canonical-docs
docs/archive/pre-canonical-user/DOMAIN_AND_SSL.md	CANONICAL_DOCUMENTATION	canonical-docs
docs/archive/pre-canonical-user/LICENSE_ACTIVATION.md	CANONICAL_DOCUMENTATION	canonical-docs
docs/archive/pre-canonical-user/MIGRATION_ACTIVATION_BEFORE_CUTOVER.md	CANONICAL_DOCUMENTATION	canonical-docs
docs/archive/pre-canonical-user/MIGRATION_AUTHORIZATION.md	CANONICAL_DOCUMENTATION	canonical-docs
docs/archive/pre-canonical-user/MIGRATION_AUTHORIZATION_RECOVERY.md	CANONICAL_DOCUMENTATION	canonical-docs
docs/archive/pre-canonical-user/MIGRATION_CLOSE_ROLLBACK_WINDOW.md	CANONICAL_DOCUMENTATION	canonical-docs
docs/archive/pre-canonical-user/MIGRATION_CUTOVER.md	CANONICAL_DOCUMENTATION	canonical-docs
docs/archive/pre-canonical-user/MIGRATION_CUTOVER_STATUS.md	CANONICAL_DOCUMENTATION	canonical-docs
docs/archive/pre-canonical-user/MIGRATION_DATA_TRANSFER.md	CANONICAL_DOCUMENTATION	canonical-docs
docs/archive/pre-canonical-user/MIGRATION_DESTINATION_SETUP.md	CANONICAL_DOCUMENTATION	canonical-docs
docs/archive/pre-canonical-user/MIGRATION_DNS_SETUP.md	CANONICAL_DOCUMENTATION	canonical-docs
docs/archive/pre-canonical-user/MIGRATION_DOMAIN_ABORT.md	CANONICAL_DOCUMENTATION	canonical-docs
docs/archive/pre-canonical-user/MIGRATION_DOMAIN_PREPARATION.md	CANONICAL_DOCUMENTATION	canonical-docs
docs/archive/pre-canonical-user/MIGRATION_IMMEDIATE_ROLLBACK.md	CANONICAL_DOCUMENTATION	canonical-docs
docs/archive/pre-canonical-user/MIGRATION_LANDING_AND_TLS.md	CANONICAL_DOCUMENTATION	canonical-docs
docs/archive/pre-canonical-user/MIGRATION_PAIRING_AND_READINESS.md	CANONICAL_DOCUMENTATION	canonical-docs
docs/archive/pre-canonical-user/MIGRATION_PREPARATION.md	CANONICAL_DOCUMENTATION	canonical-docs
docs/archive/pre-canonical-user/MIGRATION_SOURCE_ARCHIVE.md	CANONICAL_DOCUMENTATION	canonical-docs
docs/archive/pre-canonical-user/MIGRATION_SOURCE_RECOVERY_AFTER_ARCHIVE.md	CANONICAL_DOCUMENTATION	canonical-docs
docs/archive/pre-canonical-user/MIGRATION_SOURCE_RETIREMENT_STATUS.md	CANONICAL_DOCUMENTATION	canonical-docs
docs/archive/pre-canonical-user/MIGRATION_STABILIZATION.md	CANONICAL_DOCUMENTATION	canonical-docs
docs/archive/pre-canonical-user/MIGRATION_TOKEN.md	CANONICAL_DOCUMENTATION	canonical-docs
docs/archive/pre-canonical-user/MIGRATION_TRANSFER_ABORT.md	CANONICAL_DOCUMENTATION	canonical-docs
docs/archive/pre-canonical-user/MIGRATION_TRANSFER_STATUS_AND_RECOVERY.md	CANONICAL_DOCUMENTATION	canonical-docs
docs/archive/pre-canonical-user/OFFLINE_BUNDLE_INSPECT.md	CANONICAL_DOCUMENTATION	canonical-docs
docs/archive/pre-canonical-user/OFFLINE_OPERATION.md	CANONICAL_DOCUMENTATION	canonical-docs
docs/archive/pre-canonical-user/OFFLINE_TRUST_PACKAGE.md	CANONICAL_DOCUMENTATION	canonical-docs
docs/archive/pre-canonical-user/OFFLINE_UPDATE_APPLY.md	CANONICAL_DOCUMENTATION	canonical-docs
docs/archive/pre-canonical-user/OFFLINE_UPDATE_BUNDLES.md	CANONICAL_DOCUMENTATION	canonical-docs
docs/archive/pre-canonical-user/OFFLINE_UPDATE_RECOVERY.md	CANONICAL_DOCUMENTATION	canonical-docs
docs/archive/pre-canonical-user/OFFLINE_UPDATE_RESULT_RECEIPT.md	CANONICAL_DOCUMENTATION	canonical-docs
docs/archive/pre-canonical-user/OPERATIONS_AND_RECOVERY.md	CANONICAL_DOCUMENTATION	canonical-docs
docs/archive/pre-canonical-user/RESTORE_AND_RECOVERY.md	CANONICAL_DOCUMENTATION	canonical-docs
docs/archive/pre-canonical-user/SAFE_UPDATE.md	CANONICAL_DOCUMENTATION	canonical-docs
docs/archive/pre-canonical-user/SAFE_UPDATES.md	CANONICAL_DOCUMENTATION	canonical-docs
docs/archive/pre-canonical-user/SECURITY_VERIFICATION.md	CANONICAL_DOCUMENTATION	canonical-docs
docs/archive/pre-canonical-user/SERVER_MIGRATION.md	CANONICAL_DOCUMENTATION	canonical-docs
docs/archive/pre-canonical-user/SOURCE_RETIREMENT.md	CANONICAL_DOCUMENTATION	canonical-docs
docs/archive/pre-canonical-user/STAGE_LICENSE.md	CANONICAL_DOCUMENTATION	canonical-docs
docs/archive/pre-canonical-user/STAGE_RETENTION.md	CANONICAL_DOCUMENTATION	canonical-docs
docs/archive/pre-canonical-user/SUPPORT_EXPIRATION.md	CANONICAL_DOCUMENTATION	canonical-docs
docs/archive/pre-canonical-user/UPDATE_IMAGE_CLEANUP.md	CANONICAL_DOCUMENTATION	canonical-docs
docs/dev/ANNUAL_SUPPORT_PROTOCOL.md	CANONICAL_DOCUMENTATION	canonical-docs
docs/dev/ARCHITECTURE.md	CANONICAL_DOCUMENTATION	canonical-docs
docs/dev/ARTIFACT_AND_SUPPLY_CHAIN.md	CANONICAL_DOCUMENTATION	canonical-docs
docs/dev/BACKUP_CONSISTENCY_PROTOCOL.md	CANONICAL_DOCUMENTATION	canonical-docs
docs/dev/BACKUP_DESTINATION_PROTOCOL.md	CANONICAL_DOCUMENTATION	canonical-docs
docs/dev/BACKUP_ENCRYPTION_AND_KEY_PROTOCOL.md	CANONICAL_DOCUMENTATION	canonical-docs
docs/dev/BACKUP_IMPORT_EXPORT_PROTOCOL.md	CANONICAL_DOCUMENTATION	canonical-docs
docs/dev/BACKUP_OBJECT_AND_MANIFEST_PROTOCOL.md	CANONICAL_DOCUMENTATION	canonical-docs
docs/dev/BACKUP_RESTORE_ARCHITECTURE.md	CANONICAL_DOCUMENTATION	canonical-docs
docs/dev/BACKUP_RETENTION_PROTOCOL.md	CANONICAL_DOCUMENTATION	canonical-docs
docs/dev/BACKUP_SCHEDULER_PROTOCOL.md	CANONICAL_DOCUMENTATION	canonical-docs
docs/dev/BACKUP_SECURITY_THREAT_MODEL.md	CANONICAL_DOCUMENTATION	canonical-docs
docs/dev/BUILD_AND_ASSEMBLY.md	CANONICAL_DOCUMENTATION	canonical-docs
docs/dev/CERTIFICATION.md	CANONICAL_DOCUMENTATION	canonical-docs
docs/dev/CLI_ARCHITECTURE.md	CANONICAL_DOCUMENTATION	canonical-docs
docs/dev/CODING_RULES.md	CANONICAL_DOCUMENTATION	canonical-docs
docs/dev/COMPONENT_OWNERSHIP.md	CANONICAL_DOCUMENTATION	canonical-docs
docs/dev/CONCURRENCY_AND_LOCKING.md	CANONICAL_DOCUMENTATION	canonical-docs
docs/dev/CONFIGURATION_ARCHITECTURE.md	CANONICAL_DOCUMENTATION	canonical-docs
docs/dev/CONSENT_FLOW.md	CANONICAL_DOCUMENTATION	canonical-docs
docs/dev/DATABASE_ARCHITECTURE.md	CANONICAL_DOCUMENTATION	canonical-docs
docs/dev/DEVELOPMENT_SETUP.md	CANONICAL_DOCUMENTATION	canonical-docs
docs/dev/DEVICE_AUTHORIZATION_PROTOCOL.md	CANONICAL_DOCUMENTATION	canonical-docs
docs/dev/DIST_ARTIFACT_SECURITY.md	CANONICAL_DOCUMENTATION	canonical-docs
docs/dev/DOCKER_ARCHITECTURE.md	CANONICAL_DOCUMENTATION	canonical-docs
docs/dev/DOMAIN_SSL_CONTRACT.md	CANONICAL_DOCUMENTATION	canonical-docs
docs/dev/DOMAIN_SSL_LIFECYCLE_PROTOCOL.md	CANONICAL_DOCUMENTATION	canonical-docs
docs/dev/ENTITLEMENT_API_CONTRACT.md	CANONICAL_DOCUMENTATION	canonical-docs
docs/dev/ENTITLEMENT_MODEL.md	CANONICAL_DOCUMENTATION	canonical-docs
docs/dev/ERROR_AND_STATUS_CODES.md	CANONICAL_DOCUMENTATION	canonical-docs
docs/dev/EXECUTION_MODEL.md	CANONICAL_DOCUMENTATION	canonical-docs
docs/dev/FAILURE_AND_ROLLBACK.md	CANONICAL_DOCUMENTATION	canonical-docs
docs/dev/GLOSSARY.md	CANONICAL_DOCUMENTATION	canonical-docs
docs/dev/IDEMPOTENCY.md	CANONICAL_DOCUMENTATION	canonical-docs
docs/dev/INSTALLER_ARCHITECTURE.md	CANONICAL_DOCUMENTATION	canonical-docs
docs/dev/LICENSE_GUARD_INTEGRATION.md	CANONICAL_DOCUMENTATION	canonical-docs
docs/dev/LICENSE_SLOT_RESERVATION_PROTOCOL.md	CANONICAL_DOCUMENTATION	canonical-docs
docs/dev/LICENSING_ARCHITECTURE.md	CANONICAL_DOCUMENTATION	canonical-docs
docs/dev/MIGRATION_ABORT_AND_RECOVERY_PROTOCOL.md	CANONICAL_DOCUMENTATION	canonical-docs
docs/dev/MIGRATION_ADDON_TRANSFER_PROTOCOL.md	CANONICAL_DOCUMENTATION	canonical-docs
docs/dev/MIGRATION_ARCHITECTURE.md	CANONICAL_DOCUMENTATION	canonical-docs
docs/dev/MIGRATION_ARCHIVE_SECURITY_THREAT_MODEL.md	CANONICAL_DOCUMENTATION	canonical-docs
docs/dev/MIGRATION_AUTHORIZATION_PROTOCOL.md	CANONICAL_DOCUMENTATION	canonical-docs
docs/dev/MIGRATION_AUTHORIZATION_SECURITY_THREAT_MODEL.md	CANONICAL_DOCUMENTATION	canonical-docs
docs/dev/MIGRATION_CHUNK_AND_RESUME_PROTOCOL.md	CANONICAL_DOCUMENTATION	canonical-docs
docs/dev/MIGRATION_COMPENSATION_AND_RECOVERY_PROTOCOL.md	CANONICAL_DOCUMENTATION	canonical-docs
docs/dev/MIGRATION_CONFIG_AND_SECRET_PROTOCOL.md	CANONICAL_DOCUMENTATION	canonical-docs
docs/dev/MIGRATION_CUTOVER_PROTOCOL.md	CANONICAL_DOCUMENTATION	canonical-docs
docs/dev/MIGRATION_CUTOVER_SECURITY_THREAT_MODEL.md	CANONICAL_DOCUMENTATION	canonical-docs
docs/dev/MIGRATION_DATABASE_TRANSFER_PROTOCOL.md	CANONICAL_DOCUMENTATION	canonical-docs
docs/dev/MIGRATION_DESTINATION_BOOTSTRAP_PROTOCOL.md	CANONICAL_DOCUMENTATION	canonical-docs
docs/dev/MIGRATION_DESTINATION_GO_LIVE_PROTOCOL.md	CANONICAL_DOCUMENTATION	canonical-docs
docs/dev/MIGRATION_DESTINATION_PRE_CUTOVER_PROTOCOL.md	CANONICAL_DOCUMENTATION	canonical-docs
docs/dev/MIGRATION_DESTINATION_STAGING_PROTOCOL.md	CANONICAL_DOCUMENTATION	canonical-docs
docs/dev/MIGRATION_DNS_VALIDATION_PROTOCOL.md	CANONICAL_DOCUMENTATION	canonical-docs
docs/dev/MIGRATION_DOMAIN_ABORT_PROTOCOL.md	CANONICAL_DOCUMENTATION	canonical-docs
docs/dev/MIGRATION_DOMAIN_PLAN_PROTOCOL.md	CANONICAL_DOCUMENTATION	canonical-docs
docs/dev/MIGRATION_DOMAIN_SECURITY_THREAT_MODEL.md	CANONICAL_DOCUMENTATION	canonical-docs
docs/dev/MIGRATION_ENGINE.md	CANONICAL_DOCUMENTATION	canonical-docs
docs/dev/MIGRATION_FILESTORE_TRANSFER_PROTOCOL.md	CANONICAL_DOCUMENTATION	canonical-docs
docs/dev/MIGRATION_FINAL_CUTOVER_SYNC_PROTOCOL.md	CANONICAL_DOCUMENTATION	canonical-docs
docs/dev/MIGRATION_IMMEDIATE_ROLLBACK_PROTOCOL.md	CANONICAL_DOCUMENTATION	canonical-docs
docs/dev/MIGRATION_INTEGRATION_ACTIVATION_PROTOCOL.md	CANONICAL_DOCUMENTATION	canonical-docs
docs/dev/MIGRATION_LANDING_PROTOCOL.md	CANONICAL_DOCUMENTATION	canonical-docs
docs/dev/MIGRATION_LICENSE_REBIND_PROTOCOL.md	CANONICAL_DOCUMENTATION	canonical-docs
docs/dev/MIGRATION_OFFLINE_AUTHORIZATION_PROTOCOL.md	CANONICAL_DOCUMENTATION	canonical-docs
docs/dev/MIGRATION_OFFLINE_PAIRING_PROTOCOL.md	CANONICAL_DOCUMENTATION	canonical-docs
docs/dev/MIGRATION_PAIR_OBJECT_PROTOCOL.md	CANONICAL_DOCUMENTATION	canonical-docs
docs/dev/MIGRATION_PHASE21_READINESS_PROTOCOL.md	CANONICAL_DOCUMENTATION	canonical-docs
docs/dev/MIGRATION_PHASE22_READINESS_PROTOCOL.md	CANONICAL_DOCUMENTATION	canonical-docs
docs/dev/MIGRATION_PHASE23_READINESS_PROTOCOL.md	CANONICAL_DOCUMENTATION	canonical-docs
docs/dev/MIGRATION_PRODUCTION_DNS_PROTOCOL.md	CANONICAL_DOCUMENTATION	canonical-docs
docs/dev/MIGRATION_PRODUCTION_TLS_PROTOCOL.md	CANONICAL_DOCUMENTATION	canonical-docs
docs/dev/MIGRATION_READINESS_PROTOCOL.md	CANONICAL_DOCUMENTATION	canonical-docs
docs/dev/MIGRATION_RETIREMENT_READINESS_PROTOCOL.md	CANONICAL_DOCUMENTATION	canonical-docs
docs/dev/MIGRATION_ROLLBACK_WINDOW_CLOSURE_PROTOCOL.md	CANONICAL_DOCUMENTATION	canonical-docs
docs/dev/MIGRATION_ROUTING_READINESS_PROTOCOL.md	CANONICAL_DOCUMENTATION	canonical-docs
docs/dev/MIGRATION_SECURITY_THREAT_MODEL.md	CANONICAL_DOCUMENTATION	canonical-docs
docs/dev/MIGRATION_SIGNED_DNS_CHALLENGE_PROTOCOL.md	CANONICAL_DOCUMENTATION	canonical-docs
docs/dev/MIGRATION_SIGNED_INSTALLER_PROTOCOL.md	CANONICAL_DOCUMENTATION	canonical-docs
docs/dev/MIGRATION_SOURCE_ARCHIVE_PROTOCOL.md	CANONICAL_DOCUMENTATION	canonical-docs
docs/dev/MIGRATION_SOURCE_ARCHIVE_RESTORE_TEST_PROTOCOL.md	CANONICAL_DOCUMENTATION	canonical-docs
docs/dev/MIGRATION_SOURCE_ARCHIVE_VERIFICATION_PROTOCOL.md	CANONICAL_DOCUMENTATION	canonical-docs
docs/dev/MIGRATION_SOURCE_CREDENTIAL_DISPOSITION_PROTOCOL.md	CANONICAL_DOCUMENTATION	canonical-docs
docs/dev/MIGRATION_SOURCE_DISCOVERY_PROTOCOL.md	CANONICAL_DOCUMENTATION	canonical-docs
docs/dev/MIGRATION_SOURCE_FREEZE_PROTOCOL.md	CANONICAL_DOCUMENTATION	canonical-docs
docs/dev/MIGRATION_SOURCE_GRACE_PROTOCOL.md	CANONICAL_DOCUMENTATION	canonical-docs
docs/dev/MIGRATION_SOURCE_LICENSE_FINALIZATION_PROTOCOL.md	CANONICAL_DOCUMENTATION	canonical-docs
docs/dev/MIGRATION_SOURCE_RUNTIME_SUSPENSION_PROTOCOL.md	CANONICAL_DOCUMENTATION	canonical-docs
docs/dev/MIGRATION_SOURCE_TRANSITION_PROTOCOL.md	CANONICAL_DOCUMENTATION	canonical-docs
docs/dev/MIGRATION_SPLIT_BRAIN_PROTOCOL.md	CANONICAL_DOCUMENTATION	canonical-docs
docs/dev/MIGRATION_SPLIT_TRAFFIC_PROTOCOL.md	CANONICAL_DOCUMENTATION	canonical-docs
docs/dev/MIGRATION_STABILIZATION_PROTOCOL.md	CANONICAL_DOCUMENTATION	canonical-docs
docs/dev/MIGRATION_STAGE_CUTOVER_PROTOCOL.md	CANONICAL_DOCUMENTATION	canonical-docs
docs/dev/MIGRATION_STAGE_REBIND_PROTOCOL.md	CANONICAL_DOCUMENTATION	canonical-docs
docs/dev/MIGRATION_STAGE_SOURCE_ARCHIVE_PROTOCOL.md	CANONICAL_DOCUMENTATION	canonical-docs
docs/dev/MIGRATION_STAGE_TRANSFER_PROTOCOL.md	CANONICAL_DOCUMENTATION	canonical-docs
docs/dev/MIGRATION_TLS_PREPARATION_PROTOCOL.md	CANONICAL_DOCUMENTATION	canonical-docs
docs/dev/MIGRATION_TOKEN_ATOMIC_TRANSACTION_PROTOCOL.md	CANONICAL_DOCUMENTATION	canonical-docs
docs/dev/MIGRATION_TRAFFIC_OWNER_PROTOCOL.md	CANONICAL_DOCUMENTATION	canonical-docs
docs/dev/MIGRATION_TRANSFER_ABORT_PROTOCOL.md	CANONICAL_DOCUMENTATION	canonical-docs
docs/dev/MIGRATION_TRANSFER_MANIFEST_PROTOCOL.md	CANONICAL_DOCUMENTATION	canonical-docs
docs/dev/MIGRATION_TRANSFER_PROTOCOL.md	CANONICAL_DOCUMENTATION	canonical-docs
docs/dev/MIGRATION_TRANSFER_SECURITY_THREAT_MODEL.md	CANONICAL_DOCUMENTATION	canonical-docs
docs/dev/MIGRATION_TRUST_PAIRING_PROTOCOL.md	CANONICAL_DOCUMENTATION	canonical-docs
docs/dev/NETWORK_ARCHITECTURE.md	CANONICAL_DOCUMENTATION	canonical-docs
docs/dev/NEW_COMMAND_PROTOCOL.md	CANONICAL_DOCUMENTATION	canonical-docs
docs/dev/NGINX_ARCHITECTURE.md	CANONICAL_DOCUMENTATION	canonical-docs
docs/dev/NGINX_CERTIFICATE_OWNERSHIP_PROTOCOL.md	CANONICAL_DOCUMENTATION	canonical-docs
docs/dev/OFFLINE_ADDON_PACKAGING_PROTOCOL.md	CANONICAL_DOCUMENTATION	canonical-docs
docs/dev/OFFLINE_BUNDLE_FORMAT_PROTOCOL.md	CANONICAL_DOCUMENTATION	canonical-docs
docs/dev/OFFLINE_BUNDLE_ISSUANCE_PROTOCOL.md	CANONICAL_DOCUMENTATION	canonical-docs
docs/dev/OFFLINE_BUNDLE_SECURITY_THREAT_MODEL.md	CANONICAL_DOCUMENTATION	canonical-docs
docs/dev/OFFLINE_BUNDLE_SIGNING_PROTOCOL.md	CANONICAL_DOCUMENTATION	canonical-docs
docs/dev/OFFLINE_COMPATIBILITY_PROTOCOL.md	CANONICAL_DOCUMENTATION	canonical-docs
docs/dev/OFFLINE_IMPORT_PROTOCOL.md	CANONICAL_DOCUMENTATION	canonical-docs
docs/dev/OFFLINE_RECONCILIATION_PROTOCOL.md	CANONICAL_DOCUMENTATION	canonical-docs
docs/dev/OFFLINE_REGISTRY_EXPORT_PROTOCOL.md	CANONICAL_DOCUMENTATION	canonical-docs
docs/dev/OFFLINE_RESULT_RECEIPT_PROTOCOL.md	CANONICAL_DOCUMENTATION	canonical-docs
docs/dev/OFFLINE_TRUST_AND_REVOCATION_PROTOCOL.md	CANONICAL_DOCUMENTATION	canonical-docs
docs/dev/OFFLINE_UPDATE_APPLY_PROTOCOL.md	CANONICAL_DOCUMENTATION	canonical-docs
docs/dev/OFFLINE_UPDATE_ARCHITECTURE.md	CANONICAL_DOCUMENTATION	canonical-docs
docs/dev/OFFLINE_UPDATE_ROLLBACK_PROTOCOL.md	CANONICAL_DOCUMENTATION	canonical-docs
docs/dev/OPERATION_CANONICAL_SYNC_PROTOCOL.md	CANONICAL_DOCUMENTATION	canonical-docs
docs/dev/OPERATION_CONFLICT_AND_LOCKING_PROTOCOL.md	CANONICAL_DOCUMENTATION	canonical-docs
docs/dev/OPERATION_ENGINE.md	CANONICAL_DOCUMENTATION	canonical-docs
docs/dev/OPERATION_STATE_MIGRATION_PROTOCOL.md	CANONICAL_DOCUMENTATION	canonical-docs
docs/dev/PAYMENT_AND_GRANT_ABSTRACTION.md	CANONICAL_DOCUMENTATION	canonical-docs
docs/dev/PHASE25_READINESS_PROTOCOL.md	CANONICAL_DOCUMENTATION	canonical-docs
docs/dev/PRIVATE_REGISTRY_PROTOCOL.md	CANONICAL_DOCUMENTATION	canonical-docs
docs/dev/PRODUCTION_RESTORE_PROTOCOL.md	CANONICAL_DOCUMENTATION	canonical-docs
docs/dev/QUARANTINE_ARCHITECTURE.md	CANONICAL_DOCUMENTATION	canonical-docs
docs/dev/README.md	CANONICAL_DOCUMENTATION	canonical-docs
docs/dev/REGISTRY_GATEWAY.md	CANONICAL_DOCUMENTATION	canonical-docs
docs/dev/REGISTRY_LOCKDOWN.md	CANONICAL_DOCUMENTATION	canonical-docs
docs/dev/RELEASE_BOUNDARIES.md	CANONICAL_DOCUMENTATION	canonical-docs
docs/dev/RELEASE_PROCESS.md	CANONICAL_DOCUMENTATION	canonical-docs
docs/dev/REPOSITORY_LAYOUT.md	CANONICAL_DOCUMENTATION	canonical-docs
docs/dev/REPOSITORY_STRUCTURE.md	CANONICAL_DOCUMENTATION	canonical-docs
docs/dev/RESOURCE_OWNERSHIP.md	CANONICAL_DOCUMENTATION	canonical-docs
docs/dev/RESTORE_CANDIDATE_AND_LICENSE_GUARD_PROTOCOL.md	CANONICAL_DOCUMENTATION	canonical-docs
docs/dev/SAAS_INTEGRATION.md	CANONICAL_DOCUMENTATION	canonical-docs
docs/dev/SAAS_UI_COVERAGE_PROTOCOL.md	CANONICAL_DOCUMENTATION	canonical-docs
docs/dev/SAFE_UPDATE_PROTOCOL.md	CANONICAL_DOCUMENTATION	canonical-docs
docs/dev/SECRET_SCAN_CI.md	CANONICAL_DOCUMENTATION	canonical-docs
docs/dev/SECURITY_ARCHITECTURE.md	CANONICAL_DOCUMENTATION	canonical-docs
docs/dev/SECURITY_SCANNER.md	CANONICAL_DOCUMENTATION	canonical-docs
docs/dev/SELF_UPDATE_SECURITY.md	CANONICAL_DOCUMENTATION	canonical-docs
docs/dev/SIGNED_UPDATE_ENFORCEMENT.md	CANONICAL_DOCUMENTATION	canonical-docs
docs/dev/SIGNING_KEY_HYGIENE.md	CANONICAL_DOCUMENTATION	canonical-docs
docs/dev/SOVIEZ_IMAGE_RETENTION_AND_CLEANUP_PROTOCOL.md	CANONICAL_DOCUMENTATION	canonical-docs
docs/dev/STAGE_ARCHITECTURE.md	CANONICAL_DOCUMENTATION	canonical-docs
docs/dev/STAGE_LICENSE_PROTOCOL.md	CANONICAL_DOCUMENTATION	canonical-docs
docs/dev/STAGE_NEUTRALIZATION_PROFILE.md	CANONICAL_DOCUMENTATION	canonical-docs
docs/dev/STAGE_OPERATION_TICKET_PROTOCOL.md	CANONICAL_DOCUMENTATION	canonical-docs
docs/dev/STAGE_RETENTION_PROTOCOL.md	CANONICAL_DOCUMENTATION	canonical-docs
docs/dev/STAGE_RUNTIME_PROTOCOL.md	CANONICAL_DOCUMENTATION	canonical-docs
docs/dev/STAGE_SAFE_SHIELD_PROTOCOL.md	CANONICAL_DOCUMENTATION	canonical-docs
docs/dev/STAGE_TOOLING_ARTIFACT.md	CANONICAL_DOCUMENTATION	canonical-docs
docs/dev/STATE_AND_RECOVERY.md	CANONICAL_DOCUMENTATION	canonical-docs
docs/dev/STATE_MACHINES.md	CANONICAL_DOCUMENTATION	canonical-docs
docs/dev/TEST_ARCHITECTURE.md	CANONICAL_DOCUMENTATION	canonical-docs
docs/dev/TEST_FLAG_QUARANTINE.md	CANONICAL_DOCUMENTATION	canonical-docs
docs/dev/TEST_STRATEGY.md	CANONICAL_DOCUMENTATION	canonical-docs
docs/dev/THIRD_PARTY_ADDON_COMPATIBILITY.md	CANONICAL_DOCUMENTATION	canonical-docs
docs/dev/TICKET_REPLAY_SECURITY.md	CANONICAL_DOCUMENTATION	canonical-docs
docs/dev/UNIFIED_OPERATION_ENGINE_PROTOCOL.md	CANONICAL_DOCUMENTATION	canonical-docs
docs/dev/UPDATE_CANDIDATE_ISOLATION_PROTOCOL.md	CANONICAL_DOCUMENTATION	canonical-docs
docs/dev/UPDATE_CUTOVER_AND_ROLLBACK_PROTOCOL.md	CANONICAL_DOCUMENTATION	canonical-docs
docs/dev/UPDATE_ENGINE.md	CANONICAL_DOCUMENTATION	canonical-docs
docs/dev/UPDATE_LICENSE_GUARD_CANDIDATE_PROTOCOL.md	CANONICAL_DOCUMENTATION	canonical-docs
docs/dev/WEBSOCKET_LONGPOLLING_ARCHITECTURE.md	CANONICAL_DOCUMENTATION	canonical-docs
docs/evidence/documentation-canonicalization/BACKUP_RESTORE_SOURCE_AUDIT.md	CERTIFICATION_EVIDENCE	certification-evidence
docs/evidence/documentation-canonicalization/CLI_SOURCE_AUDIT.md	CERTIFICATION_EVIDENCE	certification-evidence
docs/evidence/documentation-canonicalization/CONFIG_SOURCE_AUDIT.md	CERTIFICATION_EVIDENCE	certification-evidence
docs/evidence/documentation-canonicalization/CONFLICTS_RESOLVED.md	CERTIFICATION_EVIDENCE	certification-evidence
docs/evidence/documentation-canonicalization/DATABASE_SOURCE_AUDIT.md	CERTIFICATION_EVIDENCE	certification-evidence
docs/evidence/documentation-canonicalization/DEPRECATED_DOCS.md	CERTIFICATION_EVIDENCE	certification-evidence
docs/evidence/documentation-canonicalization/DOCS_CODE_CONSISTENCY.md	CERTIFICATION_EVIDENCE	certification-evidence
docs/evidence/documentation-canonicalization/DOCUMENTATION_COVERAGE.md	CERTIFICATION_EVIDENCE	certification-evidence
docs/evidence/documentation-canonicalization/DOCUMENTATION_INVENTORY.md	CERTIFICATION_EVIDENCE	certification-evidence
docs/evidence/documentation-canonicalization/ENVIRONMENT_VARIABLE_AUDIT.md	CERTIFICATION_EVIDENCE	certification-evidence
docs/evidence/documentation-canonicalization/FINAL_REPORT.md	CERTIFICATION_EVIDENCE	certification-evidence
docs/evidence/documentation-canonicalization/GIT_DIFF_SUMMARY.md	CERTIFICATION_EVIDENCE	certification-evidence
docs/evidence/documentation-canonicalization/LINK_VALIDATION.md	CERTIFICATION_EVIDENCE	certification-evidence
docs/evidence/documentation-canonicalization/MIGRATION_SOURCE_AUDIT.md	CERTIFICATION_EVIDENCE	certification-evidence
docs/evidence/documentation-canonicalization/NETWORK_SOURCE_AUDIT.md	CERTIFICATION_EVIDENCE	certification-evidence
docs/evidence/documentation-canonicalization/OFFLINE_SOURCE_AUDIT.md	CERTIFICATION_EVIDENCE	certification-evidence
docs/evidence/documentation-canonicalization/PORTS_SOURCE_AUDIT.md	CERTIFICATION_EVIDENCE	certification-evidence
docs/evidence/documentation-canonicalization/SAAS_SOURCE_AUDIT.md	CERTIFICATION_EVIDENCE	certification-evidence
docs/evidence/documentation-canonicalization/SECURITY_SOURCE_AUDIT.md	CERTIFICATION_EVIDENCE	certification-evidence
docs/evidence/documentation-canonicalization/SOURCE_INVENTORY.md	CERTIFICATION_EVIDENCE	certification-evidence
docs/evidence/documentation-canonicalization/SOVEREIGNTY_SOURCE_AUDIT.md	CERTIFICATION_EVIDENCE	certification-evidence
docs/evidence/documentation-canonicalization/STAGE_SOURCE_AUDIT.md	CERTIFICATION_EVIDENCE	certification-evidence
docs/evidence/documentation-canonicalization/SUMMARY.json	CERTIFICATION_EVIDENCE	certification-evidence
docs/evidence/documentation-canonicalization/UPDATE_SOURCE_AUDIT.md	CERTIFICATION_EVIDENCE	certification-evidence
docs/evidence/documentation-canonicalization/WEBSOCKET_LONGPOLLING_SOURCE_AUDIT.md	CERTIFICATION_EVIDENCE	certification-evidence
docs/evidence/documentation-canonicalization/_inv_raw.json	CERTIFICATION_EVIDENCE	certification-evidence
docs/evidence/phase-03-04-consolidated-hardening/BASELINE.md	CERTIFICATION_EVIDENCE	certification-evidence
docs/evidence/phase-03-04-consolidated-hardening/CHANGED_FILES.md	CERTIFICATION_EVIDENCE	certification-evidence
docs/evidence/phase-03-04-consolidated-hardening/E2E_FIXTURE_MATRIX.md	CERTIFICATION_EVIDENCE	certification-evidence
docs/evidence/phase-03-04-consolidated-hardening/FINAL_REPORT.md	CERTIFICATION_EVIDENCE	certification-evidence
docs/evidence/phase-03-04-consolidated-hardening/GENERATED_TYPES_AUDIT.md	CERTIFICATION_EVIDENCE	certification-evidence
docs/evidence/phase-03-04-consolidated-hardening/GIT_DIFF_SUMMARY.md	CERTIFICATION_EVIDENCE	certification-evidence
docs/evidence/phase-03-04-consolidated-hardening/LICENSE_SLOT_PARITY.md	CERTIFICATION_EVIDENCE	certification-evidence
docs/evidence/phase-03-04-consolidated-hardening/MATERIALIZATION_IDEMPOTENCY.md	CERTIFICATION_EVIDENCE	certification-evidence
docs/evidence/phase-03-04-consolidated-hardening/MIGRATION_TOKEN_PARITY.md	CERTIFICATION_EVIDENCE	certification-evidence
docs/evidence/phase-03-04-consolidated-hardening/PORTAL_COMPATIBILITY_MATRIX.md	CERTIFICATION_EVIDENCE	certification-evidence
docs/evidence/phase-03-04-consolidated-hardening/RLS_SECURITY_MATRIX.md	CERTIFICATION_EVIDENCE	certification-evidence
docs/evidence/phase-03-04-consolidated-hardening/SUPPORT_UPDATE_MATRIX.md	CERTIFICATION_EVIDENCE	certification-evidence
docs/evidence/phase-03-04-consolidated-hardening/TEST_RESULTS.md	CERTIFICATION_EVIDENCE	certification-evidence
docs/evidence/phase-03-04-consolidated-hardening/baseline-lint.txt	CERTIFICATION_EVIDENCE	certification-evidence
docs/evidence/phase-03-04-consolidated-hardening/baseline-test-phase4.txt	CERTIFICATION_EVIDENCE	certification-evidence
docs/evidence/phase-03-04-consolidated-hardening/baseline-typecheck.txt	CERTIFICATION_EVIDENCE	certification-evidence
docs/evidence/phase-03-04-consolidated-hardening/commercial-closure.txt	CERTIFICATION_EVIDENCE	certification-evidence
docs/evidence/phase-03-04-consolidated-hardening/commercial-db.txt	CERTIFICATION_EVIDENCE	certification-evidence
docs/evidence/phase-03-04-consolidated-hardening/lint.txt	CERTIFICATION_EVIDENCE	certification-evidence
docs/evidence/phase-03-04-consolidated-hardening/next-build.txt	CERTIFICATION_EVIDENCE	certification-evidence
docs/evidence/phase-03-04-consolidated-hardening/typecheck.txt	CERTIFICATION_EVIDENCE	certification-evidence
docs/evidence/phase-03-provider-neutral-commercial-model/CLOSURE_ADDENDUM.md	CERTIFICATION_EVIDENCE	certification-evidence
docs/evidence/phase-03-provider-neutral-commercial-model/FINAL_REPORT.md	CERTIFICATION_EVIDENCE	certification-evidence
docs/evidence/phase-03-provider-neutral-commercial-model/PARITY_MATRIX.md	CERTIFICATION_EVIDENCE	certification-evidence
docs/evidence/phase-03-provider-neutral-commercial-model/baseline.txt	CERTIFICATION_EVIDENCE	certification-evidence
docs/evidence/phase-03-provider-neutral-commercial-model/changed-files.txt	CERTIFICATION_EVIDENCE	certification-evidence
docs/evidence/phase-03-provider-neutral-commercial-model/isolated-pg-smoke.txt	CERTIFICATION_EVIDENCE	certification-evidence
docs/evidence/phase-03-provider-neutral-commercial-model/lint.txt	CERTIFICATION_EVIDENCE	certification-evidence
docs/evidence/phase-03-provider-neutral-commercial-model/next-build.txt	CERTIFICATION_EVIDENCE	certification-evidence
docs/evidence/phase-03-provider-neutral-commercial-model/rls-smoke.txt	CERTIFICATION_EVIDENCE	certification-evidence
docs/evidence/phase-03-provider-neutral-commercial-model/schema-diff-summary.txt	CERTIFICATION_EVIDENCE	certification-evidence
docs/evidence/phase-03-provider-neutral-commercial-model/test-commercial.txt	CERTIFICATION_EVIDENCE	certification-evidence
docs/evidence/phase-03-provider-neutral-commercial-model/typecheck.txt	CERTIFICATION_EVIDENCE	certification-evidence
docs/evidence/phase-04-capability-entitlement-foundation/CALL_SITE_INVENTORY.md	CERTIFICATION_EVIDENCE	certification-evidence
docs/evidence/phase-04-capability-entitlement-foundation/CLOSURE_ADDENDUM.md	CERTIFICATION_EVIDENCE	certification-evidence
docs/evidence/phase-04-capability-entitlement-foundation/FINAL_REPORT.md	CERTIFICATION_EVIDENCE	certification-evidence
docs/evidence/phase-04-capability-entitlement-foundation/baseline-test-commercial.txt	CERTIFICATION_EVIDENCE	certification-evidence
docs/evidence/phase-04-capability-entitlement-foundation/baseline-typecheck.txt	CERTIFICATION_EVIDENCE	certification-evidence
docs/evidence/phase-04-capability-entitlement-foundation/baseline.txt	CERTIFICATION_EVIDENCE	certification-evidence
docs/evidence/phase-04-capability-entitlement-foundation/changed-files.txt	CERTIFICATION_EVIDENCE	certification-evidence
docs/evidence/phase-04-capability-entitlement-foundation/isolated-pg-smoke.txt	CERTIFICATION_EVIDENCE	certification-evidence
docs/evidence/phase-04-capability-entitlement-foundation/lint.txt	CERTIFICATION_EVIDENCE	certification-evidence
docs/evidence/phase-04-capability-entitlement-foundation/next-build.txt	CERTIFICATION_EVIDENCE	certification-evidence
docs/evidence/phase-04-capability-entitlement-foundation/rls-smoke.txt	CERTIFICATION_EVIDENCE	certification-evidence
docs/evidence/phase-04-capability-entitlement-foundation/test-phase4.txt	CERTIFICATION_EVIDENCE	certification-evidence
docs/evidence/phase-04-capability-entitlement-foundation/typecheck.txt	CERTIFICATION_EVIDENCE	certification-evidence
docs/evidence/phase-05-device-authorization/BASELINE.md	CERTIFICATION_EVIDENCE	certification-evidence
docs/evidence/phase-05-device-authorization/BROWSER_UX_MATRIX.md	CERTIFICATION_EVIDENCE	certification-evidence
docs/evidence/phase-05-device-authorization/CHANGED_FILES.md	CERTIFICATION_EVIDENCE	certification-evidence
docs/evidence/phase-05-device-authorization/CRYPTOGRAPHIC_PROTOCOL.md	CERTIFICATION_EVIDENCE	certification-evidence
docs/evidence/phase-05-device-authorization/DATA_EGRESS_AUDIT.md	CERTIFICATION_EVIDENCE	certification-evidence
docs/evidence/phase-05-device-authorization/DEVICE_FLOW_MATRIX.md	CERTIFICATION_EVIDENCE	certification-evidence
docs/evidence/phase-05-device-authorization/FINAL_REPORT.md	CERTIFICATION_EVIDENCE	certification-evidence
docs/evidence/phase-05-device-authorization/GIT_DIFF_SUMMARY.md	CERTIFICATION_EVIDENCE	certification-evidence
docs/evidence/phase-05-device-authorization/RATE_LIMITING.md	CERTIFICATION_EVIDENCE	certification-evidence
docs/evidence/phase-05-device-authorization/REGRESSION_RESULTS.md	CERTIFICATION_EVIDENCE	certification-evidence
docs/evidence/phase-05-device-authorization/REPLAY_PROTECTION.md	CERTIFICATION_EVIDENCE	certification-evidence
docs/evidence/phase-05-device-authorization/REQUEST_SIGNING_MATRIX.md	CERTIFICATION_EVIDENCE	certification-evidence
docs/evidence/phase-05-device-authorization/SCHEMA_AND_RLS.md	CERTIFICATION_EVIDENCE	certification-evidence
docs/evidence/phase-05-device-authorization/SECURITY_TEST_MATRIX.md	CERTIFICATION_EVIDENCE	certification-evidence
docs/evidence/phase-05-device-authorization/TEST_RESULTS.md	CERTIFICATION_EVIDENCE	certification-evidence
docs/evidence/phase-06-license-slot-reservation/ACTIVATION_ACK.md	CERTIFICATION_EVIDENCE	certification-evidence
docs/evidence/phase-06-license-slot-reservation/BASELINE.md	CERTIFICATION_EVIDENCE	certification-evidence
docs/evidence/phase-06-license-slot-reservation/CHANGED_FILES.md	CERTIFICATION_EVIDENCE	certification-evidence
docs/evidence/phase-06-license-slot-reservation/COMMERCIAL_REVERSAL_MATRIX.md	CERTIFICATION_EVIDENCE	certification-evidence
docs/evidence/phase-06-license-slot-reservation/CONCURRENCY_CERTIFICATION.md	CERTIFICATION_EVIDENCE	certification-evidence
docs/evidence/phase-06-license-slot-reservation/DEVICE_AUTH_INTEGRATION.md	CERTIFICATION_EVIDENCE	certification-evidence
docs/evidence/phase-06-license-slot-reservation/FINAL_REPORT.md	CERTIFICATION_EVIDENCE	certification-evidence
docs/evidence/phase-06-license-slot-reservation/FINGERPRINT_BINDING.md	CERTIFICATION_EVIDENCE	certification-evidence
docs/evidence/phase-06-license-slot-reservation/GIT_DIFF_SUMMARY.md	CERTIFICATION_EVIDENCE	certification-evidence
docs/evidence/phase-06-license-slot-reservation/IDEMPOTENCY_MATRIX.md	CERTIFICATION_EVIDENCE	certification-evidence
docs/evidence/phase-06-license-slot-reservation/LICENSE_ISSUANCE_COMPATIBILITY.md	CERTIFICATION_EVIDENCE	certification-evidence
docs/evidence/phase-06-license-slot-reservation/REGRESSION_RESULTS.md	CERTIFICATION_EVIDENCE	certification-evidence
docs/evidence/phase-06-license-slot-reservation/RLS_SECURITY_MATRIX.md	CERTIFICATION_EVIDENCE	certification-evidence
docs/evidence/phase-06-license-slot-reservation/SCHEMA_AND_RLS.md	CERTIFICATION_EVIDENCE	certification-evidence
docs/evidence/phase-06-license-slot-reservation/STATE_MACHINE.md	CERTIFICATION_EVIDENCE	certification-evidence
docs/evidence/phase-06-license-slot-reservation/TEST_RESULTS.md	CERTIFICATION_EVIDENCE	certification-evidence
docs/evidence/phase-06-license-slot-reservation/TRANSITION_MATRIX.md	CERTIFICATION_EVIDENCE	certification-evidence
docs/evidence/phase-06-license-slot-reservation/TTL_AND_CLEANUP.md	CERTIFICATION_EVIDENCE	certification-evidence
docs/evidence/phase-07-private-registry/ARCHITECTURE_DECISION.md	CERTIFICATION_EVIDENCE	certification-evidence
docs/evidence/phase-07-private-registry/BASELINE.md	CERTIFICATION_EVIDENCE	certification-evidence
docs/evidence/phase-07-private-registry/CHANGED_FILES.md	CERTIFICATION_EVIDENCE	certification-evidence
docs/evidence/phase-07-private-registry/FINAL_REPORT.md	CERTIFICATION_EVIDENCE	certification-evidence
docs/evidence/phase-07-private-registry/GATEWAY_PROTOCOL.md	CERTIFICATION_EVIDENCE	certification-evidence
docs/evidence/phase-07-private-registry/GIT_DIFF_SUMMARY.md	CERTIFICATION_EVIDENCE	certification-evidence
docs/evidence/phase-07-private-registry/OCI_REQUEST_MATRIX.md	CERTIFICATION_EVIDENCE	certification-evidence
docs/evidence/phase-07-private-registry/OFFLINE_BUNDLE.md	CERTIFICATION_EVIDENCE	certification-evidence
docs/evidence/phase-07-private-registry/PULL_SESSION_LIFECYCLE.md	CERTIFICATION_EVIDENCE	certification-evidence
docs/evidence/phase-07-private-registry/REFRESH_AND_REVOCATION.md	CERTIFICATION_EVIDENCE	certification-evidence
docs/evidence/phase-07-private-registry/REGRESSION_RESULTS.md	CERTIFICATION_EVIDENCE	certification-evidence
docs/evidence/phase-07-private-registry/RELEASE_CATALOG.md	CERTIFICATION_EVIDENCE	certification-evidence
docs/evidence/phase-07-private-registry/RLS_SECURITY_MATRIX.md	CERTIFICATION_EVIDENCE	certification-evidence
docs/evidence/phase-07-private-registry/SCHEMA_AND_RLS.md	CERTIFICATION_EVIDENCE	certification-evidence
docs/evidence/phase-07-private-registry/SIGNED_MANIFEST.md	CERTIFICATION_EVIDENCE	certification-evidence
docs/evidence/phase-07-private-registry/TEST_RESULTS.md	CERTIFICATION_EVIDENCE	certification-evidence
docs/evidence/phase-07-private-registry/THREAT_MODEL.md	CERTIFICATION_EVIDENCE	certification-evidence
docs/evidence/phase-07-private-registry/TOKEN_SCOPE.md	CERTIFICATION_EVIDENCE	certification-evidence
docs/evidence/phase-07-private-registry/UPSTREAM_SIMULATION.md	CERTIFICATION_EVIDENCE	certification-evidence
docs/evidence/phase-07-private-registry/VERCEL_SUITABILITY_REVIEW.md	CERTIFICATION_EVIDENCE	certification-evidence
docs/evidence/phase-07-private-registry/WORKFLOW_REVIEW.md	CERTIFICATION_EVIDENCE	certification-evidence
docs/evidence/phase-08-new-connected-activation/AUTO_ACTIVATION_MATRIX.md	CERTIFICATION_EVIDENCE	certification-evidence
docs/evidence/phase-08-new-connected-activation/BASELINE.md	CERTIFICATION_EVIDENCE	certification-evidence
docs/evidence/phase-08-new-connected-activation/BUILD_ARTIFACT.md	CERTIFICATION_EVIDENCE	certification-evidence
docs/evidence/phase-08-new-connected-activation/CHANGED_FILES.md	CERTIFICATION_EVIDENCE	certification-evidence
docs/evidence/phase-08-new-connected-activation/CLEANUP_AND_ROLLBACK.md	CERTIFICATION_EVIDENCE	certification-evidence
docs/evidence/phase-08-new-connected-activation/DEVICE_CLIENT_MATRIX.md	CERTIFICATION_EVIDENCE	certification-evidence
docs/evidence/phase-08-new-connected-activation/DISCONNECT_RESUME_MATRIX.md	CERTIFICATION_EVIDENCE	certification-evidence
docs/evidence/phase-08-new-connected-activation/DOMAIN_SSL_MATRIX.md	CERTIFICATION_EVIDENCE	certification-evidence
docs/evidence/phase-08-new-connected-activation/ERP_ORM_E2E.md	CERTIFICATION_EVIDENCE	certification-evidence
docs/evidence/phase-08-new-connected-activation/FAILURE_INJECTION.md	CERTIFICATION_EVIDENCE	certification-evidence
docs/evidence/phase-08-new-connected-activation/FINAL_REPORT.md	CERTIFICATION_EVIDENCE	certification-evidence
docs/evidence/phase-08-new-connected-activation/FINGERPRINT_CERTIFICATION.md	CERTIFICATION_EVIDENCE	certification-evidence
docs/evidence/phase-08-new-connected-activation/GIT_DIFF_SUMMARY.md	CERTIFICATION_EVIDENCE	certification-evidence
docs/evidence/phase-08-new-connected-activation/GUARD_REGRESSION.md	CERTIFICATION_EVIDENCE	certification-evidence
docs/evidence/phase-08-new-connected-activation/INSTALLER_ARCHITECTURE.md	CERTIFICATION_EVIDENCE	certification-evidence
docs/evidence/phase-08-new-connected-activation/MANUAL_ACTIVATION_MATRIX.md	CERTIFICATION_EVIDENCE	certification-evidence
docs/evidence/phase-08-new-connected-activation/OPERATION_STATE_MACHINE.md	CERTIFICATION_EVIDENCE	certification-evidence
docs/evidence/phase-08-new-connected-activation/REGISTRY_PULL_INTEGRATION.md	CERTIFICATION_EVIDENCE	certification-evidence
docs/evidence/phase-08-new-connected-activation/REGRESSION_RESULTS.md	CERTIFICATION_EVIDENCE	certification-evidence
docs/evidence/phase-08-new-connected-activation/SECRET_HANDLING_AUDIT.md	CERTIFICATION_EVIDENCE	certification-evidence
docs/evidence/phase-08-new-connected-activation/SLOT_RESERVATION_INTEGRATION.md	CERTIFICATION_EVIDENCE	certification-evidence
docs/evidence/phase-08-new-connected-activation/TENANT_PROVISIONING.md	CERTIFICATION_EVIDENCE	certification-evidence
docs/evidence/phase-08-new-connected-activation/TEST_RESULTS.md	CERTIFICATION_EVIDENCE	certification-evidence
docs/evidence/phase-09-annual-support-multi-year/ADMIN_OFFLINE_FIXTURES.md	CERTIFICATION_EVIDENCE	certification-evidence
docs/evidence/phase-09-annual-support-multi-year/BASELINE.md	CERTIFICATION_EVIDENCE	certification-evidence
docs/evidence/phase-09-annual-support-multi-year/CAPABILITY_MATRIX.md	CERTIFICATION_EVIDENCE	certification-evidence
docs/evidence/phase-09-annual-support-multi-year/CHANGED_FILES.md	CERTIFICATION_EVIDENCE	certification-evidence
docs/evidence/phase-09-annual-support-multi-year/COVERAGE_EXTENSION_MATRIX.md	CERTIFICATION_EVIDENCE	certification-evidence
docs/evidence/phase-09-annual-support-multi-year/DISCOUNT_RULE_MATRIX.md	CERTIFICATION_EVIDENCE	certification-evidence
docs/evidence/phase-09-annual-support-multi-year/FINAL_REPORT.md	CERTIFICATION_EVIDENCE	certification-evidence
docs/evidence/phase-09-annual-support-multi-year/GIT_DIFF_SUMMARY.md	CERTIFICATION_EVIDENCE	certification-evidence
docs/evidence/phase-09-annual-support-multi-year/MONTHLY_LEGACY_MATRIX.md	CERTIFICATION_EVIDENCE	certification-evidence
docs/evidence/phase-09-annual-support-multi-year/PARTIAL_REFUND_HANDLING.md	CERTIFICATION_EVIDENCE	certification-evidence
docs/evidence/phase-09-annual-support-multi-year/PORTAL_UX_MATRIX.md	CERTIFICATION_EVIDENCE	certification-evidence
docs/evidence/phase-09-annual-support-multi-year/PRICE_CALCULATION.md	CERTIFICATION_EVIDENCE	certification-evidence
docs/evidence/phase-09-annual-support-multi-year/PRODUCT_COMPATIBILITY.md	CERTIFICATION_EVIDENCE	certification-evidence
docs/evidence/phase-09-annual-support-multi-year/QUOTE_LIFECYCLE.md	CERTIFICATION_EVIDENCE	certification-evidence
docs/evidence/phase-09-annual-support-multi-year/REFUND_DISPUTE_REVOCATION.md	CERTIFICATION_EVIDENCE	certification-evidence
docs/evidence/phase-09-annual-support-multi-year/REGRESSION_RESULTS.md	CERTIFICATION_EVIDENCE	certification-evidence
docs/evidence/phase-09-annual-support-multi-year/RLS_SECURITY_MATRIX.md	CERTIFICATION_EVIDENCE	certification-evidence
docs/evidence/phase-09-annual-support-multi-year/SCHEMA_AND_RLS.md	CERTIFICATION_EVIDENCE	certification-evidence
docs/evidence/phase-09-annual-support-multi-year/STRIPE_PAYMENT_FIXTURES.md	CERTIFICATION_EVIDENCE	certification-evidence
docs/evidence/phase-09-annual-support-multi-year/TEST_RESULTS.md	CERTIFICATION_EVIDENCE	certification-evidence
docs/evidence/phase-09-annual-support/TEST_RESULTS.md	CERTIFICATION_EVIDENCE	certification-evidence
docs/evidence/phase-10-5-stage-commercial-hardening/AI_ASSISTED_ATTACK_ANALYSIS.md	CERTIFICATION_EVIDENCE	certification-evidence
docs/evidence/phase-10-5-stage-commercial-hardening/API_MATRIX.md	CERTIFICATION_EVIDENCE	certification-evidence
docs/evidence/phase-10-5-stage-commercial-hardening/BASELINE.md	CERTIFICATION_EVIDENCE	certification-evidence
docs/evidence/phase-10-5-stage-commercial-hardening/CHANGED_FILES.md	CERTIFICATION_EVIDENCE	certification-evidence
docs/evidence/phase-10-5-stage-commercial-hardening/FINAL_REPORT.md	CERTIFICATION_EVIDENCE	certification-evidence
docs/evidence/phase-10-5-stage-commercial-hardening/GIT_DIFF_SUMMARY.md	CERTIFICATION_EVIDENCE	certification-evidence
docs/evidence/phase-10-5-stage-commercial-hardening/NEUTRALIZATION_CERTIFICATION.md	CERTIFICATION_EVIDENCE	certification-evidence
docs/evidence/phase-10-5-stage-commercial-hardening/OFFLINE_AUTHORIZATION.md	CERTIFICATION_EVIDENCE	certification-evidence
docs/evidence/phase-10-5-stage-commercial-hardening/REGRESSION_RESULTS.md	CERTIFICATION_EVIDENCE	certification-evidence
docs/evidence/phase-10-5-stage-commercial-hardening/REPLAY_AND_IDEMPOTENCY.md	CERTIFICATION_EVIDENCE	certification-evidence
docs/evidence/phase-10-5-stage-commercial-hardening/RLS_SECURITY_MATRIX.md	CERTIFICATION_EVIDENCE	certification-evidence
docs/evidence/phase-10-5-stage-commercial-hardening/ROOT_ADVERSARY_MATRIX.md	CERTIFICATION_EVIDENCE	certification-evidence
docs/evidence/phase-10-5-stage-commercial-hardening/SIGNING_AND_KEY_SEPARATION.md	CERTIFICATION_EVIDENCE	certification-evidence
docs/evidence/phase-10-5-stage-commercial-hardening/STAGE_ORIGIN_CERTIFICATE.md	CERTIFICATION_EVIDENCE	certification-evidence
docs/evidence/phase-10-5-stage-commercial-hardening/TEST_RESULTS.md	CERTIFICATION_EVIDENCE	certification-evidence
docs/evidence/phase-10-5-stage-commercial-hardening/THREAT_MODEL.md	CERTIFICATION_EVIDENCE	certification-evidence
docs/evidence/phase-10-5-stage-commercial-hardening/TICKET_SCHEMA.md	CERTIFICATION_EVIDENCE	certification-evidence
docs/evidence/phase-10-5-stage-commercial-hardening/TOOLING_ARTIFACT.md	CERTIFICATION_EVIDENCE	certification-evidence
docs/evidence/phase-10-5-stage-commercial-hardening/TRACEABILITY_PRIVACY_REVIEW.md	CERTIFICATION_EVIDENCE	certification-evidence
docs/evidence/phase-10-5-stage-commercial-hardening/TRUST_BOUNDARIES.md	CERTIFICATION_EVIDENCE	certification-evidence
docs/evidence/phase-10-5-stage-commercial-hardening/VERIFIER_MATRIX.md	CERTIFICATION_EVIDENCE	certification-evidence
docs/evidence/phase-10-stage-license/ADMIN_OFFLINE_FIXTURES.md	CERTIFICATION_EVIDENCE	certification-evidence
docs/evidence/phase-10-stage-license/BASELINE.md	CERTIFICATION_EVIDENCE	certification-evidence
docs/evidence/phase-10-stage-license/CANCELLATION_EXPIRY.md	CERTIFICATION_EVIDENCE	certification-evidence
docs/evidence/phase-10-stage-license/CAPABILITY_MATRIX.md	CERTIFICATION_EVIDENCE	certification-evidence
docs/evidence/phase-10-stage-license/CHANGED_FILES.md	CERTIFICATION_EVIDENCE	certification-evidence
docs/evidence/phase-10-stage-license/DEVICE_ENTITLEMENT_API.md	CERTIFICATION_EVIDENCE	certification-evidence
docs/evidence/phase-10-stage-license/EXACT_LICENSE_MATRIX.md	CERTIFICATION_EVIDENCE	certification-evidence
docs/evidence/phase-10-stage-license/FINAL_REPORT.md	CERTIFICATION_EVIDENCE	certification-evidence
docs/evidence/phase-10-stage-license/GIT_DIFF_SUMMARY.md	CERTIFICATION_EVIDENCE	certification-evidence
docs/evidence/phase-10-stage-license/OPERATION_GATING_MATRIX.md	CERTIFICATION_EVIDENCE	certification-evidence
docs/evidence/phase-10-stage-license/OPERATION_MATRIX.md	CERTIFICATION_EVIDENCE	certification-evidence
docs/evidence/phase-10-stage-license/PORTAL_UX_MATRIX.md	CERTIFICATION_EVIDENCE	certification-evidence
docs/evidence/phase-10-stage-license/PRODUCT_AND_PRICING.md	CERTIFICATION_EVIDENCE	certification-evidence
docs/evidence/phase-10-stage-license/REFUND_DISPUTE_REVOCATION.md	CERTIFICATION_EVIDENCE	certification-evidence
docs/evidence/phase-10-stage-license/REGRESSION_RESULTS.md	CERTIFICATION_EVIDENCE	certification-evidence
docs/evidence/phase-10-stage-license/RLS_SECURITY_MATRIX.md	CERTIFICATION_EVIDENCE	certification-evidence
docs/evidence/phase-10-stage-license/SCHEMA_AND_RLS.md	CERTIFICATION_EVIDENCE	certification-evidence
docs/evidence/phase-10-stage-license/STRIPE_SUBSCRIPTION_FIXTURES.md	CERTIFICATION_EVIDENCE	certification-evidence
docs/evidence/phase-10-stage-license/TEST_RESULTS.md	CERTIFICATION_EVIDENCE	certification-evidence
docs/evidence/phase-11-5-saas-ux-closure/ACCESSIBILITY_MATRIX.md	CERTIFICATION_EVIDENCE	certification-evidence
docs/evidence/phase-11-5-saas-ux-closure/ADDITIVE_CAPABILITY_AUDIT.md	CERTIFICATION_EVIDENCE	certification-evidence
docs/evidence/phase-11-5-saas-ux-closure/ADD_TO_BASKET_E2E.md	CERTIFICATION_EVIDENCE	certification-evidence
docs/evidence/phase-11-5-saas-ux-closure/ADMIN_UX_MATRIX.md	CERTIFICATION_EVIDENCE	certification-evidence
docs/evidence/phase-11-5-saas-ux-closure/ANNUAL_SUPPORT_CALCULATION_MATRIX.md	CERTIFICATION_EVIDENCE	certification-evidence
docs/evidence/phase-11-5-saas-ux-closure/ANNUAL_SUPPORT_FULL_E2E.md	CERTIFICATION_EVIDENCE	certification-evidence
docs/evidence/phase-11-5-saas-ux-closure/ANNUAL_SUPPORT_RENEWAL_MATRIX.md	CERTIFICATION_EVIDENCE	certification-evidence
docs/evidence/phase-11-5-saas-ux-closure/AUTOMATIC_ACTIVATION_FULL_E2E.md	CERTIFICATION_EVIDENCE	certification-evidence
docs/evidence/phase-11-5-saas-ux-closure/CAPABILITY_UI_COVERAGE.md	CERTIFICATION_EVIDENCE	certification-evidence
docs/evidence/phase-11-5-saas-ux-closure/CHECKOUT_IDEMPOTENCY_MATRIX.md	CERTIFICATION_EVIDENCE	certification-evidence
docs/evidence/phase-11-5-saas-ux-closure/COUPON_AND_PROMOTION_MATRIX.md	CERTIFICATION_EVIDENCE	certification-evidence
docs/evidence/phase-11-5-saas-ux-closure/CURRENCY_MINOR_UNIT_RECONCILIATION.md	CERTIFICATION_EVIDENCE	certification-evidence
docs/evidence/phase-11-5-saas-ux-closure/CUSTOMER_UX_MATRIX.md	CERTIFICATION_EVIDENCE	certification-evidence
docs/evidence/phase-11-5-saas-ux-closure/DEMO_SEED_MATRIX.md	CERTIFICATION_EVIDENCE	certification-evidence
docs/evidence/phase-11-5-saas-ux-closure/DEMO_SUPABASE_SCHEMA_CLOSURE.md	CERTIFICATION_EVIDENCE	certification-evidence
docs/evidence/phase-11-5-saas-ux-closure/ERROR_AND_RECOVERY_UX.md	CERTIFICATION_EVIDENCE	certification-evidence
docs/evidence/phase-11-5-saas-ux-closure/FINAL_BUILD_AND_BROWSER_GATE.md	CERTIFICATION_EVIDENCE	certification-evidence
docs/evidence/phase-11-5-saas-ux-closure/FINAL_REPORT.md	CERTIFICATION_EVIDENCE	certification-evidence
docs/evidence/phase-11-5-saas-ux-closure/FULL_FUNCTIONAL_REGRESSION.md	CERTIFICATION_EVIDENCE	certification-evidence
docs/evidence/phase-11-5-saas-ux-closure/FULL_PLATFORM_PREVIEW.md	CERTIFICATION_EVIDENCE	certification-evidence
docs/evidence/phase-11-5-saas-ux-closure/FUNCTIONAL_FREEZE_CERTIFICATION.md	CERTIFICATION_EVIDENCE	certification-evidence
docs/evidence/phase-11-5-saas-ux-closure/GIT_DIFF_SUMMARY.md	CERTIFICATION_EVIDENCE	certification-evidence
docs/evidence/phase-11-5-saas-ux-closure/IA_CORRECTION_SUMMARY.md	CERTIFICATION_EVIDENCE	certification-evidence
docs/evidence/phase-11-5-saas-ux-closure/INSTANCE_CARD_AND_DETAIL_UX.md	CERTIFICATION_EVIDENCE	certification-evidence
docs/evidence/phase-11-5-saas-ux-closure/INSTANCE_DETAILS_VISUAL_IMPLEMENTATION.md	CERTIFICATION_EVIDENCE	certification-evidence
docs/evidence/phase-11-5-saas-ux-closure/LEGACY_UI_REMOVAL.md	CERTIFICATION_EVIDENCE	certification-evidence
docs/evidence/phase-11-5-saas-ux-closure/LICENSE_CENTERED_UX_MAP.md	CERTIFICATION_EVIDENCE	certification-evidence
docs/evidence/phase-11-5-saas-ux-closure/LIVE_UI_BASELINE_PRESERVATION.md	CERTIFICATION_EVIDENCE	certification-evidence
docs/evidence/phase-11-5-saas-ux-closure/LOCALIZATION_AND_PRICE_BOOK_MATRIX.md	CERTIFICATION_EVIDENCE	certification-evidence
docs/evidence/phase-11-5-saas-ux-closure/MANUAL_AND_AUTOMATIC_ACTIVATION.md	CERTIFICATION_EVIDENCE	certification-evidence
docs/evidence/phase-11-5-saas-ux-closure/MIGRATION_FLOW_REGRESSION.md	CERTIFICATION_EVIDENCE	certification-evidence
docs/evidence/phase-11-5-saas-ux-closure/OLD_FLOW_BACKWARD_COMPATIBILITY.md	CERTIFICATION_EVIDENCE	certification-evidence
docs/evidence/phase-11-5-saas-ux-closure/OWNER_APPROVED_INSTANCE_DESIGN.md	CERTIFICATION_EVIDENCE	certification-evidence
docs/evidence/phase-11-5-saas-ux-closure/OWNER_REVIEW_FEEDBACK_AND_CORRECTION.md	CERTIFICATION_EVIDENCE	certification-evidence
docs/evidence/phase-11-5-saas-ux-closure/OWNER_REVIEW_ROUND_2.md	CERTIFICATION_EVIDENCE	certification-evidence
docs/evidence/phase-11-5-saas-ux-closure/OWNER_REVIEW_ROUND_3.md	CERTIFICATION_EVIDENCE	certification-evidence
docs/evidence/phase-11-5-saas-ux-closure/OWNER_REVIEW_ROUND_4.md	CERTIFICATION_EVIDENCE	certification-evidence
docs/evidence/phase-11-5-saas-ux-closure/PLAYWRIGHT_BROWSER_MATRIX.md	CERTIFICATION_EVIDENCE	certification-evidence
docs/evidence/phase-11-5-saas-ux-closure/PREVIEW_ENVIRONMENT.md	CERTIFICATION_EVIDENCE	certification-evidence
docs/evidence/phase-11-5-saas-ux-closure/PRODUCT_EXPERIENCE_JOURNEYS.md	CERTIFICATION_EVIDENCE	certification-evidence
docs/evidence/phase-11-5-saas-ux-closure/REAL_PLATFORM_OWNER_PREVIEW.md	CERTIFICATION_EVIDENCE	certification-evidence
docs/evidence/phase-11-5-saas-ux-closure/REAL_SAAS_INTEGRATION_CORRECTION.md	CERTIFICATION_EVIDENCE	certification-evidence
docs/evidence/phase-11-5-saas-ux-closure/REGRESSION_RESULTS.md	CERTIFICATION_EVIDENCE	certification-evidence
docs/evidence/phase-11-5-saas-ux-closure/RESPONSIVE_MATRIX.md	CERTIFICATION_EVIDENCE	certification-evidence
docs/evidence/phase-11-5-saas-ux-closure/ROLE_SECURITY_MATRIX.md	CERTIFICATION_EVIDENCE	certification-evidence
docs/evidence/phase-11-5-saas-ux-closure/RTL_MATRIX.md	CERTIFICATION_EVIDENCE	certification-evidence
docs/evidence/phase-11-5-saas-ux-closure/SAAS_FREEZE_HANDOFF.md	CERTIFICATION_EVIDENCE	certification-evidence
docs/evidence/phase-11-5-saas-ux-closure/STAGE_LICENSE_CALCULATION_MATRIX.md	CERTIFICATION_EVIDENCE	certification-evidence
docs/evidence/phase-11-5-saas-ux-closure/STAGE_LICENSE_CHECKOUT.md	CERTIFICATION_EVIDENCE	certification-evidence
docs/evidence/phase-11-5-saas-ux-closure/STAGE_LICENSE_FULL_E2E.md	CERTIFICATION_EVIDENCE	certification-evidence
docs/evidence/phase-11-5-saas-ux-closure/STRIPE_TEST_CHECKOUT_EVIDENCE.md	CERTIFICATION_EVIDENCE	certification-evidence
docs/evidence/phase-11-5-saas-ux-closure/SUPPORT_PRICING_AND_CHECKOUT.md	CERTIFICATION_EVIDENCE	certification-evidence
docs/evidence/phase-11-5-saas-ux-closure/TEST_RESULTS.md	CERTIFICATION_EVIDENCE	certification-evidence
docs/evidence/phase-11-5-saas-ux-closure/UUID_AND_IDEMPOTENCY_FIX.md	CERTIFICATION_EVIDENCE	certification-evidence
docs/evidence/phase-11-multi-stage-runtime/BASELINE.md	CERTIFICATION_EVIDENCE	certification-evidence
docs/evidence/phase-11-multi-stage-runtime/BUILD_ARTIFACT.md	CERTIFICATION_EVIDENCE	certification-evidence
docs/evidence/phase-11-multi-stage-runtime/CHANGED_FILES.md	CERTIFICATION_EVIDENCE	certification-evidence
docs/evidence/phase-11-multi-stage-runtime/CLEANUP_AND_DROP_SAFETY.md	CERTIFICATION_EVIDENCE	certification-evidence
docs/evidence/phase-11-multi-stage-runtime/CROSS_PRODUCTION_ISOLATION.md	CERTIFICATION_EVIDENCE	certification-evidence
docs/evidence/phase-11-multi-stage-runtime/DATABASE_SNAPSHOT_AND_RESTORE.md	CERTIFICATION_EVIDENCE	certification-evidence
docs/evidence/phase-11-multi-stage-runtime/DEVICE_ENTITLEMENT_INTEGRATION.md	CERTIFICATION_EVIDENCE	certification-evidence
docs/evidence/phase-11-multi-stage-runtime/DISCONNECT_RESUME_MATRIX.md	CERTIFICATION_EVIDENCE	certification-evidence
docs/evidence/phase-11-multi-stage-runtime/DOMAIN_SSL_MATRIX.md	CERTIFICATION_EVIDENCE	certification-evidence
docs/evidence/phase-11-multi-stage-runtime/ENTITLEMENT_EXPIRY_MATRIX.md	CERTIFICATION_EVIDENCE	certification-evidence
docs/evidence/phase-11-multi-stage-runtime/FAILURE_INJECTION.md	CERTIFICATION_EVIDENCE	certification-evidence
docs/evidence/phase-11-multi-stage-runtime/FILESTORE_CLONE.md	CERTIFICATION_EVIDENCE	certification-evidence
docs/evidence/phase-11-multi-stage-runtime/FINAL_REPORT.md	CERTIFICATION_EVIDENCE	certification-evidence
docs/evidence/phase-11-multi-stage-runtime/GIT_DIFF_SUMMARY.md	CERTIFICATION_EVIDENCE	certification-evidence
docs/evidence/phase-11-multi-stage-runtime/INSTALLER_COMMANDS.md	CERTIFICATION_EVIDENCE	certification-evidence
docs/evidence/phase-11-multi-stage-runtime/LIVE_POSTGRES_E2E.md	CERTIFICATION_EVIDENCE	certification-evidence
docs/evidence/phase-11-multi-stage-runtime/MULTI_STAGE_MATRIX.md	CERTIFICATION_EVIDENCE	certification-evidence
docs/evidence/phase-11-multi-stage-runtime/NEUTRALIZATION_MATRIX.md	CERTIFICATION_EVIDENCE	certification-evidence
docs/evidence/phase-11-multi-stage-runtime/OFFLINE_FULL_E2E.md	CERTIFICATION_EVIDENCE	certification-evidence
docs/evidence/phase-11-multi-stage-runtime/OFFLINE_STAGE_CREATION.md	CERTIFICATION_EVIDENCE	certification-evidence
docs/evidence/phase-11-multi-stage-runtime/PRODUCTION_IMPACT.md	CERTIFICATION_EVIDENCE	certification-evidence
docs/evidence/phase-11-multi-stage-runtime/PRODUCTION_SELECTION.md	CERTIFICATION_EVIDENCE	certification-evidence
docs/evidence/phase-11-multi-stage-runtime/REBOOT_RECOVERY_E2E.md	CERTIFICATION_EVIDENCE	certification-evidence
docs/evidence/phase-11-multi-stage-runtime/REGRESSION_RESULTS.md	CERTIFICATION_EVIDENCE	certification-evidence
docs/evidence/phase-11-multi-stage-runtime/RESOURCE_ADMISSION.md	CERTIFICATION_EVIDENCE	certification-evidence
docs/evidence/phase-11-multi-stage-runtime/RUNTIME_ISOLATION.md	CERTIFICATION_EVIDENCE	certification-evidence
docs/evidence/phase-11-multi-stage-runtime/SECRET_HANDLING_AUDIT.md	CERTIFICATION_EVIDENCE	certification-evidence
docs/evidence/phase-11-multi-stage-runtime/SECURITY_ADVERSARY_MATRIX.md	CERTIFICATION_EVIDENCE	certification-evidence
docs/evidence/phase-11-multi-stage-runtime/STAGE_IDENTITY_AND_INVENTORY.md	CERTIFICATION_EVIDENCE	certification-evidence
docs/evidence/phase-11-multi-stage-runtime/STAGE_OPERATION_STATE_MACHINE.md	CERTIFICATION_EVIDENCE	certification-evidence
docs/evidence/phase-11-multi-stage-runtime/STAGE_ORIGIN_CERTIFICATION.md	CERTIFICATION_EVIDENCE	certification-evidence
docs/evidence/phase-11-multi-stage-runtime/TEST_RESULTS.md	CERTIFICATION_EVIDENCE	certification-evidence
docs/evidence/phase-11-multi-stage-runtime/TICKET_AND_TOOLING_INTEGRATION.md	CERTIFICATION_EVIDENCE	certification-evidence
docs/evidence/phase-12-domain-ssl-lifecycle/ACME_PROVIDER_ABSTRACTION.md	CERTIFICATION_EVIDENCE	certification-evidence
docs/evidence/phase-12-domain-ssl-lifecycle/BASELINE.md	CERTIFICATION_EVIDENCE	certification-evidence
docs/evidence/phase-12-domain-ssl-lifecycle/BUILD_ARTIFACT.md	CERTIFICATION_EVIDENCE	certification-evidence
docs/evidence/phase-12-domain-ssl-lifecycle/CERTIFICATE_INVENTORY.md	CERTIFICATION_EVIDENCE	certification-evidence
docs/evidence/phase-12-domain-ssl-lifecycle/CERTIFICATE_MONITORING.md	CERTIFICATION_EVIDENCE	certification-evidence
docs/evidence/phase-12-domain-ssl-lifecycle/CERTIFICATE_PROMOTION_AND_ROLLBACK.md	CERTIFICATION_EVIDENCE	certification-evidence
docs/evidence/phase-12-domain-ssl-lifecycle/CERTIFICATE_STATE_MACHINE.md	CERTIFICATION_EVIDENCE	certification-evidence
docs/evidence/phase-12-domain-ssl-lifecycle/CHANGED_FILES.md	CERTIFICATION_EVIDENCE	certification-evidence
docs/evidence/phase-12-domain-ssl-lifecycle/DISCONNECT_RESUME_MATRIX.md	CERTIFICATION_EVIDENCE	certification-evidence
docs/evidence/phase-12-domain-ssl-lifecycle/DNS_CHALLENGE_PROTOCOL.md	CERTIFICATION_EVIDENCE	certification-evidence
docs/evidence/phase-12-domain-ssl-lifecycle/EXPIRED_CERTIFICATE_RECOVERY.md	CERTIFICATION_EVIDENCE	certification-evidence
docs/evidence/phase-12-domain-ssl-lifecycle/FAILURE_INJECTION.md	CERTIFICATION_EVIDENCE	certification-evidence
docs/evidence/phase-12-domain-ssl-lifecycle/FINAL_REPORT.md	CERTIFICATION_EVIDENCE	certification-evidence
docs/evidence/phase-12-domain-ssl-lifecycle/GIT_DIFF_SUMMARY.md	CERTIFICATION_EVIDENCE	certification-evidence
docs/evidence/phase-12-domain-ssl-lifecycle/LOCAL_STATUS_AND_REPAIR.md	CERTIFICATION_EVIDENCE	certification-evidence
docs/evidence/phase-12-domain-ssl-lifecycle/NGINX_OWNERSHIP.md	CERTIFICATION_EVIDENCE	certification-evidence
docs/evidence/phase-12-domain-ssl-lifecycle/PERFORMANCE_AND_IMPACT.md	CERTIFICATION_EVIDENCE	certification-evidence
docs/evidence/phase-12-domain-ssl-lifecycle/PHASE_11_OWNERSHIP_PRESERVATION.md	CERTIFICATION_EVIDENCE	certification-evidence
docs/evidence/phase-12-domain-ssl-lifecycle/PRODUCTION_RENEWAL_E2E.md	CERTIFICATION_EVIDENCE	certification-evidence
docs/evidence/phase-12-domain-ssl-lifecycle/PRODUCTION_SSL_POLICY.md	CERTIFICATION_EVIDENCE	certification-evidence
docs/evidence/phase-12-domain-ssl-lifecycle/PUBLIC_PRIVATE_CA_MATRIX.md	CERTIFICATION_EVIDENCE	certification-evidence
docs/evidence/phase-12-domain-ssl-lifecycle/REBOOT_RECOVERY.md	CERTIFICATION_EVIDENCE	certification-evidence
docs/evidence/phase-12-domain-ssl-lifecycle/REGRESSION_RESULTS.md	CERTIFICATION_EVIDENCE	certification-evidence
docs/evidence/phase-12-domain-ssl-lifecycle/RENEWAL_SCHEDULER.md	CERTIFICATION_EVIDENCE	certification-evidence
docs/evidence/phase-12-domain-ssl-lifecycle/RETRY_BACKOFF_MATRIX.md	CERTIFICATION_EVIDENCE	certification-evidence
docs/evidence/phase-12-domain-ssl-lifecycle/SECRET_HANDLING_AUDIT.md	CERTIFICATION_EVIDENCE	certification-evidence
docs/evidence/phase-12-domain-ssl-lifecycle/SECURITY_ADVERSARY_MATRIX.md	CERTIFICATION_EVIDENCE	certification-evidence
docs/evidence/phase-12-domain-ssl-lifecycle/STAGE_RENEWAL_E2E.md	CERTIFICATION_EVIDENCE	certification-evidence
docs/evidence/phase-12-domain-ssl-lifecycle/STAGE_SSL_POLICY.md	CERTIFICATION_EVIDENCE	certification-evidence
docs/evidence/phase-12-domain-ssl-lifecycle/TEMPORARY_HTTP_AND_READINESS.md	CERTIFICATION_EVIDENCE	certification-evidence
docs/evidence/phase-12-domain-ssl-lifecycle/TEST_RESULTS.md	CERTIFICATION_EVIDENCE	certification-evidence
docs/evidence/phase-12-domain-ssl-lifecycle/WILDCARD_CERTIFICATE_MATRIX.md	CERTIFICATION_EVIDENCE	certification-evidence
docs/evidence/phase-12-scope-correction/CORRECTED_SCOPE.md	CERTIFICATION_EVIDENCE	certification-evidence
docs/evidence/phase-12-scope-correction/FINAL_REPORT.md	CERTIFICATION_EVIDENCE	certification-evidence
docs/evidence/phase-12-scope-correction/GIT_DIFF_SUMMARY.md	CERTIFICATION_EVIDENCE	certification-evidence
docs/evidence/phase-12-scope-correction/OVERLAP_ANALYSIS.md	CERTIFICATION_EVIDENCE	certification-evidence
docs/evidence/phase-12-scope-correction/OWNER_DECISIONS_REQUIRED.md	CERTIFICATION_EVIDENCE	certification-evidence
docs/evidence/phase-13-stage-retention/AUTOMATIC_DELETION.md	CERTIFICATION_EVIDENCE	certification-evidence
docs/evidence/phase-13-stage-retention/BASELINE.md	CERTIFICATION_EVIDENCE	certification-evidence
docs/evidence/phase-13-stage-retention/BUILD_ARTIFACT.md	CERTIFICATION_EVIDENCE	certification-evidence
docs/evidence/phase-13-stage-retention/CALENDAR_DAY_SEMANTICS.md	CERTIFICATION_EVIDENCE	certification-evidence
docs/evidence/phase-13-stage-retention/CHANGED_FILES.md	CERTIFICATION_EVIDENCE	certification-evidence
docs/evidence/phase-13-stage-retention/COUNTDOWN_BANNER.md	CERTIFICATION_EVIDENCE	certification-evidence
docs/evidence/phase-13-stage-retention/DISCONNECT_RESUME_MATRIX.md	CERTIFICATION_EVIDENCE	certification-evidence
docs/evidence/phase-13-stage-retention/ENTITLEMENT_INDEPENDENCE.md	CERTIFICATION_EVIDENCE	certification-evidence
docs/evidence/phase-13-stage-retention/EXTENSION_MATRIX.md	CERTIFICATION_EVIDENCE	certification-evidence
docs/evidence/phase-13-stage-retention/FAILURE_INJECTION.md	CERTIFICATION_EVIDENCE	certification-evidence
docs/evidence/phase-13-stage-retention/FINAL_BACKUP.md	CERTIFICATION_EVIDENCE	certification-evidence
docs/evidence/phase-13-stage-retention/FINAL_REPORT.md	CERTIFICATION_EVIDENCE	certification-evidence
docs/evidence/phase-13-stage-retention/GIT_DIFF_SUMMARY.md	CERTIFICATION_EVIDENCE	certification-evidence
docs/evidence/phase-13-stage-retention/MULTI_STAGE_RETENTION_MATRIX.md	CERTIFICATION_EVIDENCE	certification-evidence
docs/evidence/phase-13-stage-retention/PARTIAL_DELETION_RECOVERY.md	CERTIFICATION_EVIDENCE	certification-evidence
docs/evidence/phase-13-stage-retention/PERFORMANCE_AND_IMPACT.md	CERTIFICATION_EVIDENCE	certification-evidence
docs/evidence/phase-13-stage-retention/REBOOT_RECOVERY.md	CERTIFICATION_EVIDENCE	certification-evidence
docs/evidence/phase-13-stage-retention/REGRESSION_RESULTS.md	CERTIFICATION_EVIDENCE	certification-evidence
docs/evidence/phase-13-stage-retention/RETENTION_INVENTORY.md	CERTIFICATION_EVIDENCE	certification-evidence
docs/evidence/phase-13-stage-retention/RETENTION_POLICY.md	CERTIFICATION_EVIDENCE	certification-evidence
docs/evidence/phase-13-stage-retention/RETENTION_STATE_MACHINE.md	CERTIFICATION_EVIDENCE	certification-evidence
docs/evidence/phase-13-stage-retention/SAFE_SHIELD_MATRIX.md	CERTIFICATION_EVIDENCE	certification-evidence
docs/evidence/phase-13-stage-retention/SECRET_HANDLING_AUDIT.md	CERTIFICATION_EVIDENCE	certification-evidence
docs/evidence/phase-13-stage-retention/SECURITY_ADVERSARY_MATRIX.md	CERTIFICATION_EVIDENCE	certification-evidence
docs/evidence/phase-13-stage-retention/TEST_RESULTS.md	CERTIFICATION_EVIDENCE	certification-evidence
docs/evidence/phase-13-stage-retention/TOMBSTONE_PROTOCOL.md	CERTIFICATION_EVIDENCE	certification-evidence
docs/evidence/phase-13-stage-retention/WARNING_SCHEDULE.md	CERTIFICATION_EVIDENCE	certification-evidence
docs/evidence/phase-14-canonical-sync-closure/ADAPTER_COVERAGE.md	CERTIFICATION_EVIDENCE	certification-evidence
docs/evidence/phase-14-canonical-sync-closure/BASELINE.md	CERTIFICATION_EVIDENCE	certification-evidence
docs/evidence/phase-14-canonical-sync-closure/BUILD_ARTIFACT.md	CERTIFICATION_EVIDENCE	certification-evidence
docs/evidence/phase-14-canonical-sync-closure/CONFLICT_SAFETY.md	CERTIFICATION_EVIDENCE	certification-evidence
docs/evidence/phase-14-canonical-sync-closure/FAILURE_BOUNDARY_MATRIX.md	CERTIFICATION_EVIDENCE	certification-evidence
docs/evidence/phase-14-canonical-sync-closure/FINAL_REPORT.md	CERTIFICATION_EVIDENCE	certification-evidence
docs/evidence/phase-14-canonical-sync-closure/GIT_DIFF_SUMMARY.md	CERTIFICATION_EVIDENCE	certification-evidence
docs/evidence/phase-14-canonical-sync-closure/PERFORMANCE_IMPACT.md	CERTIFICATION_EVIDENCE	certification-evidence
docs/evidence/phase-14-canonical-sync-closure/RECONCILIATION_MATRIX.md	CERTIFICATION_EVIDENCE	certification-evidence
docs/evidence/phase-14-canonical-sync-closure/REGRESSION_RESULTS.md	CERTIFICATION_EVIDENCE	certification-evidence
docs/evidence/phase-14-canonical-sync-closure/REVISION_MODEL.md	CERTIFICATION_EVIDENCE	certification-evidence
docs/evidence/phase-14-canonical-sync-closure/ROOT_CAUSE.md	CERTIFICATION_EVIDENCE	certification-evidence
docs/evidence/phase-14-canonical-sync-closure/SCHEDULER_SAFETY.md	CERTIFICATION_EVIDENCE	certification-evidence
docs/evidence/phase-14-canonical-sync-closure/SYNC_ARCHITECTURE.md	CERTIFICATION_EVIDENCE	certification-evidence
docs/evidence/phase-14-canonical-sync-closure/TERMINAL_SYNC_MATRIX.md	CERTIFICATION_EVIDENCE	certification-evidence
docs/evidence/phase-14-canonical-sync-closure/TEST_RESULTS.md	CERTIFICATION_EVIDENCE	certification-evidence
docs/evidence/phase-14-canonical-sync-closure/WRITE_ORDERING.md	CERTIFICATION_EVIDENCE	certification-evidence
docs/evidence/phase-14-scope-correction/COMPLETED_OPERATION_CAPABILITIES.md	CERTIFICATION_EVIDENCE	certification-evidence
docs/evidence/phase-14-scope-correction/CORRECTED_SCOPE.md	CERTIFICATION_EVIDENCE	certification-evidence
docs/evidence/phase-14-scope-correction/CROSS_COMMAND_CONFLICT_MODEL.md	CERTIFICATION_EVIDENCE	certification-evidence
docs/evidence/phase-14-scope-correction/FINAL_REPORT.md	CERTIFICATION_EVIDENCE	certification-evidence
docs/evidence/phase-14-scope-correction/FUTURE_ACCEPTANCE_GATES.md	CERTIFICATION_EVIDENCE	certification-evidence
docs/evidence/phase-14-scope-correction/GIT_DIFF_SUMMARY.md	CERTIFICATION_EVIDENCE	certification-evidence
docs/evidence/phase-14-scope-correction/OVERLAP_ANALYSIS.md	CERTIFICATION_EVIDENCE	certification-evidence
docs/evidence/phase-14-unified-operation-engine/BACKWARD_COMPATIBILITY.md	CERTIFICATION_EVIDENCE	certification-evidence
docs/evidence/phase-14-unified-operation-engine/BASELINE.md	CERTIFICATION_EVIDENCE	certification-evidence
docs/evidence/phase-14-unified-operation-engine/BUILD_ARTIFACT.md	CERTIFICATION_EVIDENCE	certification-evidence
docs/evidence/phase-14-unified-operation-engine/CANCELLATION_MATRIX.md	CERTIFICATION_EVIDENCE	certification-evidence
docs/evidence/phase-14-unified-operation-engine/CANONICAL_OPERATION_SCHEMA.md	CERTIFICATION_EVIDENCE	certification-evidence
docs/evidence/phase-14-unified-operation-engine/CHANGED_FILES.md	CERTIFICATION_EVIDENCE	certification-evidence
docs/evidence/phase-14-unified-operation-engine/COMMAND_ADAPTER_MATRIX.md	CERTIFICATION_EVIDENCE	certification-evidence
docs/evidence/phase-14-unified-operation-engine/CONFLICT_MATRIX.md	CERTIFICATION_EVIDENCE	certification-evidence
docs/evidence/phase-14-unified-operation-engine/DISCONNECT_RESUME_MATRIX.md	CERTIFICATION_EVIDENCE	certification-evidence
docs/evidence/phase-14-unified-operation-engine/EXISTING_ENGINE_INVENTORY.md	CERTIFICATION_EVIDENCE	certification-evidence
docs/evidence/phase-14-unified-operation-engine/FAILURE_INJECTION.md	CERTIFICATION_EVIDENCE	certification-evidence
docs/evidence/phase-14-unified-operation-engine/FINAL_REPORT.md	CERTIFICATION_EVIDENCE	certification-evidence
docs/evidence/phase-14-unified-operation-engine/GIT_DIFF_SUMMARY.md	CERTIFICATION_EVIDENCE	certification-evidence
docs/evidence/phase-14-unified-operation-engine/GLOBAL_OPERATION_REGISTRY.md	CERTIFICATION_EVIDENCE	certification-evidence
docs/evidence/phase-14-unified-operation-engine/HEARTBEAT_PROTOCOL.md	CERTIFICATION_EVIDENCE	certification-evidence
docs/evidence/phase-14-unified-operation-engine/LEGACY_STATE_MIGRATION.md	CERTIFICATION_EVIDENCE	certification-evidence
docs/evidence/phase-14-unified-operation-engine/LOCKING_AND_FENCING.md	CERTIFICATION_EVIDENCE	certification-evidence
docs/evidence/phase-14-unified-operation-engine/LOGGING_AND_REDACTION.md	CERTIFICATION_EVIDENCE	certification-evidence
docs/evidence/phase-14-unified-operation-engine/OPERATION_HISTORY.md	CERTIFICATION_EVIDENCE	certification-evidence
docs/evidence/phase-14-unified-operation-engine/ORPHAN_RECONCILIATION.md	CERTIFICATION_EVIDENCE	certification-evidence
docs/evidence/phase-14-unified-operation-engine/PERFORMANCE_AND_IMPACT.md	CERTIFICATION_EVIDENCE	certification-evidence
docs/evidence/phase-14-unified-operation-engine/REATTACH_MATRIX.md	CERTIFICATION_EVIDENCE	certification-evidence
docs/evidence/phase-14-unified-operation-engine/REBOOT_RECOVERY.md	CERTIFICATION_EVIDENCE	certification-evidence
docs/evidence/phase-14-unified-operation-engine/RECOVERY_MATRIX.md	CERTIFICATION_EVIDENCE	certification-evidence
docs/evidence/phase-14-unified-operation-engine/REGRESSION_RESULTS.md	CERTIFICATION_EVIDENCE	certification-evidence
docs/evidence/phase-14-unified-operation-engine/RETRY_MATRIX.md	CERTIFICATION_EVIDENCE	certification-evidence
docs/evidence/phase-14-unified-operation-engine/SCHEDULER_COORDINATION.md	CERTIFICATION_EVIDENCE	certification-evidence
docs/evidence/phase-14-unified-operation-engine/SECRET_HANDLING_AUDIT.md	CERTIFICATION_EVIDENCE	certification-evidence
docs/evidence/phase-14-unified-operation-engine/SECURITY_ADVERSARY_MATRIX.md	CERTIFICATION_EVIDENCE	certification-evidence
docs/evidence/phase-14-unified-operation-engine/SHARED_STATE_MACHINE.md	CERTIFICATION_EVIDENCE	certification-evidence
docs/evidence/phase-14-unified-operation-engine/SYSTEMD_CONTRACT.md	CERTIFICATION_EVIDENCE	certification-evidence
docs/evidence/phase-14-unified-operation-engine/TEST_RESULTS.md	CERTIFICATION_EVIDENCE	certification-evidence
docs/evidence/phase-14-unified-operation-engine/UNIFIED_CLI.md	CERTIFICATION_EVIDENCE	certification-evidence
docs/evidence/phase-15-final-certification-closure/BASELINE.md	CERTIFICATION_EVIDENCE	certification-evidence
docs/evidence/phase-15-final-certification-closure/BUILD_ARTIFACT.md	CERTIFICATION_EVIDENCE	certification-evidence
docs/evidence/phase-15-final-certification-closure/CUSTOM_ADDON_FAILURE.md	CERTIFICATION_EVIDENCE	certification-evidence
docs/evidence/phase-15-final-certification-closure/FAILURE_INJECTION.md	CERTIFICATION_EVIDENCE	certification-evidence
docs/evidence/phase-15-final-certification-closure/FINAL_REPORT.md	CERTIFICATION_EVIDENCE	certification-evidence
docs/evidence/phase-15-final-certification-closure/FORBIDDEN_PRUNE_STATIC_GATE.md	CERTIFICATION_EVIDENCE	certification-evidence
docs/evidence/phase-15-final-certification-closure/GIT_DIFF_SUMMARY.md	CERTIFICATION_EVIDENCE	certification-evidence
docs/evidence/phase-15-final-certification-closure/IMAGE_CLASSIFICATION_MATRIX.md	CERTIFICATION_EVIDENCE	certification-evidence
docs/evidence/phase-15-final-certification-closure/IMAGE_CLEANUP_DRY_RUN.md	CERTIFICATION_EVIDENCE	certification-evidence
docs/evidence/phase-15-final-certification-closure/IMAGE_CLEANUP_E2E.md	CERTIFICATION_EVIDENCE	certification-evidence
docs/evidence/phase-15-final-certification-closure/IMAGE_OWNERSHIP_MODEL.md	CERTIFICATION_EVIDENCE	certification-evidence
docs/evidence/phase-15-final-certification-closure/IMAGE_REFERENCE_SCAN.md	CERTIFICATION_EVIDENCE	certification-evidence
docs/evidence/phase-15-final-certification-closure/IMAGE_RETENTION_POLICY.md	CERTIFICATION_EVIDENCE	certification-evidence
docs/evidence/phase-15-final-certification-closure/LICENSE_GUARD_CANDIDATE_MODEL.md	CERTIFICATION_EVIDENCE	certification-evidence
docs/evidence/phase-15-final-certification-closure/LICENSE_GUARD_RUNTIME_PROOF.md	CERTIFICATION_EVIDENCE	certification-evidence
docs/evidence/phase-15-final-certification-closure/MULTI_PRODUCTION_IMAGE_MATRIX.md	CERTIFICATION_EVIDENCE	certification-evidence
docs/evidence/phase-15-final-certification-closure/PERFORMANCE_AND_IMPACT.md	CERTIFICATION_EVIDENCE	certification-evidence
docs/evidence/phase-15-final-certification-closure/REAL_DOCKER_CANDIDATE.md	CERTIFICATION_EVIDENCE	certification-evidence
docs/evidence/phase-15-final-certification-closure/REAL_ERP_UPGRADE_E2E.md	CERTIFICATION_EVIDENCE	certification-evidence
docs/evidence/phase-15-final-certification-closure/REGRESSION_RESULTS.md	CERTIFICATION_EVIDENCE	certification-evidence
docs/evidence/phase-15-final-certification-closure/ROLLBACK_IMAGE_PROTECTION.md	CERTIFICATION_EVIDENCE	certification-evidence
docs/evidence/phase-15-final-certification-closure/ROOT_CAUSES.md	CERTIFICATION_EVIDENCE	certification-evidence
docs/evidence/phase-15-final-certification-closure/SECRET_HANDLING_AUDIT.md	CERTIFICATION_EVIDENCE	certification-evidence
docs/evidence/phase-15-final-certification-closure/SECURITY_ADVERSARY_MATRIX.md	CERTIFICATION_EVIDENCE	certification-evidence
docs/evidence/phase-15-final-certification-closure/SHARED_LAYER_ACCOUNTING.md	CERTIFICATION_EVIDENCE	certification-evidence
docs/evidence/phase-15-final-certification-closure/STAGE_IMAGE_PROTECTION.md	CERTIFICATION_EVIDENCE	certification-evidence
docs/evidence/phase-15-final-certification-closure/STOPPED_CONTAINER_PROTECTION.md	CERTIFICATION_EVIDENCE	certification-evidence
docs/evidence/phase-15-final-certification-closure/TEST_RESULTS.md	CERTIFICATION_EVIDENCE	certification-evidence
docs/evidence/phase-15-final-certification-closure/TOCTOU_REVALIDATION.md	CERTIFICATION_EVIDENCE	certification-evidence
docs/evidence/phase-15-final-certification-closure/UPDATE_REBOOT_MATRIX.md	CERTIFICATION_EVIDENCE	certification-evidence
docs/evidence/phase-15-safe-update/BASELINE.md	CERTIFICATION_EVIDENCE	certification-evidence
docs/evidence/phase-15-safe-update/BUILD_ARTIFACT.md	CERTIFICATION_EVIDENCE	certification-evidence
docs/evidence/phase-15-safe-update/CANDIDATE_ISOLATION.md	CERTIFICATION_EVIDENCE	certification-evidence
docs/evidence/phase-15-safe-update/CANDIDATE_UPGRADE_E2E.md	CERTIFICATION_EVIDENCE	certification-evidence
docs/evidence/phase-15-safe-update/CANDIDATE_VALIDATION.md	CERTIFICATION_EVIDENCE	certification-evidence
docs/evidence/phase-15-safe-update/CAPACITY_CALCULATION.md	CERTIFICATION_EVIDENCE	certification-evidence
docs/evidence/phase-15-safe-update/CHANGED_FILES.md	CERTIFICATION_EVIDENCE	certification-evidence
docs/evidence/phase-15-safe-update/CONNECTED_UPDATE_FLOW.md	CERTIFICATION_EVIDENCE	certification-evidence
docs/evidence/phase-15-safe-update/CUSTOM_ADDON_COMPATIBILITY.md	CERTIFICATION_EVIDENCE	certification-evidence
docs/evidence/phase-15-safe-update/CUTOVER_PROTOCOL.md	CERTIFICATION_EVIDENCE	certification-evidence
docs/evidence/phase-15-safe-update/DATA_EGRESS_AUDIT.md	CERTIFICATION_EVIDENCE	certification-evidence
docs/evidence/phase-15-safe-update/DISCONNECT_RESUME_MATRIX.md	CERTIFICATION_EVIDENCE	certification-evidence
docs/evidence/phase-15-safe-update/DOWNTIME_MEASUREMENT.md	CERTIFICATION_EVIDENCE	certification-evidence
docs/evidence/phase-15-safe-update/ENTITLEMENT_MATRIX.md	CERTIFICATION_EVIDENCE	certification-evidence
docs/evidence/phase-15-safe-update/FAILURE_INJECTION.md	CERTIFICATION_EVIDENCE	certification-evidence
docs/evidence/phase-15-safe-update/FINAL_REPORT.md	CERTIFICATION_EVIDENCE	certification-evidence
docs/evidence/phase-15-safe-update/GIT_DIFF_SUMMARY.md	CERTIFICATION_EVIDENCE	certification-evidence
docs/evidence/phase-15-safe-update/LICENSE_BINDING.md	CERTIFICATION_EVIDENCE	certification-evidence
docs/evidence/phase-15-safe-update/MULTI_TENANT_ISOLATION.md	CERTIFICATION_EVIDENCE	certification-evidence
docs/evidence/phase-15-safe-update/OFFLINE_UPDATE_FLOW.md	CERTIFICATION_EVIDENCE	certification-evidence
docs/evidence/phase-15-safe-update/PERFORMANCE_AND_IMPACT.md	CERTIFICATION_EVIDENCE	certification-evidence
docs/evidence/phase-15-safe-update/POST_SWITCH_SAFETY_WINDOW.md	CERTIFICATION_EVIDENCE	certification-evidence
docs/evidence/phase-15-safe-update/PREFLIGHT_MATRIX.md	CERTIFICATION_EVIDENCE	certification-evidence
docs/evidence/phase-15-safe-update/REBOOT_RECOVERY.md	CERTIFICATION_EVIDENCE	certification-evidence
docs/evidence/phase-15-safe-update/REGRESSION_RESULTS.md	CERTIFICATION_EVIDENCE	certification-evidence
docs/evidence/phase-15-safe-update/RELEASE_AND_DIGEST_POLICY.md	CERTIFICATION_EVIDENCE	certification-evidence
docs/evidence/phase-15-safe-update/ROLLBACK_MATRIX.md	CERTIFICATION_EVIDENCE	certification-evidence
docs/evidence/phase-15-safe-update/SECRET_HANDLING_AUDIT.md	CERTIFICATION_EVIDENCE	certification-evidence
docs/evidence/phase-15-safe-update/SECURITY_ADVERSARY_MATRIX.md	CERTIFICATION_EVIDENCE	certification-evidence
docs/evidence/phase-15-safe-update/TARGET_IDENTITY.md	CERTIFICATION_EVIDENCE	certification-evidence
docs/evidence/phase-15-safe-update/TEST_RESULTS.md	CERTIFICATION_EVIDENCE	certification-evidence
docs/evidence/phase-15-safe-update/UPDATE_BACKUP.md	CERTIFICATION_EVIDENCE	certification-evidence
docs/evidence/phase-16-final-certification-closure/BASELINE.md	CERTIFICATION_EVIDENCE	certification-evidence
docs/evidence/phase-16-final-certification-closure/BUILD_ARTIFACT.md	CERTIFICATION_EVIDENCE	certification-evidence
docs/evidence/phase-16-final-certification-closure/BUILD_ARTIFACT.md.tmp	CERTIFICATION_EVIDENCE	certification-evidence
docs/evidence/phase-16-final-certification-closure/DATA_EGRESS_AUDIT.md	CERTIFICATION_EVIDENCE	certification-evidence
docs/evidence/phase-16-final-certification-closure/FAILURE_INJECTION.md	CERTIFICATION_EVIDENCE	certification-evidence
docs/evidence/phase-16-final-certification-closure/FINAL_REPORT.md	CERTIFICATION_EVIDENCE	certification-evidence
docs/evidence/phase-16-final-certification-closure/FORBIDDEN_OPERATION_STATIC_GATE.md	CERTIFICATION_EVIDENCE	certification-evidence
docs/evidence/phase-16-final-certification-closure/GIT_DIFF_SUMMARY.md	CERTIFICATION_EVIDENCE	certification-evidence
docs/evidence/phase-16-final-certification-closure/HOST_REBOOT_MATRIX.md	CERTIFICATION_EVIDENCE	certification-evidence
docs/evidence/phase-16-final-certification-closure/LICENSE_GUARD_RESTORE_TEST.md	CERTIFICATION_EVIDENCE	certification-evidence
docs/evidence/phase-16-final-certification-closure/OPERATION_RECONCILIATION.md	CERTIFICATION_EVIDENCE	certification-evidence
docs/evidence/phase-16-final-certification-closure/PERFORMANCE_AND_IMPACT.md	CERTIFICATION_EVIDENCE	certification-evidence
docs/evidence/phase-16-final-certification-closure/PRODUCTION_RESTORE_AND_ROLLBACK.md	CERTIFICATION_EVIDENCE	certification-evidence
docs/evidence/phase-16-final-certification-closure/REAL_ERP_CANDIDATE.md	CERTIFICATION_EVIDENCE	certification-evidence
docs/evidence/phase-16-final-certification-closure/REAL_RESTORE_TEST.md	CERTIFICATION_EVIDENCE	certification-evidence
docs/evidence/phase-16-final-certification-closure/REGRESSION_RESULTS.md	CERTIFICATION_EVIDENCE	certification-evidence
docs/evidence/phase-16-final-certification-closure/ROOT_CAUSES.md	CERTIFICATION_EVIDENCE	certification-evidence
docs/evidence/phase-16-final-certification-closure/S3_EXACT_DELETION.md	CERTIFICATION_EVIDENCE	certification-evidence
docs/evidence/phase-16-final-certification-closure/S3_FAILURE_INJECTION.md	CERTIFICATION_EVIDENCE	certification-evidence
docs/evidence/phase-16-final-certification-closure/S3_MULTIPART_AND_RESUME.md	CERTIFICATION_EVIDENCE	certification-evidence
docs/evidence/phase-16-final-certification-closure/S3_REAL_FIXTURE.md	CERTIFICATION_EVIDENCE	certification-evidence
docs/evidence/phase-16-final-certification-closure/SECRET_HANDLING_AUDIT.md	CERTIFICATION_EVIDENCE	certification-evidence
docs/evidence/phase-16-final-certification-closure/SECURITY_ADVERSARY_MATRIX.md	CERTIFICATION_EVIDENCE	certification-evidence
docs/evidence/phase-16-final-certification-closure/SFTP_EXACT_DELETION.md	CERTIFICATION_EVIDENCE	certification-evidence
docs/evidence/phase-16-final-certification-closure/SFTP_INTERRUPTION_AND_RESUME.md	CERTIFICATION_EVIDENCE	certification-evidence
docs/evidence/phase-16-final-certification-closure/SFTP_REAL_FIXTURE.md	CERTIFICATION_EVIDENCE	certification-evidence
docs/evidence/phase-16-final-certification-closure/SFTP_STRICT_HOST_KEY.md	CERTIFICATION_EVIDENCE	certification-evidence
docs/evidence/phase-16-final-certification-closure/STAGE_LIVE_DB_BACKUP.md	CERTIFICATION_EVIDENCE	certification-evidence
docs/evidence/phase-16-final-certification-closure/TEST_RESULTS.md	CERTIFICATION_EVIDENCE	certification-evidence
docs/evidence/phase-16-production-backup-restore/ARCHIVE_VERIFICATION.md	CERTIFICATION_EVIDENCE	certification-evidence
docs/evidence/phase-16-production-backup-restore/BACKUP_IMPORT_EXPORT.md	CERTIFICATION_EVIDENCE	certification-evidence
docs/evidence/phase-16-production-backup-restore/BACKUP_OBJECT_MODEL.md	CERTIFICATION_EVIDENCE	certification-evidence
docs/evidence/phase-16-production-backup-restore/BASELINE.md	CERTIFICATION_EVIDENCE	certification-evidence
docs/evidence/phase-16-production-backup-restore/BUILD_ARTIFACT.md	CERTIFICATION_EVIDENCE	certification-evidence
docs/evidence/phase-16-production-backup-restore/CAPACITY_MODEL.md	CERTIFICATION_EVIDENCE	certification-evidence
docs/evidence/phase-16-production-backup-restore/CHANGED_FILES.md	CERTIFICATION_EVIDENCE	certification-evidence
docs/evidence/phase-16-production-backup-restore/CONSISTENCY_MODEL.md	CERTIFICATION_EVIDENCE	certification-evidence
docs/evidence/phase-16-production-backup-restore/DATABASE_BACKUP_E2E.md	CERTIFICATION_EVIDENCE	certification-evidence
docs/evidence/phase-16-production-backup-restore/DATA_EGRESS_AUDIT.md	CERTIFICATION_EVIDENCE	certification-evidence
docs/evidence/phase-16-production-backup-restore/ENCRYPTION_PROOF.md	CERTIFICATION_EVIDENCE	certification-evidence
docs/evidence/phase-16-production-backup-restore/FAILURE_INJECTION.md	CERTIFICATION_EVIDENCE	certification-evidence
docs/evidence/phase-16-production-backup-restore/FILESTORE_BACKUP_E2E.md	CERTIFICATION_EVIDENCE	certification-evidence
docs/evidence/phase-16-production-backup-restore/FINAL_REPORT.md	CERTIFICATION_EVIDENCE	certification-evidence
docs/evidence/phase-16-production-backup-restore/GIT_DIFF_SUMMARY.md	CERTIFICATION_EVIDENCE	certification-evidence
docs/evidence/phase-16-production-backup-restore/LICENSE_GUARD_RESTORE_PROOF.md	CERTIFICATION_EVIDENCE	certification-evidence
docs/evidence/phase-16-production-backup-restore/LOCAL_DESTINATION_E2E.md	CERTIFICATION_EVIDENCE	certification-evidence
docs/evidence/phase-16-production-backup-restore/MANIFEST_AND_SIGNATURE.md	CERTIFICATION_EVIDENCE	certification-evidence
docs/evidence/phase-16-production-backup-restore/MULTI_TENANT_ISOLATION.md	CERTIFICATION_EVIDENCE	certification-evidence
docs/evidence/phase-16-production-backup-restore/PERFORMANCE_AND_IMPACT.md	CERTIFICATION_EVIDENCE	certification-evidence
docs/evidence/phase-16-production-backup-restore/PIN_PROTECTION.md	CERTIFICATION_EVIDENCE	certification-evidence
docs/evidence/phase-16-production-backup-restore/PRODUCTION_RESTORE_E2E.md	CERTIFICATION_EVIDENCE	certification-evidence
docs/evidence/phase-16-production-backup-restore/REBOOT_RECOVERY_MATRIX.md	CERTIFICATION_EVIDENCE	certification-evidence
docs/evidence/phase-16-production-backup-restore/REGRESSION_RESULTS.md	CERTIFICATION_EVIDENCE	certification-evidence
docs/evidence/phase-16-production-backup-restore/RESTORE_AS_STAGE.md	CERTIFICATION_EVIDENCE	certification-evidence
docs/evidence/phase-16-production-backup-restore/RESTORE_ROLLBACK.md	CERTIFICATION_EVIDENCE	certification-evidence
docs/evidence/phase-16-production-backup-restore/RESTORE_TEST_E2E.md	CERTIFICATION_EVIDENCE	certification-evidence
docs/evidence/phase-16-production-backup-restore/RETENTION_MATRIX.md	CERTIFICATION_EVIDENCE	certification-evidence
docs/evidence/phase-16-production-backup-restore/S3_DESTINATION_E2E.md	CERTIFICATION_EVIDENCE	certification-evidence
docs/evidence/phase-16-production-backup-restore/SCHEDULE_E2E.md	CERTIFICATION_EVIDENCE	certification-evidence
docs/evidence/phase-16-production-backup-restore/SECRET_HANDLING_AUDIT.md	CERTIFICATION_EVIDENCE	certification-evidence
docs/evidence/phase-16-production-backup-restore/SECURITY_ADVERSARY_MATRIX.md	CERTIFICATION_EVIDENCE	certification-evidence
docs/evidence/phase-16-production-backup-restore/SFTP_DESTINATION_E2E.md	CERTIFICATION_EVIDENCE	certification-evidence
docs/evidence/phase-16-production-backup-restore/SHARED_PRIMITIVE_REFACTOR.md	CERTIFICATION_EVIDENCE	certification-evidence
docs/evidence/phase-16-production-backup-restore/STAGE_BACKUP_LIVE_DB_CLOSURE.md	CERTIFICATION_EVIDENCE	certification-evidence
docs/evidence/phase-16-production-backup-restore/TARGETING_MATRIX.md	CERTIFICATION_EVIDENCE	certification-evidence
docs/evidence/phase-16-production-backup-restore/TEST_RESULTS.md	CERTIFICATION_EVIDENCE	certification-evidence
docs/evidence/phase-16-scope-review/BACKUP_OBJECT_MODEL.md	CERTIFICATION_EVIDENCE	certification-evidence
docs/evidence/phase-16-scope-review/BASELINE.md	CERTIFICATION_EVIDENCE	certification-evidence
docs/evidence/phase-16-scope-review/CAPACITY_AND_PERFORMANCE_MODEL.md	CERTIFICATION_EVIDENCE	certification-evidence
docs/evidence/phase-16-scope-review/CONFLICT_MATRIX.md	CERTIFICATION_EVIDENCE	certification-evidence
docs/evidence/phase-16-scope-review/CONSISTENCY_MODEL.md	CERTIFICATION_EVIDENCE	certification-evidence
docs/evidence/phase-16-scope-review/CORRECTED_SCOPE.md	CERTIFICATION_EVIDENCE	certification-evidence
docs/evidence/phase-16-scope-review/DESTINATION_POLICY.md	CERTIFICATION_EVIDENCE	certification-evidence
docs/evidence/phase-16-scope-review/ENCRYPTION_OPTIONS.md	CERTIFICATION_EVIDENCE	certification-evidence
docs/evidence/phase-16-scope-review/EXISTING_BACKUP_CAPABILITY_INVENTORY.md	CERTIFICATION_EVIDENCE	certification-evidence
docs/evidence/phase-16-scope-review/FINAL_REPORT.md	CERTIFICATION_EVIDENCE	certification-evidence
docs/evidence/phase-16-scope-review/GIT_DIFF_SUMMARY.md	CERTIFICATION_EVIDENCE	certification-evidence
docs/evidence/phase-16-scope-review/IMPLEMENTATION_DECOMPOSITION.md	CERTIFICATION_EVIDENCE	certification-evidence
docs/evidence/phase-16-scope-review/LEGACY_BACKUP_REVIEW.md	CERTIFICATION_EVIDENCE	certification-evidence
docs/evidence/phase-16-scope-review/LICENSE_GUARD_RESTORE_MODEL.md	CERTIFICATION_EVIDENCE	certification-evidence
docs/evidence/phase-16-scope-review/OPERATION_ENGINE_MODEL.md	CERTIFICATION_EVIDENCE	certification-evidence
docs/evidence/phase-16-scope-review/OVERLAP_AND_DUPLICATION_ANALYSIS.md	CERTIFICATION_EVIDENCE	certification-evidence
docs/evidence/phase-16-scope-review/OWNER_DECISIONS.md	CERTIFICATION_EVIDENCE	certification-evidence
docs/evidence/phase-16-scope-review/PHASE_13_STAGE_BACKUP_REUSE.md	CERTIFICATION_EVIDENCE	certification-evidence
docs/evidence/phase-16-scope-review/PHASE_15_RECOVERY_SET_REUSE.md	CERTIFICATION_EVIDENCE	certification-evidence
docs/evidence/phase-16-scope-review/RESTORE_MODEL.md	CERTIFICATION_EVIDENCE	certification-evidence
docs/evidence/phase-16-scope-review/RETENTION_OPTIONS.md	CERTIFICATION_EVIDENCE	certification-evidence
docs/evidence/phase-16-scope-review/SCHEDULING_MODEL.md	CERTIFICATION_EVIDENCE	certification-evidence
docs/evidence/phase-16-scope-review/SECURITY_THREAT_MODEL.md	CERTIFICATION_EVIDENCE	certification-evidence
docs/evidence/phase-16-scope-review/TEST_PLAN.md	CERTIFICATION_EVIDENCE	certification-evidence
docs/evidence/phase-16-scope-review/VERIFICATION_MODEL.md	CERTIFICATION_EVIDENCE	certification-evidence
docs/evidence/phase-17-final-certification-closure/BASELINE.md	CERTIFICATION_EVIDENCE	certification-evidence
docs/evidence/phase-17-final-certification-closure/BUILD_ARTIFACT.md	CERTIFICATION_EVIDENCE	certification-evidence
docs/evidence/phase-17-final-certification-closure/DESTINATION_HOST_BOOTSTRAP_REAL.md	CERTIFICATION_EVIDENCE	certification-evidence
docs/evidence/phase-17-final-certification-closure/DIRTY_STATE.txt	CERTIFICATION_EVIDENCE	certification-evidence
docs/evidence/phase-17-final-certification-closure/FAILURE_INJECTION.md	CERTIFICATION_EVIDENCE	certification-evidence
docs/evidence/phase-17-final-certification-closure/FINAL_REPORT.md	CERTIFICATION_EVIDENCE	certification-evidence
docs/evidence/phase-17-final-certification-closure/FULL_PERMISSION_RUN_ALL.log	CERTIFICATION_EVIDENCE	certification-evidence
docs/evidence/phase-17-final-certification-closure/FULL_PERMISSION_RUN_ALL.log.sha256	CERTIFICATION_EVIDENCE	certification-evidence
docs/evidence/phase-17-final-certification-closure/FULL_PERMISSION_RUN_ALL.md	CERTIFICATION_EVIDENCE	certification-evidence
docs/evidence/phase-17-final-certification-closure/FULL_PERMISSION_RUN_ALL_PRIOR_FAILED_S3_SFTP.log	CERTIFICATION_EVIDENCE	certification-evidence
docs/evidence/phase-17-final-certification-closure/GIT_DIFF_SUMMARY.md	CERTIFICATION_EVIDENCE	certification-evidence
docs/evidence/phase-17-final-certification-closure/HOST_REBOOT_MATRIX.md	CERTIFICATION_EVIDENCE	certification-evidence
docs/evidence/phase-17-final-certification-closure/MIGRATION_TOKEN_NON_CONSUMPTION_REAL.md	CERTIFICATION_EVIDENCE	certification-evidence
docs/evidence/phase-17-final-certification-closure/MULTI_TENANT_ISOLATION.md	CERTIFICATION_EVIDENCE	certification-evidence
docs/evidence/phase-17-final-certification-closure/NO_PAYLOAD_TRANSFER_PROOF.md	CERTIFICATION_EVIDENCE	certification-evidence
docs/evidence/phase-17-final-certification-closure/OFFLINE_PAIRING_REAL.md	CERTIFICATION_EVIDENCE	certification-evidence
docs/evidence/phase-17-final-certification-closure/PARTIAL_GAP_LEDGER.md	CERTIFICATION_EVIDENCE	certification-evidence
docs/evidence/phase-17-final-certification-closure/PERFORMANCE_AND_IMPACT.md	CERTIFICATION_EVIDENCE	certification-evidence
docs/evidence/phase-17-final-certification-closure/READINESS_REAL.md	CERTIFICATION_EVIDENCE	certification-evidence
docs/evidence/phase-17-final-certification-closure/REGRESSION_RESULTS.md	CERTIFICATION_EVIDENCE	certification-evidence
docs/evidence/phase-17-final-certification-closure/RUN_ALL_EXECUTION_HISTORY.md	CERTIFICATION_EVIDENCE	certification-evidence
docs/evidence/phase-17-final-certification-closure/SANDBOX_FAILURE_ANALYSIS.md	CERTIFICATION_EVIDENCE	certification-evidence
docs/evidence/phase-17-final-certification-closure/SECRET_HANDLING_AUDIT.md	CERTIFICATION_EVIDENCE	certification-evidence
docs/evidence/phase-17-final-certification-closure/SECURITY_ADVERSARY_MATRIX.md	CERTIFICATION_EVIDENCE	certification-evidence
docs/evidence/phase-17-final-certification-closure/SIGNED_INSTALLER_REAL.md	CERTIFICATION_EVIDENCE	certification-evidence
docs/evidence/phase-17-final-certification-closure/SOURCE_NON_DISRUPTION_REAL.md	CERTIFICATION_EVIDENCE	certification-evidence
docs/evidence/phase-17-final-certification-closure/TEST_RESULTS.md	CERTIFICATION_EVIDENCE	certification-evidence
docs/evidence/phase-17-final-certification-closure/TRUST_PAIRING_AND_MTLS_REAL.md	CERTIFICATION_EVIDENCE	certification-evidence
docs/evidence/phase-17-final-certification-closure/dist.soviez.sh.sha256	CERTIFICATION_EVIDENCE	certification-evidence
docs/evidence/phase-17-final-certification-closure/sandbox_docker_probe_20260801T183831Z.log	CERTIFICATION_EVIDENCE	certification-evidence
docs/evidence/phase-17-migration-discovery-bootstrap/ABORT_AND_RECOVERY.md	CERTIFICATION_EVIDENCE	certification-evidence
docs/evidence/phase-17-migration-discovery-bootstrap/BACKUP_PREREQUISITE.md	CERTIFICATION_EVIDENCE	certification-evidence
docs/evidence/phase-17-migration-discovery-bootstrap/BASELINE.md	CERTIFICATION_EVIDENCE	certification-evidence
docs/evidence/phase-17-migration-discovery-bootstrap/BUILD_ARTIFACT.md	CERTIFICATION_EVIDENCE	certification-evidence
docs/evidence/phase-17-migration-discovery-bootstrap/CAPACITY_MATRIX.md	CERTIFICATION_EVIDENCE	certification-evidence
docs/evidence/phase-17-migration-discovery-bootstrap/CHANGED_FILES.md	CERTIFICATION_EVIDENCE	certification-evidence
docs/evidence/phase-17-migration-discovery-bootstrap/COMPATIBILITY_MATRIX.md	CERTIFICATION_EVIDENCE	certification-evidence
docs/evidence/phase-17-migration-discovery-bootstrap/DATA_EGRESS_AUDIT.md	CERTIFICATION_EVIDENCE	certification-evidence
docs/evidence/phase-17-migration-discovery-bootstrap/DESTINATION_HOST_PREFLIGHT.md	CERTIFICATION_EVIDENCE	certification-evidence
docs/evidence/phase-17-migration-discovery-bootstrap/DOMAIN_SSL_NON_MUTATION.md	CERTIFICATION_EVIDENCE	certification-evidence
docs/evidence/phase-17-migration-discovery-bootstrap/FAILURE_INJECTION.md	CERTIFICATION_EVIDENCE	certification-evidence
docs/evidence/phase-17-migration-discovery-bootstrap/FINAL_REPORT.md	CERTIFICATION_EVIDENCE	certification-evidence
docs/evidence/phase-17-migration-discovery-bootstrap/FINGERPRINT_CONFIRMATION.md	CERTIFICATION_EVIDENCE	certification-evidence
docs/evidence/phase-17-migration-discovery-bootstrap/GIT_DIFF_SUMMARY.md	CERTIFICATION_EVIDENCE	certification-evidence
docs/evidence/phase-17-migration-discovery-bootstrap/HOST_REBOOT_MATRIX.md	CERTIFICATION_EVIDENCE	certification-evidence
docs/evidence/phase-17-migration-discovery-bootstrap/MIGRATION_PAIR_OBJECT.md	CERTIFICATION_EVIDENCE	certification-evidence
docs/evidence/phase-17-migration-discovery-bootstrap/MIGRATION_TOKEN_NON_CONSUMPTION.md	CERTIFICATION_EVIDENCE	certification-evidence
docs/evidence/phase-17-migration-discovery-bootstrap/MTLS_PROOF.md	CERTIFICATION_EVIDENCE	certification-evidence
docs/evidence/phase-17-migration-discovery-bootstrap/MULTI_TENANT_ISOLATION.md	CERTIFICATION_EVIDENCE	certification-evidence
docs/evidence/phase-17-migration-discovery-bootstrap/NO_PAYLOAD_TRANSFER_STATIC_GATE.md	CERTIFICATION_EVIDENCE	certification-evidence
docs/evidence/phase-17-migration-discovery-bootstrap/OFFLINE_PAIRING.md	CERTIFICATION_EVIDENCE	certification-evidence
docs/evidence/phase-17-migration-discovery-bootstrap/PAIR_REPLAY_AND_EXPIRY.md	CERTIFICATION_EVIDENCE	certification-evidence
docs/evidence/phase-17-migration-discovery-bootstrap/PERFORMANCE_AND_IMPACT.md	CERTIFICATION_EVIDENCE	certification-evidence
docs/evidence/phase-17-migration-discovery-bootstrap/READINESS_PASS_WARNING_BLOCKED.md	CERTIFICATION_EVIDENCE	certification-evidence
docs/evidence/phase-17-migration-discovery-bootstrap/READINESS_SIGNATURE_AND_EXPIRY.md	CERTIFICATION_EVIDENCE	certification-evidence
docs/evidence/phase-17-migration-discovery-bootstrap/REGISTRY_AND_IMAGE_VALIDATION.md	CERTIFICATION_EVIDENCE	certification-evidence
docs/evidence/phase-17-migration-discovery-bootstrap/REGRESSION_RESULTS.md	CERTIFICATION_EVIDENCE	certification-evidence
docs/evidence/phase-17-migration-discovery-bootstrap/SECRET_HANDLING_AUDIT.md	CERTIFICATION_EVIDENCE	certification-evidence
docs/evidence/phase-17-migration-discovery-bootstrap/SECURITY_ADVERSARY_MATRIX.md	CERTIFICATION_EVIDENCE	certification-evidence
docs/evidence/phase-17-migration-discovery-bootstrap/SIGNED_INSTALLER_BOOTSTRAP.md	CERTIFICATION_EVIDENCE	certification-evidence
docs/evidence/phase-17-migration-discovery-bootstrap/SOURCE_DISCOVERY_E2E.md	CERTIFICATION_EVIDENCE	certification-evidence
docs/evidence/phase-17-migration-discovery-bootstrap/SOURCE_NON_DISRUPTION.md	CERTIFICATION_EVIDENCE	certification-evidence
docs/evidence/phase-17-migration-discovery-bootstrap/STAGE_DISCOVERY_AND_SELECTION.md	CERTIFICATION_EVIDENCE	certification-evidence
docs/evidence/phase-17-migration-discovery-bootstrap/SYNTHETIC_CONNECTIVITY.md	CERTIFICATION_EVIDENCE	certification-evidence
docs/evidence/phase-17-migration-discovery-bootstrap/TEMPORARY_DESTINATION_IDENTITY.md	CERTIFICATION_EVIDENCE	certification-evidence
docs/evidence/phase-17-migration-discovery-bootstrap/TEST_RESULTS.md	CERTIFICATION_EVIDENCE	certification-evidence
docs/evidence/phase-17-migration-discovery-bootstrap/TRUST_PAIRING_E2E.md	CERTIFICATION_EVIDENCE	certification-evidence
docs/evidence/phase-17-scope-review/ABORT_AND_RECOVERY_MODEL.md	CERTIFICATION_EVIDENCE	certification-evidence
docs/evidence/phase-17-scope-review/BACKUP_PREREQUISITE_OPTIONS.md	CERTIFICATION_EVIDENCE	certification-evidence
docs/evidence/phase-17-scope-review/BASELINE.md	CERTIFICATION_EVIDENCE	certification-evidence
docs/evidence/phase-17-scope-review/COMPATIBILITY_MODEL.md	CERTIFICATION_EVIDENCE	certification-evidence
docs/evidence/phase-17-scope-review/CONFLICT_MATRIX.md	CERTIFICATION_EVIDENCE	certification-evidence
docs/evidence/phase-17-scope-review/CORRECTED_SCOPE.md	CERTIFICATION_EVIDENCE	certification-evidence
docs/evidence/phase-17-scope-review/DESTINATION_BOOTSTRAP_MODEL.md	CERTIFICATION_EVIDENCE	certification-evidence
docs/evidence/phase-17-scope-review/DOMAIN_SSL_PHASE_BOUNDARY.md	CERTIFICATION_EVIDENCE	certification-evidence
docs/evidence/phase-17-scope-review/EXISTING_MIGRATION_CAPABILITY_INVENTORY.md	CERTIFICATION_EVIDENCE	certification-evidence
docs/evidence/phase-17-scope-review/FINAL_REPORT.md	CERTIFICATION_EVIDENCE	certification-evidence
docs/evidence/phase-17-scope-review/GIT_DIFF_SUMMARY.md	CERTIFICATION_EVIDENCE	certification-evidence
docs/evidence/phase-17-scope-review/IMPLEMENTATION_DECOMPOSITION.md	CERTIFICATION_EVIDENCE	certification-evidence
docs/evidence/phase-17-scope-review/LEGACY_MERGE_IN_REVIEW.md	CERTIFICATION_EVIDENCE	certification-evidence
docs/evidence/phase-17-scope-review/LICENSE_GUARD_BOOTSTRAP_BOUNDARY.md	CERTIFICATION_EVIDENCE	certification-evidence
docs/evidence/phase-17-scope-review/MIGRATION_PAIR_OBJECT.md	CERTIFICATION_EVIDENCE	certification-evidence
docs/evidence/phase-17-scope-review/MIGRATION_TOKEN_BOUNDARY.md	CERTIFICATION_EVIDENCE	certification-evidence
docs/evidence/phase-17-scope-review/NETWORK_STREAMING_READINESS.md	CERTIFICATION_EVIDENCE	certification-evidence
docs/evidence/phase-17-scope-review/OPERATION_ENGINE_MODEL.md	CERTIFICATION_EVIDENCE	certification-evidence
docs/evidence/phase-17-scope-review/OVERLAP_WITH_PHASES_5_16.md	CERTIFICATION_EVIDENCE	certification-evidence
docs/evidence/phase-17-scope-review/OWNER_DECISIONS.md	CERTIFICATION_EVIDENCE	certification-evidence
docs/evidence/phase-17-scope-review/READINESS_REPORT_MODEL.md	CERTIFICATION_EVIDENCE	certification-evidence
docs/evidence/phase-17-scope-review/SECURITY_THREAT_MODEL.md	CERTIFICATION_EVIDENCE	certification-evidence
docs/evidence/phase-17-scope-review/SIGNED_INSTALLER_BOOTSTRAP.md	CERTIFICATION_EVIDENCE	certification-evidence
docs/evidence/phase-17-scope-review/SOURCE_DISCOVERY_MODEL.md	CERTIFICATION_EVIDENCE	certification-evidence
docs/evidence/phase-17-scope-review/STAGE_DISCOVERY_MODEL.md	CERTIFICATION_EVIDENCE	certification-evidence
docs/evidence/phase-17-scope-review/TEST_PLAN.md	CERTIFICATION_EVIDENCE	certification-evidence
docs/evidence/phase-17-scope-review/TRUST_PAIRING_MODEL.md	CERTIFICATION_EVIDENCE	certification-evidence
docs/evidence/phase-18-migration-domain-routing/ABORT_AND_EXACT_CLEANUP.md	CERTIFICATION_EVIDENCE	certification-evidence
docs/evidence/phase-18-migration-domain-routing/ACME_REAL_FIXTURE.md	CERTIFICATION_EVIDENCE	certification-evidence
docs/evidence/phase-18-migration-domain-routing/BASELINE.md	CERTIFICATION_EVIDENCE	certification-evidence
docs/evidence/phase-18-migration-domain-routing/BUILD_ARTIFACT.md	CERTIFICATION_EVIDENCE	certification-evidence
docs/evidence/phase-18-migration-domain-routing/CERTIFICATE_STORAGE_AND_PERMISSIONS.md	CERTIFICATION_EVIDENCE	certification-evidence
docs/evidence/phase-18-migration-domain-routing/CHANGED_FILES.md	CERTIFICATION_EVIDENCE	certification-evidence
docs/evidence/phase-18-migration-domain-routing/DATA_EGRESS_AUDIT.md	CERTIFICATION_EVIDENCE	certification-evidence
docs/evidence/phase-18-migration-domain-routing/DNSSEC_AND_CAA.md	CERTIFICATION_EVIDENCE	certification-evidence
docs/evidence/phase-18-migration-domain-routing/DNS_AUTHORITATIVE_VALIDATION.md	CERTIFICATION_EVIDENCE	certification-evidence
docs/evidence/phase-18-migration-domain-routing/DNS_PROVIDER_MANUAL_PATH.md	CERTIFICATION_EVIDENCE	certification-evidence
docs/evidence/phase-18-migration-domain-routing/DNS_PUBLIC_RESOLVER_VALIDATION.md	CERTIFICATION_EVIDENCE	certification-evidence
docs/evidence/phase-18-migration-domain-routing/DNS_TRY_AGAIN.md	CERTIFICATION_EVIDENCE	certification-evidence
docs/evidence/phase-18-migration-domain-routing/DOMAIN_PLAN_E2E.md	CERTIFICATION_EVIDENCE	certification-evidence
docs/evidence/phase-18-migration-domain-routing/FAILURE_INJECTION.md	CERTIFICATION_EVIDENCE	certification-evidence
docs/evidence/phase-18-migration-domain-routing/FINAL_REPORT.md	CERTIFICATION_EVIDENCE	certification-evidence
docs/evidence/phase-18-migration-domain-routing/GIT_DIFF_SUMMARY.md	CERTIFICATION_EVIDENCE	certification-evidence
docs/evidence/phase-18-migration-domain-routing/HOST_REBOOT_MATRIX.md	CERTIFICATION_EVIDENCE	certification-evidence
docs/evidence/phase-18-migration-domain-routing/LANDING_CONTENT_AND_SECURITY.md	CERTIFICATION_EVIDENCE	certification-evidence
docs/evidence/phase-18-migration-domain-routing/LANDING_NGINX_E2E.md	CERTIFICATION_EVIDENCE	certification-evidence
docs/evidence/phase-18-migration-domain-routing/LANDING_PUBLIC_EXPOSURE.md	CERTIFICATION_EVIDENCE	certification-evidence
docs/evidence/phase-18-migration-domain-routing/MIGRATION_TOKEN_NON_MUTATION.md	CERTIFICATION_EVIDENCE	certification-evidence
docs/evidence/phase-18-migration-domain-routing/MULTI_TENANT_ISOLATION.md	CERTIFICATION_EVIDENCE	certification-evidence
docs/evidence/phase-18-migration-domain-routing/NO_PAYLOAD_TRANSFER_STATIC_GATE.md	CERTIFICATION_EVIDENCE	certification-evidence
docs/evidence/phase-18-migration-domain-routing/NO_SOURCE_MUTATION_STATIC_GATE.md	CERTIFICATION_EVIDENCE	certification-evidence
docs/evidence/phase-18-migration-domain-routing/OWNER_DNS_PRESERVATION.md	CERTIFICATION_EVIDENCE	certification-evidence
docs/evidence/phase-18-migration-domain-routing/PERFORMANCE_AND_IMPACT.md	CERTIFICATION_EVIDENCE	certification-evidence
docs/evidence/phase-18-migration-domain-routing/REGRESSION_RESULTS.md	CERTIFICATION_EVIDENCE	certification-evidence
docs/evidence/phase-18-migration-domain-routing/ROUTING_PLAN_OBJECT.md	CERTIFICATION_EVIDENCE	certification-evidence
docs/evidence/phase-18-migration-domain-routing/ROUTING_READINESS_EXPIRY_AND_DRIFT.md	CERTIFICATION_EVIDENCE	certification-evidence
docs/evidence/phase-18-migration-domain-routing/ROUTING_READINESS_PASS_WARNING_BLOCKED.md	CERTIFICATION_EVIDENCE	certification-evidence
docs/evidence/phase-18-migration-domain-routing/SECRET_HANDLING_AUDIT.md	CERTIFICATION_EVIDENCE	certification-evidence
docs/evidence/phase-18-migration-domain-routing/SECURITY_ADVERSARY_MATRIX.md	CERTIFICATION_EVIDENCE	certification-evidence
docs/evidence/phase-18-migration-domain-routing/SIGNED_DNS_CHALLENGE.md	CERTIFICATION_EVIDENCE	certification-evidence
docs/evidence/phase-18-migration-domain-routing/SOURCE_DOMAIN_INSPECTION.md	CERTIFICATION_EVIDENCE	certification-evidence
docs/evidence/phase-18-migration-domain-routing/SOURCE_ROUTING_NON_MUTATION.md	CERTIFICATION_EVIDENCE	certification-evidence
docs/evidence/phase-18-migration-domain-routing/TEST_RESULTS.md	CERTIFICATION_EVIDENCE	certification-evidence
docs/evidence/phase-18-migration-domain-routing/TLS_ISSUANCE_AND_VALIDATION.md	CERTIFICATION_EVIDENCE	certification-evidence
docs/evidence/phase-18-scope-review/ABORT_AND_CLEANUP_MODEL.md	CERTIFICATION_EVIDENCE	certification-evidence
docs/evidence/phase-18-scope-review/BASELINE.md	CERTIFICATION_EVIDENCE	certification-evidence
docs/evidence/phase-18-scope-review/CONFLICT_MATRIX.md	CERTIFICATION_EVIDENCE	certification-evidence
docs/evidence/phase-18-scope-review/CORRECTED_SCOPE.md	CERTIFICATION_EVIDENCE	certification-evidence
docs/evidence/phase-18-scope-review/DATA_EGRESS_MODEL.md	CERTIFICATION_EVIDENCE	certification-evidence
docs/evidence/phase-18-scope-review/DESTINATION_ROUTING_BOUNDARY.md	CERTIFICATION_EVIDENCE	certification-evidence
docs/evidence/phase-18-scope-review/DNS_PROVIDER_MODEL.md	CERTIFICATION_EVIDENCE	certification-evidence
docs/evidence/phase-18-scope-review/DOMAIN_STRATEGY_OPTIONS.md	CERTIFICATION_EVIDENCE	certification-evidence
docs/evidence/phase-18-scope-review/EXISTING_DOMAIN_SSL_CAPABILITY_INVENTORY.md	CERTIFICATION_EVIDENCE	certification-evidence
docs/evidence/phase-18-scope-review/FINAL_REPORT.md	CERTIFICATION_EVIDENCE	certification-evidence
docs/evidence/phase-18-scope-review/GIT_DIFF_SUMMARY.md	CERTIFICATION_EVIDENCE	certification-evidence
docs/evidence/phase-18-scope-review/IMPLEMENTATION_DECOMPOSITION.md	CERTIFICATION_EVIDENCE	certification-evidence
docs/evidence/phase-18-scope-review/LEGACY_DOMAIN_MIGRATION_REVIEW.md	CERTIFICATION_EVIDENCE	certification-evidence
docs/evidence/phase-18-scope-review/MAINTENANCE_LANDING_MODEL.md	CERTIFICATION_EVIDENCE	certification-evidence
docs/evidence/phase-18-scope-review/OPERATION_ENGINE_MODEL.md	CERTIFICATION_EVIDENCE	certification-evidence
docs/evidence/phase-18-scope-review/OWNER_DECISIONS.md	CERTIFICATION_EVIDENCE	certification-evidence
docs/evidence/phase-18-scope-review/PHASE_12_OVERLAP_REVIEW.md	CERTIFICATION_EVIDENCE	certification-evidence
docs/evidence/phase-18-scope-review/PHASE_17_OVERLAP_REVIEW.md	CERTIFICATION_EVIDENCE	certification-evidence
docs/evidence/phase-18-scope-review/ROUTING_READINESS_MODEL.md	CERTIFICATION_EVIDENCE	certification-evidence
docs/evidence/phase-18-scope-review/SECURITY_THREAT_MODEL.md	CERTIFICATION_EVIDENCE	certification-evidence
docs/evidence/phase-18-scope-review/SIGNED_DNS_CHALLENGE_MODEL.md	CERTIFICATION_EVIDENCE	certification-evidence
docs/evidence/phase-18-scope-review/SOURCE_ROUTING_PROTECTION.md	CERTIFICATION_EVIDENCE	certification-evidence
docs/evidence/phase-18-scope-review/TEST_PLAN.md	CERTIFICATION_EVIDENCE	certification-evidence
docs/evidence/phase-18-scope-review/TLS_PREPARATION_MODEL.md	CERTIFICATION_EVIDENCE	certification-evidence
docs/evidence/phase-18-scope-review/TRY_AGAIN_MODEL.md	CERTIFICATION_EVIDENCE	certification-evidence
docs/evidence/phase-19-direct-streaming-migration/ABORT_AND_EXACT_CLEANUP.md	CERTIFICATION_EVIDENCE	certification-evidence
docs/evidence/phase-19-direct-streaming-migration/ADDON_TRANSFER_E2E.md	CERTIFICATION_EVIDENCE	certification-evidence
docs/evidence/phase-19-direct-streaming-migration/AUTHORITATIVE_RUN_ALL.md	CERTIFICATION_EVIDENCE	certification-evidence
docs/evidence/phase-19-direct-streaming-migration/BACKUP_PREREQUISITE.md	CERTIFICATION_EVIDENCE	certification-evidence
docs/evidence/phase-19-direct-streaming-migration/BASELINE.md	CERTIFICATION_EVIDENCE	certification-evidence
docs/evidence/phase-19-direct-streaming-migration/BUILD_ARTIFACT.md	CERTIFICATION_EVIDENCE	certification-evidence
docs/evidence/phase-19-direct-streaming-migration/CERTIFICATION_GAP_CLOSURE.md	CERTIFICATION_EVIDENCE	certification-evidence
docs/evidence/phase-19-direct-streaming-migration/CERTIFICATION_MODE.md	CERTIFICATION_EVIDENCE	certification-evidence
docs/evidence/phase-19-direct-streaming-migration/CHANGED_FILES.md	CERTIFICATION_EVIDENCE	certification-evidence
docs/evidence/phase-19-direct-streaming-migration/CHUNKING_AND_RESUME.md	CERTIFICATION_EVIDENCE	certification-evidence
docs/evidence/phase-19-direct-streaming-migration/CLEAN_RUN_HISTORY.md	CERTIFICATION_EVIDENCE	certification-evidence
docs/evidence/phase-19-direct-streaming-migration/CONFIG_SANITIZATION.md	CERTIFICATION_EVIDENCE	certification-evidence
docs/evidence/phase-19-direct-streaming-migration/DATABASE_TRANSFER_E2E.md	CERTIFICATION_EVIDENCE	certification-evidence
docs/evidence/phase-19-direct-streaming-migration/DATA_EGRESS_AUDIT.md	CERTIFICATION_EVIDENCE	certification-evidence
docs/evidence/phase-19-direct-streaming-migration/DESTINATION_DATABASE_RESTORE.md	CERTIFICATION_EVIDENCE	certification-evidence
docs/evidence/phase-19-direct-streaming-migration/DESTINATION_ERP_INTERNAL_VALIDATION.md	CERTIFICATION_EVIDENCE	certification-evidence
docs/evidence/phase-19-direct-streaming-migration/DESTINATION_FILESTORE_ASSEMBLY.md	CERTIFICATION_EVIDENCE	certification-evidence
docs/evidence/phase-19-direct-streaming-migration/DESTINATION_STAGING_IDENTITY.md	CERTIFICATION_EVIDENCE	certification-evidence
docs/evidence/phase-19-direct-streaming-migration/DUPLICATE_ACTION_PREVENTION.md	CERTIFICATION_EVIDENCE	certification-evidence
docs/evidence/phase-19-direct-streaming-migration/EXACT_TARGETING.md	CERTIFICATION_EVIDENCE	certification-evidence
docs/evidence/phase-19-direct-streaming-migration/FAILURE_INJECTION.md	CERTIFICATION_EVIDENCE	certification-evidence
docs/evidence/phase-19-direct-streaming-migration/FAILURE_INJECTION.md.tmp	CERTIFICATION_EVIDENCE	certification-evidence
docs/evidence/phase-19-direct-streaming-migration/FILESTORE_PRESYNC_E2E.md	CERTIFICATION_EVIDENCE	certification-evidence
docs/evidence/phase-19-direct-streaming-migration/FINAL_FILESTORE_DELTA.md	CERTIFICATION_EVIDENCE	certification-evidence
docs/evidence/phase-19-direct-streaming-migration/FINAL_REPORT.PARTIAL.20260802.md	CERTIFICATION_EVIDENCE	certification-evidence
docs/evidence/phase-19-direct-streaming-migration/FINAL_REPORT.md	CERTIFICATION_EVIDENCE	certification-evidence
docs/evidence/phase-19-direct-streaming-migration/FIXTURE_PRECHECK_AND_RESET.md	CERTIFICATION_EVIDENCE	certification-evidence
docs/evidence/phase-19-direct-streaming-migration/GIT_DIFF_SUMMARY.md	CERTIFICATION_EVIDENCE	certification-evidence
docs/evidence/phase-19-direct-streaming-migration/HOST_REBOOT_MATRIX.md	CERTIFICATION_EVIDENCE	certification-evidence
docs/evidence/phase-19-direct-streaming-migration/LICENSE_GUARD_STAGING_PROOF.md	CERTIFICATION_EVIDENCE	certification-evidence
docs/evidence/phase-19-direct-streaming-migration/MIGRATION_TOKEN_NON_MUTATION.md	CERTIFICATION_EVIDENCE	certification-evidence
docs/evidence/phase-19-direct-streaming-migration/MTLS_TRANSFER_SERVICE.md	CERTIFICATION_EVIDENCE	certification-evidence
docs/evidence/phase-19-direct-streaming-migration/MULTI_TENANT_ISOLATION.md	CERTIFICATION_EVIDENCE	certification-evidence
docs/evidence/phase-19-direct-streaming-migration/NETWORK_INTERRUPTION_MATRIX.md	CERTIFICATION_EVIDENCE	certification-evidence
docs/evidence/phase-19-direct-streaming-migration/NO_CUTOVER_PROOF.md	CERTIFICATION_EVIDENCE	certification-evidence
docs/evidence/phase-19-direct-streaming-migration/NO_PERMANENT_SLOT.md	CERTIFICATION_EVIDENCE	certification-evidence
docs/evidence/phase-19-direct-streaming-migration/NO_PUBLIC_ROUTE.md	CERTIFICATION_EVIDENCE	certification-evidence
docs/evidence/phase-19-direct-streaming-migration/NO_SAAS_PAYLOAD_RELAY.md	CERTIFICATION_EVIDENCE	certification-evidence
docs/evidence/phase-19-direct-streaming-migration/PAUSE_RESUME_RECOVERY.md	CERTIFICATION_EVIDENCE	certification-evidence
docs/evidence/phase-19-direct-streaming-migration/PERFORMANCE_AND_DOWNTIME.md	CERTIFICATION_EVIDENCE	certification-evidence
docs/evidence/phase-19-direct-streaming-migration/REAL_ERP_STAGING_PROOF.md	CERTIFICATION_EVIDENCE	certification-evidence
docs/evidence/phase-19-direct-streaming-migration/REAL_STAGE_MIGRATION_PROOF.md	CERTIFICATION_EVIDENCE	certification-evidence
docs/evidence/phase-19-direct-streaming-migration/REGRESSION_RESULTS.md	CERTIFICATION_EVIDENCE	certification-evidence
docs/evidence/phase-19-direct-streaming-migration/SECRET_HANDLING_AUDIT.md	CERTIFICATION_EVIDENCE	certification-evidence
docs/evidence/phase-19-direct-streaming-migration/SECRET_INVENTORY_AND_NON_TRANSFER.md	CERTIFICATION_EVIDENCE	certification-evidence
docs/evidence/phase-19-direct-streaming-migration/SECURITY_ADVERSARY_MATRIX.md	CERTIFICATION_EVIDENCE	certification-evidence
docs/evidence/phase-19-direct-streaming-migration/SOURCE_AVAILABILITY.md	CERTIFICATION_EVIDENCE	certification-evidence
docs/evidence/phase-19-direct-streaming-migration/SOURCE_FREEZE_TIMEOUT_AND_RECOVERY.md	CERTIFICATION_EVIDENCE	certification-evidence
docs/evidence/phase-19-direct-streaming-migration/SOURCE_WRITE_FREEZE.md	CERTIFICATION_EVIDENCE	certification-evidence
docs/evidence/phase-19-direct-streaming-migration/STAGE_TRANSFER_E2E.md	CERTIFICATION_EVIDENCE	certification-evidence
docs/evidence/phase-19-direct-streaming-migration/TEST_RESULTS.md	CERTIFICATION_EVIDENCE	certification-evidence
docs/evidence/phase-19-direct-streaming-migration/TRANSFER_PLAN_AND_MANIFEST.md	CERTIFICATION_EVIDENCE	certification-evidence
docs/evidence/phase-19-direct-streaming-migration/WRITE_FREEZE_APPLICATION_ENFORCEMENT.md	CERTIFICATION_EVIDENCE	certification-evidence
docs/evidence/phase-19-scope-review/ADDON_TRANSFER_MODEL.md	CERTIFICATION_EVIDENCE	certification-evidence
docs/evidence/phase-19-scope-review/BASELINE.md	CERTIFICATION_EVIDENCE	certification-evidence
docs/evidence/phase-19-scope-review/CANCELLATION_AND_ABORT_MODEL.md	CERTIFICATION_EVIDENCE	certification-evidence
docs/evidence/phase-19-scope-review/CAPACITY_MODEL.md	CERTIFICATION_EVIDENCE	certification-evidence
docs/evidence/phase-19-scope-review/CHUNKING_AND_RESUME_MODEL.md	CERTIFICATION_EVIDENCE	certification-evidence
docs/evidence/phase-19-scope-review/CONFIG_AND_SECRET_MODEL.md	CERTIFICATION_EVIDENCE	certification-evidence
docs/evidence/phase-19-scope-review/CONFLICT_MATRIX.md	CERTIFICATION_EVIDENCE	certification-evidence
docs/evidence/phase-19-scope-review/CORRECTED_SCOPE.md	CERTIFICATION_EVIDENCE	certification-evidence
docs/evidence/phase-19-scope-review/DATABASE_TRANSFER_MODEL.md	CERTIFICATION_EVIDENCE	certification-evidence
docs/evidence/phase-19-scope-review/DATA_EGRESS_MODEL.md	CERTIFICATION_EVIDENCE	certification-evidence
docs/evidence/phase-19-scope-review/DESTINATION_STAGING_MODEL.md	CERTIFICATION_EVIDENCE	certification-evidence
docs/evidence/phase-19-scope-review/DESTINATION_VALIDATION_MODEL.md	CERTIFICATION_EVIDENCE	certification-evidence
docs/evidence/phase-19-scope-review/DOMAIN_ROUTING_BOUNDARY.md	CERTIFICATION_EVIDENCE	certification-evidence
docs/evidence/phase-19-scope-review/EXISTING_TRANSFER_CAPABILITY_INVENTORY.md	CERTIFICATION_EVIDENCE	certification-evidence
docs/evidence/phase-19-scope-review/FILESTORE_TRANSFER_MODEL.md	CERTIFICATION_EVIDENCE	certification-evidence
docs/evidence/phase-19-scope-review/FINAL_REPORT.md	CERTIFICATION_EVIDENCE	certification-evidence
docs/evidence/phase-19-scope-review/GIT_DIFF_SUMMARY.md	CERTIFICATION_EVIDENCE	certification-evidence
docs/evidence/phase-19-scope-review/IMPLEMENTATION_DECOMPOSITION.md	CERTIFICATION_EVIDENCE	certification-evidence
docs/evidence/phase-19-scope-review/LEGACY_MIGRATION_TRANSFER_REVIEW.md	CERTIFICATION_EVIDENCE	certification-evidence
docs/evidence/phase-19-scope-review/LICENSE_GUARD_BOUNDARY.md	CERTIFICATION_EVIDENCE	certification-evidence
docs/evidence/phase-19-scope-review/MIGRATION_STRATEGY_OPTIONS.md	CERTIFICATION_EVIDENCE	certification-evidence
docs/evidence/phase-19-scope-review/MIGRATION_TOKEN_BOUNDARY.md	CERTIFICATION_EVIDENCE	certification-evidence
docs/evidence/phase-19-scope-review/OWNER_DECISIONS.md	CERTIFICATION_EVIDENCE	certification-evidence
docs/evidence/phase-19-scope-review/PAYLOAD_CLASSIFICATION.md	CERTIFICATION_EVIDENCE	certification-evidence
docs/evidence/phase-19-scope-review/PERFORMANCE_AND_DOWNTIME_MODEL.md	CERTIFICATION_EVIDENCE	certification-evidence
docs/evidence/phase-19-scope-review/PHASE_16_OVERLAP_REVIEW.md	CERTIFICATION_EVIDENCE	certification-evidence
docs/evidence/phase-19-scope-review/PHASE_17_OVERLAP_REVIEW.md	CERTIFICATION_EVIDENCE	certification-evidence
docs/evidence/phase-19-scope-review/PHASE_18_OVERLAP_REVIEW.md	CERTIFICATION_EVIDENCE	certification-evidence
docs/evidence/phase-19-scope-review/PRE_MIGRATION_BACKUP_POLICY.md	CERTIFICATION_EVIDENCE	certification-evidence
docs/evidence/phase-19-scope-review/REBOOT_AND_RECOVERY_MODEL.md	CERTIFICATION_EVIDENCE	certification-evidence
docs/evidence/phase-19-scope-review/SECURITY_THREAT_MODEL.md	CERTIFICATION_EVIDENCE	certification-evidence
docs/evidence/phase-19-scope-review/SOURCE_AVAILABILITY_AND_CONSISTENCY.md	CERTIFICATION_EVIDENCE	certification-evidence
docs/evidence/phase-19-scope-review/STAGE_TRANSFER_MODEL.md	CERTIFICATION_EVIDENCE	certification-evidence
docs/evidence/phase-19-scope-review/TEST_PLAN.md	CERTIFICATION_EVIDENCE	certification-evidence
docs/evidence/phase-19-scope-review/TRANSFER_MANIFEST_MODEL.md	CERTIFICATION_EVIDENCE	certification-evidence
docs/evidence/phase-19-scope-review/TRANSFER_PROTOCOL_MODEL.md	CERTIFICATION_EVIDENCE	certification-evidence
docs/evidence/phase-19-scope-review/TRANSFER_STATE_MACHINE.md	CERTIFICATION_EVIDENCE	certification-evidence
docs/evidence/phase-20-atomic-authorization-rebind/ANTI_SPLIT_BRAIN_PROOF.md	CERTIFICATION_EVIDENCE	certification-evidence
docs/evidence/phase-20-atomic-authorization-rebind/ATOMIC_TRANSACTION_E2E.md	CERTIFICATION_EVIDENCE	certification-evidence
docs/evidence/phase-20-atomic-authorization-rebind/BASELINE.md	CERTIFICATION_EVIDENCE	certification-evidence
docs/evidence/phase-20-atomic-authorization-rebind/BUILD_ARTIFACT.md	CERTIFICATION_EVIDENCE	certification-evidence
docs/evidence/phase-20-atomic-authorization-rebind/CHANGED_FILES.md	CERTIFICATION_EVIDENCE	certification-evidence
docs/evidence/phase-20-atomic-authorization-rebind/COMMERCIAL_LEDGER_INVENTORY.md	CERTIFICATION_EVIDENCE	certification-evidence
docs/evidence/phase-20-atomic-authorization-rebind/COMPENSATION_AND_RECOVERY.md	CERTIFICATION_EVIDENCE	certification-evidence
docs/evidence/phase-20-atomic-authorization-rebind/CONCURRENT_COMMIT_MATRIX.md	CERTIFICATION_EVIDENCE	certification-evidence
docs/evidence/phase-20-atomic-authorization-rebind/DATA_EGRESS_AUDIT.md	CERTIFICATION_EVIDENCE	certification-evidence
docs/evidence/phase-20-atomic-authorization-rebind/DESTINATION_BACKUP_PROOF.md	CERTIFICATION_EVIDENCE	certification-evidence
docs/evidence/phase-20-atomic-authorization-rebind/DESTINATION_BINDING.md	CERTIFICATION_EVIDENCE	certification-evidence
docs/evidence/phase-20-atomic-authorization-rebind/DESTINATION_PRE_CUTOVER_ACTIVATION.md	CERTIFICATION_EVIDENCE	certification-evidence
docs/evidence/phase-20-atomic-authorization-rebind/DUAL_TRUTH_RECONCILIATION.md	CERTIFICATION_EVIDENCE	certification-evidence
docs/evidence/phase-20-atomic-authorization-rebind/FAILURE_INJECTION.md	CERTIFICATION_EVIDENCE	certification-evidence
docs/evidence/phase-20-atomic-authorization-rebind/FINAL_REPORT.md	CERTIFICATION_EVIDENCE	certification-evidence
docs/evidence/phase-20-atomic-authorization-rebind/GIT_DIFF_SUMMARY.md	CERTIFICATION_EVIDENCE	certification-evidence
docs/evidence/phase-20-atomic-authorization-rebind/HOST_REBOOT_MATRIX.md	CERTIFICATION_EVIDENCE	certification-evidence
docs/evidence/phase-20-atomic-authorization-rebind/IDEMPOTENCY_AND_REPLAY.md	CERTIFICATION_EVIDENCE	certification-evidence
docs/evidence/phase-20-atomic-authorization-rebind/INTEGRATION_NEUTRALIZATION.md	CERTIFICATION_EVIDENCE	certification-evidence
docs/evidence/phase-20-atomic-authorization-rebind/LICENSE_GUARD_DESTINATION_PROOF.md	CERTIFICATION_EVIDENCE	certification-evidence
docs/evidence/phase-20-atomic-authorization-rebind/LOST_RESPONSE_RECOVERY.md	CERTIFICATION_EVIDENCE	certification-evidence
docs/evidence/phase-20-atomic-authorization-rebind/MIGRATION_AUTHORIZATION_OBJECT.md	CERTIFICATION_EVIDENCE	certification-evidence
docs/evidence/phase-20-atomic-authorization-rebind/MULTI_TENANT_ISOLATION.md	CERTIFICATION_EVIDENCE	certification-evidence
docs/evidence/phase-20-atomic-authorization-rebind/NO_CUTOVER_PROOF.md	CERTIFICATION_EVIDENCE	certification-evidence
docs/evidence/phase-20-atomic-authorization-rebind/NO_DNS_MUTATION.md	CERTIFICATION_EVIDENCE	certification-evidence
docs/evidence/phase-20-atomic-authorization-rebind/NO_PUBLIC_DESTINATION_ROUTE.md	CERTIFICATION_EVIDENCE	certification-evidence
docs/evidence/phase-20-atomic-authorization-rebind/NO_SOURCE_DEACTIVATION.md	CERTIFICATION_EVIDENCE	certification-evidence
docs/evidence/phase-20-atomic-authorization-rebind/OFFLINE_AUTHORIZATION_E2E.md	CERTIFICATION_EVIDENCE	certification-evidence
docs/evidence/phase-20-atomic-authorization-rebind/ONE_LICENSE_ONE_SLOT_PROOF.md	CERTIFICATION_EVIDENCE	certification-evidence
docs/evidence/phase-20-atomic-authorization-rebind/PERFORMANCE_AND_IMPACT.md	CERTIFICATION_EVIDENCE	certification-evidence
docs/evidence/phase-20-atomic-authorization-rebind/PHASE21_READINESS_EXPIRY_AND_DRIFT.md	CERTIFICATION_EVIDENCE	certification-evidence
docs/evidence/phase-20-atomic-authorization-rebind/PHASE21_READINESS_PASS_WARNING_BLOCKED.md	CERTIFICATION_EVIDENCE	certification-evidence
docs/evidence/phase-20-atomic-authorization-rebind/REGRESSION_RESULTS.md	CERTIFICATION_EVIDENCE	certification-evidence
docs/evidence/phase-20-atomic-authorization-rebind/REVERSAL_POLICY.md	CERTIFICATION_EVIDENCE	certification-evidence
docs/evidence/phase-20-atomic-authorization-rebind/SAAS_DATABASE_TESTS.md	CERTIFICATION_EVIDENCE	certification-evidence
docs/evidence/phase-20-atomic-authorization-rebind/SECRET_HANDLING_AUDIT.md	CERTIFICATION_EVIDENCE	certification-evidence
docs/evidence/phase-20-atomic-authorization-rebind/SECURITY_ADVERSARY_MATRIX.md	CERTIFICATION_EVIDENCE	certification-evidence
docs/evidence/phase-20-atomic-authorization-rebind/SOURCE_GRACE_RESTRICTIONS.md	CERTIFICATION_EVIDENCE	certification-evidence
docs/evidence/phase-20-atomic-authorization-rebind/SOURCE_MIGRATION_ORIGIN_GRACE.md	CERTIFICATION_EVIDENCE	certification-evidence
docs/evidence/phase-20-atomic-authorization-rebind/STAGE_REBIND_E2E.md	CERTIFICATION_EVIDENCE	certification-evidence
docs/evidence/phase-20-atomic-authorization-rebind/STAGE_RETENTION_PROOF.md	CERTIFICATION_EVIDENCE	certification-evidence
docs/evidence/phase-20-atomic-authorization-rebind/TEST_RESULTS.md	CERTIFICATION_EVIDENCE	certification-evidence
docs/evidence/phase-20-atomic-authorization-rebind/TOKEN_ELIGIBILITY.md	CERTIFICATION_EVIDENCE	certification-evidence
docs/evidence/phase-20-atomic-authorization-rebind/TOKEN_EXACTLY_ONCE.md	CERTIFICATION_EVIDENCE	certification-evidence
docs/evidence/phase-20-scope-review/ANTI_SPLIT_BRAIN_MODEL.md	CERTIFICATION_EVIDENCE	certification-evidence
docs/evidence/phase-20-scope-review/ATOMICITY_AND_TRANSACTION_MODEL.md	CERTIFICATION_EVIDENCE	certification-evidence
docs/evidence/phase-20-scope-review/BASELINE.md	CERTIFICATION_EVIDENCE	certification-evidence
docs/evidence/phase-20-scope-review/CLI_PROPOSAL.md	CERTIFICATION_EVIDENCE	certification-evidence
docs/evidence/phase-20-scope-review/COMMERCIAL_MODEL.md	CERTIFICATION_EVIDENCE	certification-evidence
docs/evidence/phase-20-scope-review/COMMIT_BOUNDARY.md	CERTIFICATION_EVIDENCE	certification-evidence
docs/evidence/phase-20-scope-review/COMPENSATION_POLICY.md	CERTIFICATION_EVIDENCE	certification-evidence
docs/evidence/phase-20-scope-review/CONFLICT_MATRIX.md	CERTIFICATION_EVIDENCE	certification-evidence
docs/evidence/phase-20-scope-review/CORRECTED_SCOPE.md	CERTIFICATION_EVIDENCE	certification-evidence
docs/evidence/phase-20-scope-review/DATA_EGRESS_MODEL.md	CERTIFICATION_EVIDENCE	certification-evidence
docs/evidence/phase-20-scope-review/DESTINATION_ACTIVATION_MODEL.md	CERTIFICATION_EVIDENCE	certification-evidence
docs/evidence/phase-20-scope-review/EXISTING_TOKEN_AND_LICENSE_CAPABILITY_INVENTORY.md	CERTIFICATION_EVIDENCE	certification-evidence
docs/evidence/phase-20-scope-review/FAILURE_AND_RECOVERY_MODEL.md	CERTIFICATION_EVIDENCE	certification-evidence
docs/evidence/phase-20-scope-review/FINAL_REPORT.md	CERTIFICATION_EVIDENCE	certification-evidence
docs/evidence/phase-20-scope-review/GIT_DIFF_SUMMARY.md	CERTIFICATION_EVIDENCE	certification-evidence
docs/evidence/phase-20-scope-review/IDEMPOTENCY_MODEL.md	CERTIFICATION_EVIDENCE	certification-evidence
docs/evidence/phase-20-scope-review/IMPLEMENTATION_DECOMPOSITION.md	CERTIFICATION_EVIDENCE	certification-evidence
docs/evidence/phase-20-scope-review/LEGACY_ACTIVATION_REVIEW.md	CERTIFICATION_EVIDENCE	certification-evidence
docs/evidence/phase-20-scope-review/LICENSE_REBIND_MODEL.md	CERTIFICATION_EVIDENCE	certification-evidence
docs/evidence/phase-20-scope-review/MIGRATION_AUTHORIZATION_OBJECT.md	CERTIFICATION_EVIDENCE	certification-evidence
docs/evidence/phase-20-scope-review/OFFLINE_AUTHORIZATION_MODEL.md	CERTIFICATION_EVIDENCE	certification-evidence
docs/evidence/phase-20-scope-review/OWNER_DECISIONS.md	CERTIFICATION_EVIDENCE	certification-evidence
docs/evidence/phase-20-scope-review/PHASE19_REVALIDATION.md	CERTIFICATION_EVIDENCE	certification-evidence
docs/evidence/phase-20-scope-review/PHASE21_READINESS_MODEL.md	CERTIFICATION_EVIDENCE	certification-evidence
docs/evidence/phase-20-scope-review/PHASE_17_IDENTITY_OVERLAP.md	CERTIFICATION_EVIDENCE	certification-evidence
docs/evidence/phase-20-scope-review/PHASE_19_STAGING_OVERLAP.md	CERTIFICATION_EVIDENCE	certification-evidence
docs/evidence/phase-20-scope-review/PHASE_4_ENTITLEMENT_OVERLAP.md	CERTIFICATION_EVIDENCE	certification-evidence
docs/evidence/phase-20-scope-review/SECURITY_THREAT_MODEL.md	CERTIFICATION_EVIDENCE	certification-evidence
docs/evidence/phase-20-scope-review/SOURCE_GRACE_MODEL.md	CERTIFICATION_EVIDENCE	certification-evidence
docs/evidence/phase-20-scope-review/STAGE_REBIND_MODEL.md	CERTIFICATION_EVIDENCE	certification-evidence
docs/evidence/phase-20-scope-review/STRUCTURED_CODES.md	CERTIFICATION_EVIDENCE	certification-evidence
docs/evidence/phase-20-scope-review/TEST_PLAN.md	CERTIFICATION_EVIDENCE	certification-evidence
docs/evidence/phase-20-scope-review/TOKEN_LIFECYCLE_OPTIONS.md	CERTIFICATION_EVIDENCE	certification-evidence
docs/evidence/phase-21-production-cutover/AUTOMATIC_ROLLBACK_TRIGGERS.md	CERTIFICATION_EVIDENCE	certification-evidence
docs/evidence/phase-21-production-cutover/BASELINE.md	CERTIFICATION_EVIDENCE	certification-evidence
docs/evidence/phase-21-production-cutover/BUILD_ARTIFACT.md	CERTIFICATION_EVIDENCE	certification-evidence
docs/evidence/phase-21-production-cutover/CHANGED_FILES.md	CERTIFICATION_EVIDENCE	certification-evidence
docs/evidence/phase-21-production-cutover/CUTOVER_PLAN.md	CERTIFICATION_EVIDENCE	certification-evidence
docs/evidence/phase-21-production-cutover/CUTOVER_PLAN_E2E.md	CERTIFICATION_EVIDENCE	certification-evidence
docs/evidence/phase-21-production-cutover/DATA_EGRESS_AUDIT.md	CERTIFICATION_EVIDENCE	certification-evidence
docs/evidence/phase-21-production-cutover/DESTINATION_BACKUP_PROOF.md	CERTIFICATION_EVIDENCE	certification-evidence
docs/evidence/phase-21-production-cutover/DESTINATION_GO_LIVE_SEQUENCE.md	CERTIFICATION_EVIDENCE	certification-evidence
docs/evidence/phase-21-production-cutover/DESTINATION_NGINX_PRODUCTION_ROUTE.md	CERTIFICATION_EVIDENCE	certification-evidence
docs/evidence/phase-21-production-cutover/DESTINATION_PUBLIC_HEALTH.md	CERTIFICATION_EVIDENCE	certification-evidence
docs/evidence/phase-21-production-cutover/DESTINATION_WRITE_SUCCESS.md	CERTIFICATION_EVIDENCE	certification-evidence
docs/evidence/phase-21-production-cutover/DNS_AUTHORITATIVE_AND_PUBLIC_RESOLVERS.md	CERTIFICATION_EVIDENCE	certification-evidence
docs/evidence/phase-21-production-cutover/DNS_CUTOVER_FIXTURE.md	CERTIFICATION_EVIDENCE	certification-evidence
docs/evidence/phase-21-production-cutover/FAILURE_INJECTION.md	CERTIFICATION_EVIDENCE	certification-evidence
docs/evidence/phase-21-production-cutover/FINAL_CUTOVER_SYNC.md	CERTIFICATION_EVIDENCE	certification-evidence
docs/evidence/phase-21-production-cutover/FINAL_REPORT.md	CERTIFICATION_EVIDENCE	certification-evidence
docs/evidence/phase-21-production-cutover/FINAL_SOURCE_SYNC.md	CERTIFICATION_EVIDENCE	certification-evidence
docs/evidence/phase-21-production-cutover/GIT_DIFF_SUMMARY.md	CERTIFICATION_EVIDENCE	certification-evidence
docs/evidence/phase-21-production-cutover/HOST_REBOOT_MATRIX.md	CERTIFICATION_EVIDENCE	certification-evidence
docs/evidence/phase-21-production-cutover/IMMEDIATE_ROLLBACK.md	CERTIFICATION_EVIDENCE	certification-evidence
docs/evidence/phase-21-production-cutover/INTEGRATION_ACTIVATION_SEQUENCE.md	CERTIFICATION_EVIDENCE	certification-evidence
docs/evidence/phase-21-production-cutover/MULTI_TENANT_ISOLATION.md	CERTIFICATION_EVIDENCE	certification-evidence
docs/evidence/phase-21-production-cutover/NETWORK_INTERRUPTION_MATRIX.md	CERTIFICATION_EVIDENCE	certification-evidence
docs/evidence/phase-21-production-cutover/NGINX_PRODUCTION_ROUTE.md	CERTIFICATION_EVIDENCE	certification-evidence
docs/evidence/phase-21-production-cutover/NO_DUPLICATE_PAYMENT_OR_WEBHOOK.md	CERTIFICATION_EVIDENCE	certification-evidence
docs/evidence/phase-21-production-cutover/NO_SAAS_TRAFFIC_RELAY.md	CERTIFICATION_EVIDENCE	certification-evidence
docs/evidence/phase-21-production-cutover/NO_SOURCE_CERTIFICATE_REVOCATION.md	CERTIFICATION_EVIDENCE	certification-evidence
docs/evidence/phase-21-production-cutover/NO_SOURCE_PURGE.md	CERTIFICATION_EVIDENCE	certification-evidence
docs/evidence/phase-21-production-cutover/PERFORMANCE_AND_MAINTENANCE_WINDOW.md	CERTIFICATION_EVIDENCE	certification-evidence
docs/evidence/phase-21-production-cutover/PHASE20_REVALIDATION.md	CERTIFICATION_EVIDENCE	certification-evidence
docs/evidence/phase-21-production-cutover/PHASE22_READINESS_EXPIRY_AND_DRIFT.md	CERTIFICATION_EVIDENCE	certification-evidence
docs/evidence/phase-21-production-cutover/PHASE22_READINESS_PASS_WARNING_BLOCKED.md	CERTIFICATION_EVIDENCE	certification-evidence
docs/evidence/phase-21-production-cutover/PHASE22_READINESS_POST_CUTOVER.md	CERTIFICATION_EVIDENCE	certification-evidence
docs/evidence/phase-21-production-cutover/POST_CUTOVER_HEALTH.md	CERTIFICATION_EVIDENCE	certification-evidence
docs/evidence/phase-21-production-cutover/PREFLIGHT_REVALIDATION.md	CERTIFICATION_EVIDENCE	certification-evidence
docs/evidence/phase-21-production-cutover/PRODUCTION_DNS_TRANSITION.md	CERTIFICATION_EVIDENCE	certification-evidence
docs/evidence/phase-21-production-cutover/PRODUCTION_TLS_PROOF.md	CERTIFICATION_EVIDENCE	certification-evidence
docs/evidence/phase-21-production-cutover/REGRESSION_RESULTS.md	CERTIFICATION_EVIDENCE	certification-evidence
docs/evidence/phase-21-production-cutover/ROLLBACK_MODEL_PROOF.md	CERTIFICATION_EVIDENCE	certification-evidence
docs/evidence/phase-21-production-cutover/ROLLBACK_WINDOW.md	CERTIFICATION_EVIDENCE	certification-evidence
docs/evidence/phase-21-production-cutover/SAFE_ROLLBACK_E2E.md	CERTIFICATION_EVIDENCE	certification-evidence
docs/evidence/phase-21-production-cutover/SECRET_HANDLING_AUDIT.md	CERTIFICATION_EVIDENCE	certification-evidence
docs/evidence/phase-21-production-cutover/SECURITY_ADVERSARY_MATRIX.md	CERTIFICATION_EVIDENCE	certification-evidence
docs/evidence/phase-21-production-cutover/SESSION_AND_COOKIE_VALIDATION.md	CERTIFICATION_EVIDENCE	certification-evidence
docs/evidence/phase-21-production-cutover/SOURCE_BACKUP_PIN_PROOF.md	CERTIFICATION_EVIDENCE	certification-evidence
docs/evidence/phase-21-production-cutover/SOURCE_MAINTENANCE.md	CERTIFICATION_EVIDENCE	certification-evidence
docs/evidence/phase-21-production-cutover/SOURCE_MAINTENANCE_TRANSITION.md	CERTIFICATION_EVIDENCE	certification-evidence
docs/evidence/phase-21-production-cutover/SOURCE_RETENTION_PROOF.md	CERTIFICATION_EVIDENCE	certification-evidence
docs/evidence/phase-21-production-cutover/SOURCE_WRITE_DENIAL.md	CERTIFICATION_EVIDENCE	certification-evidence
docs/evidence/phase-21-production-cutover/SOURCE_WRITE_FREEZE.md	CERTIFICATION_EVIDENCE	certification-evidence
docs/evidence/phase-21-production-cutover/SPLIT_TRAFFIC_PROOF.md	CERTIFICATION_EVIDENCE	certification-evidence
docs/evidence/phase-21-production-cutover/STAGE_CUTOVER_E2E.md	CERTIFICATION_EVIDENCE	certification-evidence
docs/evidence/phase-21-production-cutover/STATIC_FORBIDDEN_SCAN.md	CERTIFICATION_EVIDENCE	certification-evidence
docs/evidence/phase-21-production-cutover/TEST_RESULTS.md	CERTIFICATION_EVIDENCE	certification-evidence
docs/evidence/phase-21-production-cutover/TLS_PRODUCTION_GATE.md	CERTIFICATION_EVIDENCE	certification-evidence
docs/evidence/phase-21-production-cutover/TOKEN_INVARIANT.md	CERTIFICATION_EVIDENCE	certification-evidence
docs/evidence/phase-21-production-cutover/TRAFFIC_OWNER_SWITCH.md	CERTIFICATION_EVIDENCE	certification-evidence
docs/evidence/phase-21-production-cutover/TRAFFIC_OWNER_TRANSITION.md	CERTIFICATION_EVIDENCE	certification-evidence
docs/evidence/phase-21-production-cutover/UNSAFE_ROLLBACK_DENIAL.md	CERTIFICATION_EVIDENCE	certification-evidence
docs/evidence/phase-21-scope-review/AUTOMATIC_ROLLBACK_TRIGGERS.md	CERTIFICATION_EVIDENCE	certification-evidence
docs/evidence/phase-21-scope-review/BASELINE.md	CERTIFICATION_EVIDENCE	certification-evidence
docs/evidence/phase-21-scope-review/COMMIT_BOUNDARY.md	CERTIFICATION_EVIDENCE	certification-evidence
docs/evidence/phase-21-scope-review/CONFLICT_MATRIX.md	CERTIFICATION_EVIDENCE	certification-evidence
docs/evidence/phase-21-scope-review/CORRECTED_SCOPE.md	CERTIFICATION_EVIDENCE	certification-evidence
docs/evidence/phase-21-scope-review/CUTOVER_STRATEGY_OPTIONS.md	CERTIFICATION_EVIDENCE	certification-evidence
docs/evidence/phase-21-scope-review/DATA_EGRESS_MODEL.md	CERTIFICATION_EVIDENCE	certification-evidence
docs/evidence/phase-21-scope-review/DESTINATION_GO_LIVE_MODEL.md	CERTIFICATION_EVIDENCE	certification-evidence
docs/evidence/phase-21-scope-review/DNS_TRANSITION_MODEL.md	CERTIFICATION_EVIDENCE	certification-evidence
docs/evidence/phase-21-scope-review/EXISTING_CUTOVER_CAPABILITY_INVENTORY.md	CERTIFICATION_EVIDENCE	certification-evidence
docs/evidence/phase-21-scope-review/FINAL_REPORT.md	CERTIFICATION_EVIDENCE	certification-evidence
docs/evidence/phase-21-scope-review/FINAL_SYNC_MODEL.md	CERTIFICATION_EVIDENCE	certification-evidence
docs/evidence/phase-21-scope-review/GIT_DIFF_SUMMARY.md	CERTIFICATION_EVIDENCE	certification-evidence
docs/evidence/phase-21-scope-review/HEALTH_AND_SMOKE_TEST_MODEL.md	CERTIFICATION_EVIDENCE	certification-evidence
docs/evidence/phase-21-scope-review/IMPLEMENTATION_DECOMPOSITION.md	CERTIFICATION_EVIDENCE	certification-evidence
docs/evidence/phase-21-scope-review/INTEGRATION_ACTIVATION_MODEL.md	CERTIFICATION_EVIDENCE	certification-evidence
docs/evidence/phase-21-scope-review/LEGACY_CUTOVER_REVIEW.md	CERTIFICATION_EVIDENCE	certification-evidence
docs/evidence/phase-21-scope-review/MAINTENANCE_AND_READONLY_MODEL.md	CERTIFICATION_EVIDENCE	certification-evidence
docs/evidence/phase-21-scope-review/OPERATION_ENGINE_MODEL.md	CERTIFICATION_EVIDENCE	certification-evidence
docs/evidence/phase-21-scope-review/OWNER_DECISIONS.md	CERTIFICATION_EVIDENCE	certification-evidence
docs/evidence/phase-21-scope-review/PHASE_18_OVERLAP_REVIEW.md	CERTIFICATION_EVIDENCE	certification-evidence
docs/evidence/phase-21-scope-review/PHASE_19_OVERLAP_REVIEW.md	CERTIFICATION_EVIDENCE	certification-evidence
docs/evidence/phase-21-scope-review/PHASE_20_OVERLAP_REVIEW.md	CERTIFICATION_EVIDENCE	certification-evidence
docs/evidence/phase-21-scope-review/PRODUCTION_TLS_MODEL.md	CERTIFICATION_EVIDENCE	certification-evidence
docs/evidence/phase-21-scope-review/ROLLBACK_MODEL.md	CERTIFICATION_EVIDENCE	certification-evidence
docs/evidence/phase-21-scope-review/ROLLBACK_WINDOW_MODEL.md	CERTIFICATION_EVIDENCE	certification-evidence
docs/evidence/phase-21-scope-review/SECURITY_THREAT_MODEL.md	CERTIFICATION_EVIDENCE	certification-evidence
docs/evidence/phase-21-scope-review/SOURCE_TRANSITION_MODEL.md	CERTIFICATION_EVIDENCE	certification-evidence
docs/evidence/phase-21-scope-review/SPLIT_TRAFFIC_MODEL.md	CERTIFICATION_EVIDENCE	certification-evidence
docs/evidence/phase-21-scope-review/STAGE_CUTOVER_MODEL.md	CERTIFICATION_EVIDENCE	certification-evidence
docs/evidence/phase-21-scope-review/TEST_PLAN.md	CERTIFICATION_EVIDENCE	certification-evidence
docs/evidence/phase-21-scope-review/TRAFFIC_OWNER_MODEL.md	CERTIFICATION_EVIDENCE	certification-evidence
docs/evidence/phase-22-scope-review/ARCHIVE_STORAGE_MODEL.md	CERTIFICATION_EVIDENCE	certification-evidence
docs/evidence/phase-22-scope-review/ARCHIVE_VS_PURGE_MODEL.md	CERTIFICATION_EVIDENCE	certification-evidence
docs/evidence/phase-22-scope-review/BACKUP_RETENTION_MODEL.md	CERTIFICATION_EVIDENCE	certification-evidence
docs/evidence/phase-22-scope-review/BASELINE.md	CERTIFICATION_EVIDENCE	certification-evidence
docs/evidence/phase-22-scope-review/COMMIT_BOUNDARIES.md	CERTIFICATION_EVIDENCE	certification-evidence
docs/evidence/phase-22-scope-review/CONFLICT_MATRIX.md	CERTIFICATION_EVIDENCE	certification-evidence
docs/evidence/phase-22-scope-review/CORRECTED_SCOPE.md	CERTIFICATION_EVIDENCE	certification-evidence
docs/evidence/phase-22-scope-review/DATA_EGRESS_MODEL.md	CERTIFICATION_EVIDENCE	certification-evidence
docs/evidence/phase-22-scope-review/DESTINATION_SUSTAINED_HEALTH_MODEL.md	CERTIFICATION_EVIDENCE	certification-evidence
docs/evidence/phase-22-scope-review/DNS_ROLLBACK_SNAPSHOT_MODEL.md	CERTIFICATION_EVIDENCE	certification-evidence
docs/evidence/phase-22-scope-review/EXISTING_ARCHIVE_AND_RETIREMENT_CAPABILITY_INVENTORY.md	CERTIFICATION_EVIDENCE	certification-evidence
docs/evidence/phase-22-scope-review/FINAL_REPORT.md	CERTIFICATION_EVIDENCE	certification-evidence
docs/evidence/phase-22-scope-review/FUTURE_PURGE_AUTHORIZATION_MODEL.md	CERTIFICATION_EVIDENCE	certification-evidence
docs/evidence/phase-22-scope-review/GIT_DIFF_SUMMARY.md	CERTIFICATION_EVIDENCE	certification-evidence
docs/evidence/phase-22-scope-review/HOST_RETIREMENT_OPTIONS.md	CERTIFICATION_EVIDENCE	certification-evidence
docs/evidence/phase-22-scope-review/IMPLEMENTATION_DECOMPOSITION.md	CERTIFICATION_EVIDENCE	certification-evidence
docs/evidence/phase-22-scope-review/INFRASTRUCTURE_RETIREMENT_INVENTORY.md	CERTIFICATION_EVIDENCE	certification-evidence
docs/evidence/phase-22-scope-review/LEGACY_CLEANUP_AND_UNINSTALL_REVIEW.md	CERTIFICATION_EVIDENCE	certification-evidence
docs/evidence/phase-22-scope-review/OPERATION_ENGINE_MODEL.md	CERTIFICATION_EVIDENCE	certification-evidence
docs/evidence/phase-22-scope-review/OWNER_DECISIONS.md	CERTIFICATION_EVIDENCE	certification-evidence
docs/evidence/phase-22-scope-review/PHASE_16_OVERLAP_REVIEW.md	CERTIFICATION_EVIDENCE	certification-evidence
docs/evidence/phase-22-scope-review/PHASE_20_OVERLAP_REVIEW.md	CERTIFICATION_EVIDENCE	certification-evidence
docs/evidence/phase-22-scope-review/PHASE_21_OVERLAP_REVIEW.md	CERTIFICATION_EVIDENCE	certification-evidence
docs/evidence/phase-22-scope-review/ROLLBACK_WINDOW_CLOSURE_MODEL.md	CERTIFICATION_EVIDENCE	certification-evidence
docs/evidence/phase-22-scope-review/SECURITY_THREAT_MODEL.md	CERTIFICATION_EVIDENCE	certification-evidence
docs/evidence/phase-22-scope-review/SOURCE_ARCHIVE_PACKAGE.md	CERTIFICATION_EVIDENCE	certification-evidence
docs/evidence/phase-22-scope-review/SOURCE_ARCHIVE_STATE_MODEL.md	CERTIFICATION_EVIDENCE	certification-evidence
docs/evidence/phase-22-scope-review/SOURCE_CERTIFICATE_RETENTION_MODEL.md	CERTIFICATION_EVIDENCE	certification-evidence
docs/evidence/phase-22-scope-review/SOURCE_CREDENTIAL_DISPOSITION_MODEL.md	CERTIFICATION_EVIDENCE	certification-evidence
docs/evidence/phase-22-scope-review/SOURCE_LICENSE_FINALIZATION_MODEL.md	CERTIFICATION_EVIDENCE	certification-evidence
docs/evidence/phase-22-scope-review/SOURCE_RUNTIME_SUSPENSION_OPTIONS.md	CERTIFICATION_EVIDENCE	certification-evidence
docs/evidence/phase-22-scope-review/STABILIZATION_PERIOD_MODEL.md	CERTIFICATION_EVIDENCE	certification-evidence
docs/evidence/phase-22-scope-review/STAGE_SOURCE_ARCHIVE_MODEL.md	CERTIFICATION_EVIDENCE	certification-evidence
docs/evidence/phase-22-scope-review/TEST_PLAN.md	CERTIFICATION_EVIDENCE	certification-evidence
docs/evidence/phase-22-source-archive-retirement/ADDON_AND_CONFIG_MANIFEST.md	CERTIFICATION_EVIDENCE	certification-evidence
docs/evidence/phase-22-source-archive-retirement/ARCHIVED_SOURCE_REBOOT_PERSISTENCE.md	CERTIFICATION_EVIDENCE	certification-evidence
docs/evidence/phase-22-source-archive-retirement/ARCHIVE_ENCRYPTION_AND_CHECKSUMS.md	CERTIFICATION_EVIDENCE	certification-evidence
docs/evidence/phase-22-source-archive-retirement/ARCHIVE_RETRIEVAL_INTERRUPTION.md	CERTIFICATION_EVIDENCE	certification-evidence
docs/evidence/phase-22-source-archive-retirement/ARCHIVE_STORAGE_TARGETS.md	CERTIFICATION_EVIDENCE	certification-evidence
docs/evidence/phase-22-source-archive-retirement/ARCHIVE_UPLOAD_INTERRUPTION.md	CERTIFICATION_EVIDENCE	certification-evidence
docs/evidence/phase-22-source-archive-retirement/AUTHORITATIVE_RUN_ALL.md	CERTIFICATION_EVIDENCE	certification-evidence
docs/evidence/phase-22-source-archive-retirement/BASELINE.md	CERTIFICATION_EVIDENCE	certification-evidence
docs/evidence/phase-22-source-archive-retirement/BUILD_ARTIFACT.md	CERTIFICATION_EVIDENCE	certification-evidence
docs/evidence/phase-22-source-archive-retirement/CERTIFICATION_GAP_CLOSURE.md	CERTIFICATION_EVIDENCE	certification-evidence
docs/evidence/phase-22-source-archive-retirement/CERTIFICATION_MODE.md	CERTIFICATION_EVIDENCE	certification-evidence
docs/evidence/phase-22-source-archive-retirement/CHANGED_FILES.md	CERTIFICATION_EVIDENCE	certification-evidence
docs/evidence/phase-22-source-archive-retirement/CLEAN_RUN_HISTORY.md	CERTIFICATION_EVIDENCE	certification-evidence
docs/evidence/phase-22-source-archive-retirement/DATABASE_RESTORE_TEST.md	CERTIFICATION_EVIDENCE	certification-evidence
docs/evidence/phase-22-source-archive-retirement/DATA_EGRESS_AUDIT.md	CERTIFICATION_EVIDENCE	certification-evidence
docs/evidence/phase-22-source-archive-retirement/DESTINATION_BACKUP_RETENTION.md	CERTIFICATION_EVIDENCE	certification-evidence
docs/evidence/phase-22-source-archive-retirement/DESTINATION_SUSTAINED_HEALTH.md	CERTIFICATION_EVIDENCE	certification-evidence
docs/evidence/phase-22-source-archive-retirement/DNS_ROLLBACK_SNAPSHOT_RETENTION.md	CERTIFICATION_EVIDENCE	certification-evidence
docs/evidence/phase-22-source-archive-retirement/FAILURE_INJECTION.md	CERTIFICATION_EVIDENCE	certification-evidence
docs/evidence/phase-22-source-archive-retirement/FILESTORE_VERIFICATION.md	CERTIFICATION_EVIDENCE	certification-evidence
docs/evidence/phase-22-source-archive-retirement/FINAL_REPORT.md	CERTIFICATION_EVIDENCE	certification-evidence
docs/evidence/phase-22-source-archive-retirement/FULL_ERP_RESTORE_TEST.md	CERTIFICATION_EVIDENCE	certification-evidence
docs/evidence/phase-22-source-archive-retirement/GIT_DIFF_SUMMARY.md	CERTIFICATION_EVIDENCE	certification-evidence
docs/evidence/phase-22-source-archive-retirement/HOST_REBOOT_MATRIX.md	CERTIFICATION_EVIDENCE	certification-evidence
docs/evidence/phase-22-source-archive-retirement/LICENSE_FINALIZATION_RESPONSE_LOSS.md	CERTIFICATION_EVIDENCE	certification-evidence
docs/evidence/phase-22-source-archive-retirement/LOST_ACK_AND_REPLAY_PROOF.md	CERTIFICATION_EVIDENCE	certification-evidence
docs/evidence/phase-22-source-archive-retirement/MULTI_TENANT_ISOLATION.md	CERTIFICATION_EVIDENCE	certification-evidence
docs/evidence/phase-22-source-archive-retirement/NETWORK_INTERRUPTION_MATRIX.md	CERTIFICATION_EVIDENCE	certification-evidence
docs/evidence/phase-22-source-archive-retirement/NO_BACKUP_DELETE_PROOF.md	CERTIFICATION_EVIDENCE	certification-evidence
docs/evidence/phase-22-source-archive-retirement/NO_CERTIFICATE_REVOCATION.md	CERTIFICATION_EVIDENCE	certification-evidence
docs/evidence/phase-22-source-archive-retirement/NO_HOST_TERMINATION.md	CERTIFICATION_EVIDENCE	certification-evidence
docs/evidence/phase-22-source-archive-retirement/NO_PURGE_PROOF.md	CERTIFICATION_EVIDENCE	certification-evidence
docs/evidence/phase-22-source-archive-retirement/NO_SOURCE_DELETE_PROOF.md	CERTIFICATION_EVIDENCE	certification-evidence
docs/evidence/phase-22-source-archive-retirement/ONE_LICENSE_ONE_SLOT_PROOF.md	CERTIFICATION_EVIDENCE	certification-evidence
docs/evidence/phase-22-source-archive-retirement/OWNER_CONFIRMATION_PROOF.md	CERTIFICATION_EVIDENCE	certification-evidence
docs/evidence/phase-22-source-archive-retirement/PERFORMANCE_AND_IMPACT.md	CERTIFICATION_EVIDENCE	certification-evidence
docs/evidence/phase-22-source-archive-retirement/PHASE21_REVALIDATION.md	CERTIFICATION_EVIDENCE	certification-evidence
docs/evidence/phase-22-source-archive-retirement/PHASE23_READINESS_EXPIRY_AND_DRIFT.md	CERTIFICATION_EVIDENCE	certification-evidence
docs/evidence/phase-22-source-archive-retirement/PHASE23_READINESS_PASS_WARNING_BLOCKED.md	CERTIFICATION_EVIDENCE	certification-evidence
docs/evidence/phase-22-source-archive-retirement/REAL_HOST_REBOOT_PROOF.md	CERTIFICATION_EVIDENCE	certification-evidence
docs/evidence/phase-22-source-archive-retirement/REBOOT_RECOVERY_STATE_MACHINE.md	CERTIFICATION_EVIDENCE	certification-evidence
docs/evidence/phase-22-source-archive-retirement/REGRESSION_RESULTS.md	CERTIFICATION_EVIDENCE	certification-evidence
docs/evidence/phase-22-source-archive-retirement/RETIREMENT_READINESS.md	CERTIFICATION_EVIDENCE	certification-evidence
docs/evidence/phase-22-source-archive-retirement/ROLLBACK_WINDOW_CLOSURE.md	CERTIFICATION_EVIDENCE	certification-evidence
docs/evidence/phase-22-source-archive-retirement/RUNTIME_SUSPENSION_RESPONSE_LOSS.md	CERTIFICATION_EVIDENCE	certification-evidence
docs/evidence/phase-22-source-archive-retirement/S3_INTERRUPTION_PROOF.md	CERTIFICATION_EVIDENCE	certification-evidence
docs/evidence/phase-22-source-archive-retirement/SAAS_DATABASE_TESTS.md	CERTIFICATION_EVIDENCE	certification-evidence
docs/evidence/phase-22-source-archive-retirement/SAAS_LICENSE_STATE_TESTS.md	CERTIFICATION_EVIDENCE	certification-evidence
docs/evidence/phase-22-source-archive-retirement/SAAS_MULTI_TENANT_PROOF.md	CERTIFICATION_EVIDENCE	certification-evidence
docs/evidence/phase-22-source-archive-retirement/SAAS_NO_DESTRUCTIVE_BEHAVIOR.md	CERTIFICATION_EVIDENCE	certification-evidence
docs/evidence/phase-22-source-archive-retirement/SAAS_SCHEMA_UPGRADE_TEST.md	CERTIFICATION_EVIDENCE	certification-evidence
docs/evidence/phase-22-source-archive-retirement/SAAS_TYPECHECK_LINT_BUILD.md	CERTIFICATION_EVIDENCE	certification-evidence
docs/evidence/phase-22-source-archive-retirement/SECRET_HANDLING_AUDIT.md	CERTIFICATION_EVIDENCE	certification-evidence
docs/evidence/phase-22-source-archive-retirement/SECRET_INVENTORY_AND_CREDENTIAL_DISPOSITION.md	CERTIFICATION_EVIDENCE	certification-evidence
docs/evidence/phase-22-source-archive-retirement/SECURITY_ADVERSARY_MATRIX.md	CERTIFICATION_EVIDENCE	certification-evidence
docs/evidence/phase-22-source-archive-retirement/SFTP_INTERRUPTION_PROOF.md	CERTIFICATION_EVIDENCE	certification-evidence
docs/evidence/phase-22-source-archive-retirement/SOURCE_ARCHIVE_PLAN.md	CERTIFICATION_EVIDENCE	certification-evidence
docs/evidence/phase-22-source-archive-retirement/SOURCE_AUTO_START_PREVENTION.md	CERTIFICATION_EVIDENCE	certification-evidence
docs/evidence/phase-22-source-archive-retirement/SOURCE_BACKUP_RETENTION.md	CERTIFICATION_EVIDENCE	certification-evidence
docs/evidence/phase-22-source-archive-retirement/SOURCE_CERTIFICATE_RETENTION.md	CERTIFICATION_EVIDENCE	certification-evidence
docs/evidence/phase-22-source-archive-retirement/SOURCE_DATABASE_ARCHIVE.md	CERTIFICATION_EVIDENCE	certification-evidence
docs/evidence/phase-22-source-archive-retirement/SOURCE_FILESTORE_ARCHIVE.md	CERTIFICATION_EVIDENCE	certification-evidence
docs/evidence/phase-22-source-archive-retirement/SOURCE_HOST_RETENTION.md	CERTIFICATION_EVIDENCE	certification-evidence
docs/evidence/phase-22-source-archive-retirement/SOURCE_INFRASTRUCTURE_INVENTORY.md	CERTIFICATION_EVIDENCE	certification-evidence
docs/evidence/phase-22-source-archive-retirement/SOURCE_INTEGRATION_DISABLEMENT.md	CERTIFICATION_EVIDENCE	certification-evidence
docs/evidence/phase-22-source-archive-retirement/SOURCE_LICENSE_FINALIZATION.md	CERTIFICATION_EVIDENCE	certification-evidence
docs/evidence/phase-22-source-archive-retirement/SOURCE_LICENSE_GUARD_ARCHIVED_STATE.md	CERTIFICATION_EVIDENCE	certification-evidence
docs/evidence/phase-22-source-archive-retirement/SOURCE_PUBLIC_ROUTE_DISABLEMENT.md	CERTIFICATION_EVIDENCE	certification-evidence
docs/evidence/phase-22-source-archive-retirement/SOURCE_RUNTIME_SUSPENSION.md	CERTIFICATION_EVIDENCE	certification-evidence
docs/evidence/phase-22-source-archive-retirement/STABILIZATION_OBSERVATION.md	CERTIFICATION_EVIDENCE	certification-evidence
docs/evidence/phase-22-source-archive-retirement/STAGE_SOURCE_ARCHIVE.md	CERTIFICATION_EVIDENCE	certification-evidence
docs/evidence/phase-22-source-archive-retirement/TEST_RESULTS.md	CERTIFICATION_EVIDENCE	certification-evidence
docs/evidence/phase-23-offline-update-bundles/ADDON_PACKAGING.md	CERTIFICATION_EVIDENCE	certification-evidence
docs/evidence/phase-23-offline-update-bundles/AIR_GAPPED_NETWORK_PROOF.md	CERTIFICATION_EVIDENCE	certification-evidence
docs/evidence/phase-23-offline-update-bundles/ARTIFACT_STORAGE.md	CERTIFICATION_EVIDENCE	certification-evidence
docs/evidence/phase-23-offline-update-bundles/AUTHORITATIVE_RUN_ALL.fail-finalizer-F31.md	CERTIFICATION_EVIDENCE	certification-evidence
docs/evidence/phase-23-offline-update-bundles/AUTHORITATIVE_RUN_ALL.md	CERTIFICATION_EVIDENCE	certification-evidence
docs/evidence/phase-23-offline-update-bundles/BASELINE.md	CERTIFICATION_EVIDENCE	certification-evidence
docs/evidence/phase-23-offline-update-bundles/BUILD_ARTIFACT.md	CERTIFICATION_EVIDENCE	certification-evidence
docs/evidence/phase-23-offline-update-bundles/BUNDLE_AUTHORIZATION.md	CERTIFICATION_EVIDENCE	certification-evidence
docs/evidence/phase-23-offline-update-bundles/BUNDLE_FORMAT_AND_LAYOUT.md	CERTIFICATION_EVIDENCE	certification-evidence
docs/evidence/phase-23-offline-update-bundles/BUNDLE_MANIFEST.md	CERTIFICATION_EVIDENCE	certification-evidence
docs/evidence/phase-23-offline-update-bundles/CANDIDATE_VALIDATION.md	CERTIFICATION_EVIDENCE	certification-evidence
docs/evidence/phase-23-offline-update-bundles/CERTIFICATION_GAP_CLOSURE.md	CERTIFICATION_EVIDENCE	certification-evidence
docs/evidence/phase-23-offline-update-bundles/CERTIFICATION_MODE.md	CERTIFICATION_EVIDENCE	certification-evidence
docs/evidence/phase-23-offline-update-bundles/CHANGED_FILES.md	CERTIFICATION_EVIDENCE	certification-evidence
docs/evidence/phase-23-offline-update-bundles/CLEAN_RUN_HISTORY.md	CERTIFICATION_EVIDENCE	certification-evidence
docs/evidence/phase-23-offline-update-bundles/CLOCK_AND_EXPIRY.md	CERTIFICATION_EVIDENCE	certification-evidence
docs/evidence/phase-23-offline-update-bundles/COMPATIBILITY_GATE.md	CERTIFICATION_EVIDENCE	certification-evidence
docs/evidence/phase-23-offline-update-bundles/CUSTOM_ADDON_SIGNING.md	CERTIFICATION_EVIDENCE	certification-evidence
docs/evidence/phase-23-offline-update-bundles/DETERMINISTIC_BUILD.md	CERTIFICATION_EVIDENCE	certification-evidence
docs/evidence/phase-23-offline-update-bundles/DISK_CLEANUP_REPORT.md	CERTIFICATION_EVIDENCE	certification-evidence
docs/evidence/phase-23-offline-update-bundles/DISK_SPACE_LIFECYCLE.md	CERTIFICATION_EVIDENCE	certification-evidence
docs/evidence/phase-23-offline-update-bundles/DISPOSABLE_RESOURCE_MANIFEST.md	CERTIFICATION_EVIDENCE	certification-evidence
docs/evidence/phase-23-offline-update-bundles/DOCKER_COLIMA_DIAGNOSTICS.md	CERTIFICATION_EVIDENCE	certification-evidence
docs/evidence/phase-23-offline-update-bundles/ENTITLEMENT_MODEL_PROOF.md	CERTIFICATION_EVIDENCE	certification-evidence
docs/evidence/phase-23-offline-update-bundles/ENVIRONMENT_PREFLIGHT.md	CERTIFICATION_EVIDENCE	certification-evidence
docs/evidence/phase-23-offline-update-bundles/EVIDENCE_ATOMIC_WRITE_PROOF.md	CERTIFICATION_EVIDENCE	certification-evidence
docs/evidence/phase-23-offline-update-bundles/EVIDENCE_FINALIZER_HARDENING.md	CERTIFICATION_EVIDENCE	certification-evidence
docs/evidence/phase-23-offline-update-bundles/EXACT_FIXTURE_RESET.md	CERTIFICATION_EVIDENCE	certification-evidence
docs/evidence/phase-23-offline-update-bundles/FAILURE_CLASSIFICATION.md	CERTIFICATION_EVIDENCE	certification-evidence
docs/evidence/phase-23-offline-update-bundles/FAILURE_INJECTION.md	CERTIFICATION_EVIDENCE	certification-evidence
docs/evidence/phase-23-offline-update-bundles/FINALIZER_META.json	CERTIFICATION_EVIDENCE	certification-evidence
docs/evidence/phase-23-offline-update-bundles/FINAL_REPORT.md	CERTIFICATION_EVIDENCE	certification-evidence
docs/evidence/phase-23-offline-update-bundles/GIT_DIFF_SUMMARY.md	CERTIFICATION_EVIDENCE	certification-evidence
docs/evidence/phase-23-offline-update-bundles/LOCAL_SWITCH.md	CERTIFICATION_EVIDENCE	certification-evidence
docs/evidence/phase-23-offline-update-bundles/MANDATORY_BACKUP.md	CERTIFICATION_EVIDENCE	certification-evidence
docs/evidence/phase-23-offline-update-bundles/MULTI_TENANT_ISOLATION.md	CERTIFICATION_EVIDENCE	certification-evidence
docs/evidence/phase-23-offline-update-bundles/NO_BUSINESS_DATA_IN_BUNDLE.md	CERTIFICATION_EVIDENCE	certification-evidence
docs/evidence/phase-23-offline-update-bundles/NO_NETWORK_ATTEMPTS.md	CERTIFICATION_EVIDENCE	certification-evidence
docs/evidence/phase-23-offline-update-bundles/NO_PHONE_HOME.md	CERTIFICATION_EVIDENCE	certification-evidence
docs/evidence/phase-23-offline-update-bundles/NO_REGISTRY_CREDENTIALS_IN_BUNDLE.md	CERTIFICATION_EVIDENCE	certification-evidence
docs/evidence/phase-23-offline-update-bundles/OCI_EXPORT_IMPORT.md	CERTIFICATION_EVIDENCE	certification-evidence
docs/evidence/phase-23-offline-update-bundles/OFFLINE_APPLY_E2E.md	CERTIFICATION_EVIDENCE	certification-evidence
docs/evidence/phase-23-offline-update-bundles/OFFLINE_CAPABILITY_MAPPING.md	CERTIFICATION_EVIDENCE	certification-evidence
docs/evidence/phase-23-offline-update-bundles/OFFLINE_IMPORT_SECURITY.md	CERTIFICATION_EVIDENCE	certification-evidence
docs/evidence/phase-23-offline-update-bundles/PERFORMANCE_AND_IMPACT.md	CERTIFICATION_EVIDENCE	certification-evidence
docs/evidence/phase-23-offline-update-bundles/PHASE15_ENGINE_REUSE.md	CERTIFICATION_EVIDENCE	certification-evidence
docs/evidence/phase-23-offline-update-bundles/PHASE23_SCOPE_DECISIONS.md	CERTIFICATION_EVIDENCE	certification-evidence
docs/evidence/phase-23-offline-update-bundles/PHASE24_READINESS_EXPIRY_AND_DRIFT.md	CERTIFICATION_EVIDENCE	certification-evidence
docs/evidence/phase-23-offline-update-bundles/PHASE24_READINESS_PASS_WARNING_BLOCKED.md	CERTIFICATION_EVIDENCE	certification-evidence
docs/evidence/phase-23-offline-update-bundles/POSTGRES_DIAGNOSTICS.md	CERTIFICATION_EVIDENCE	certification-evidence
docs/evidence/phase-23-offline-update-bundles/PRIOR_FAILURE_LEDGER.md	CERTIFICATION_EVIDENCE	certification-evidence
docs/evidence/phase-23-offline-update-bundles/REAL_AIR_GAPPED_APPLY.md	CERTIFICATION_EVIDENCE	certification-evidence
docs/evidence/phase-23-offline-update-bundles/REAL_ED25519_PROOF.md	CERTIFICATION_EVIDENCE	certification-evidence
docs/evidence/phase-23-offline-update-bundles/REAL_REGISTRY_OCI_PROOF.md	CERTIFICATION_EVIDENCE	certification-evidence
docs/evidence/phase-23-offline-update-bundles/REBOOT_AND_POWERLOSS_MATRIX.md	CERTIFICATION_EVIDENCE	certification-evidence
docs/evidence/phase-23-offline-update-bundles/RECONCILIATION.md	CERTIFICATION_EVIDENCE	certification-evidence
docs/evidence/phase-23-offline-update-bundles/REGISTRY_CREDENTIAL_CLEANUP.md	CERTIFICATION_EVIDENCE	certification-evidence
docs/evidence/phase-23-offline-update-bundles/REGISTRY_EXPORT.md	CERTIFICATION_EVIDENCE	certification-evidence
docs/evidence/phase-23-offline-update-bundles/REGRESSION_RESULTS.md	CERTIFICATION_EVIDENCE	certification-evidence
docs/evidence/phase-23-offline-update-bundles/REPLAY_PROTECTION.md	CERTIFICATION_EVIDENCE	certification-evidence
docs/evidence/phase-23-offline-update-bundles/RESULT_RECEIPT.md	CERTIFICATION_EVIDENCE	certification-evidence
docs/evidence/phase-23-offline-update-bundles/REVOCATION_LIMITATIONS.md	CERTIFICATION_EVIDENCE	certification-evidence
docs/evidence/phase-23-offline-update-bundles/ROLLBACK_E2E.md	CERTIFICATION_EVIDENCE	certification-evidence
docs/evidence/phase-23-offline-update-bundles/SAAS_DATABASE_TESTS.md	CERTIFICATION_EVIDENCE	certification-evidence
docs/evidence/phase-23-offline-update-bundles/SAAS_ENTITLEMENT_TESTS.md	CERTIFICATION_EVIDENCE	certification-evidence
docs/evidence/phase-23-offline-update-bundles/SAAS_ISSUANCE_TESTS.md	CERTIFICATION_EVIDENCE	certification-evidence
docs/evidence/phase-23-offline-update-bundles/SAAS_RECONCILIATION_TESTS.md	CERTIFICATION_EVIDENCE	certification-evidence
docs/evidence/phase-23-offline-update-bundles/SAAS_TYPECHECK_LINT_BUILD.md	CERTIFICATION_EVIDENCE	certification-evidence
docs/evidence/phase-23-offline-update-bundles/SECURITY_ADVERSARY_MATRIX.md	CERTIFICATION_EVIDENCE	certification-evidence
docs/evidence/phase-23-offline-update-bundles/SIGNING_KEY_HIERARCHY.md	CERTIFICATION_EVIDENCE	certification-evidence
docs/evidence/phase-23-offline-update-bundles/TEST_RESULTS.md	CERTIFICATION_EVIDENCE	certification-evidence
docs/evidence/phase-23-offline-update-bundles/TRUST_ROOT_AND_ROTATION.md	CERTIFICATION_EVIDENCE	certification-evidence
docs/evidence/phase-23-offline-update-bundles/UNRECONCILED_RUNTIME_INDEPENDENCE.md	CERTIFICATION_EVIDENCE	certification-evidence
docs/evidence/phase-23-offline-update-bundles/_AUTH_CONSOLE.fail-112ok-1fail-20260809.log	CERTIFICATION_EVIDENCE	certification-evidence
docs/evidence/phase-23-offline-update-bundles/_AUTH_CONSOLE.fail-112ok-transfer-20260809.log	CERTIFICATION_EVIDENCE	certification-evidence
docs/evidence/phase-23-offline-update-bundles/_AUTH_CONSOLE.interrupted-F29-run-20260809.log	CERTIFICATION_EVIDENCE	certification-evidence
docs/evidence/phase-23-offline-update-bundles/_AUTH_CONSOLE.log	CERTIFICATION_EVIDENCE	certification-evidence
docs/evidence/phase-23-offline-update-bundles/_AUTH_CONSOLE.pre-ephemeral-20260809T193949Z.log	CERTIFICATION_EVIDENCE	certification-evidence
docs/evidence/phase-23-offline-update-bundles/_EPHEMERAL_CONSOLE.fail-finalizer-F31-113ok.log	CERTIFICATION_EVIDENCE	certification-evidence
docs/evidence/phase-23-offline-update-bundles/_EPHEMERAL_CONSOLE.log	CERTIFICATION_EVIDENCE	certification-evidence
docs/evidence/phase-23-offline-update-bundles/_EPHEMERAL_LIFECYCLE.log	CERTIFICATION_EVIDENCE	certification-evidence
docs/evidence/phase-23-scope-review/ADDON_PACKAGING_MODEL.md	CERTIFICATION_EVIDENCE	certification-evidence
docs/evidence/phase-23-scope-review/BASELINE.md	CERTIFICATION_EVIDENCE	certification-evidence
docs/evidence/phase-23-scope-review/BUNDLE_AUTHORIZATION_MODEL.md	CERTIFICATION_EVIDENCE	certification-evidence
docs/evidence/phase-23-scope-review/BUNDLE_FORMAT_OPTIONS.md	CERTIFICATION_EVIDENCE	certification-evidence
docs/evidence/phase-23-scope-review/BUNDLE_MANIFEST_MODEL.md	CERTIFICATION_EVIDENCE	certification-evidence
docs/evidence/phase-23-scope-review/BUNDLE_TYPE_MODEL.md	CERTIFICATION_EVIDENCE	certification-evidence
docs/evidence/phase-23-scope-review/COMPATIBILITY_GATE.md	CERTIFICATION_EVIDENCE	certification-evidence
docs/evidence/phase-23-scope-review/CONFLICT_MATRIX.md	CERTIFICATION_EVIDENCE	certification-evidence
docs/evidence/phase-23-scope-review/CORRECTED_SCOPE.md	CERTIFICATION_EVIDENCE	certification-evidence
docs/evidence/phase-23-scope-review/DATA_EGRESS_MODEL.md	CERTIFICATION_EVIDENCE	certification-evidence
docs/evidence/phase-23-scope-review/ENTITLEMENT_MODEL.md	CERTIFICATION_EVIDENCE	certification-evidence
docs/evidence/phase-23-scope-review/EXISTING_OFFLINE_BUNDLE_CAPABILITY_INVENTORY.md	CERTIFICATION_EVIDENCE	certification-evidence
docs/evidence/phase-23-scope-review/EXPIRATION_AND_CLOCK_MODEL.md	CERTIFICATION_EVIDENCE	certification-evidence
docs/evidence/phase-23-scope-review/FINAL_REPORT.md	CERTIFICATION_EVIDENCE	certification-evidence
docs/evidence/phase-23-scope-review/GIT_DIFF_SUMMARY.md	CERTIFICATION_EVIDENCE	certification-evidence
docs/evidence/phase-23-scope-review/IMPLEMENTATION_DECOMPOSITION.md	CERTIFICATION_EVIDENCE	certification-evidence
docs/evidence/phase-23-scope-review/ISSUANCE_LIFECYCLE.md	CERTIFICATION_EVIDENCE	certification-evidence
docs/evidence/phase-23-scope-review/KEY_ROTATION_AND_REVOCATION.md	CERTIFICATION_EVIDENCE	certification-evidence
docs/evidence/phase-23-scope-review/LEGACY_OFFLINE_UPDATE_REVIEW.md	CERTIFICATION_EVIDENCE	certification-evidence
docs/evidence/phase-23-scope-review/MANDATORY_BACKUP_MODEL.md	CERTIFICATION_EVIDENCE	certification-evidence
docs/evidence/phase-23-scope-review/MASTER_PLAN_PHASE23_CONFIRMATION.md	CERTIFICATION_EVIDENCE	certification-evidence
docs/evidence/phase-23-scope-review/OFFLINE_APPLY_MODEL.md	CERTIFICATION_EVIDENCE	certification-evidence
docs/evidence/phase-23-scope-review/OFFLINE_BUNDLE_DEFINITION.md	CERTIFICATION_EVIDENCE	certification-evidence
docs/evidence/phase-23-scope-review/OFFLINE_IMPORT_AND_INSPECTION.md	CERTIFICATION_EVIDENCE	certification-evidence
docs/evidence/phase-23-scope-review/OFFLINE_INDEPENDENCE_MODEL.md	CERTIFICATION_EVIDENCE	certification-evidence
docs/evidence/phase-23-scope-review/OWNER_DECISIONS.md	CERTIFICATION_EVIDENCE	certification-evidence
docs/evidence/phase-23-scope-review/PAYLOAD_MODEL.md	CERTIFICATION_EVIDENCE	certification-evidence
docs/evidence/phase-23-scope-review/PHASE_15_UPDATE_OVERLAP.md	CERTIFICATION_EVIDENCE	certification-evidence
docs/evidence/phase-23-scope-review/PHASE_16_BACKUP_OVERLAP.md	CERTIFICATION_EVIDENCE	certification-evidence
docs/evidence/phase-23-scope-review/PHASE_17_OFFLINE_IDENTITY_OVERLAP.md	CERTIFICATION_EVIDENCE	certification-evidence
docs/evidence/phase-23-scope-review/PHASE_20_OFFLINE_AUTHORIZATION_OVERLAP.md	CERTIFICATION_EVIDENCE	certification-evidence
docs/evidence/phase-23-scope-review/PHASE_4_ENTITLEMENT_OVERLAP.md	CERTIFICATION_EVIDENCE	certification-evidence
docs/evidence/phase-23-scope-review/RECONCILIATION_MODEL.md	CERTIFICATION_EVIDENCE	certification-evidence
docs/evidence/phase-23-scope-review/REGISTRY_EXPORT_MODEL.md	CERTIFICATION_EVIDENCE	certification-evidence
docs/evidence/phase-23-scope-review/REPLAY_MODEL.md	CERTIFICATION_EVIDENCE	certification-evidence
docs/evidence/phase-23-scope-review/RESULT_RECEIPT_MODEL.md	CERTIFICATION_EVIDENCE	certification-evidence
docs/evidence/phase-23-scope-review/ROLLBACK_AND_RECOVERY_MODEL.md	CERTIFICATION_EVIDENCE	certification-evidence
docs/evidence/phase-23-scope-review/SECURITY_THREAT_MODEL.md	CERTIFICATION_EVIDENCE	certification-evidence
docs/evidence/phase-23-scope-review/SIGNING_AND_TRUST_CHAIN.md	CERTIFICATION_EVIDENCE	certification-evidence
docs/evidence/phase-23-scope-review/TEST_PLAN.md	CERTIFICATION_EVIDENCE	certification-evidence
docs/evidence/phase-23-scope-review/_generate_docs.py	CERTIFICATION_EVIDENCE	certification-evidence
docs/evidence/phase-24-scope-review/BASELINE.md	CERTIFICATION_EVIDENCE	certification-evidence
docs/evidence/phase-24-scope-review/CERTIFIED_PHASE_OWNERSHIP_MAP.md	CERTIFICATION_EVIDENCE	certification-evidence
docs/evidence/phase-24-scope-review/CLI_PROPOSAL.md	CERTIFICATION_EVIDENCE	certification-evidence
docs/evidence/phase-24-scope-review/CONFLICT_MATRIX.md	CERTIFICATION_EVIDENCE	certification-evidence
docs/evidence/phase-24-scope-review/CORRECTED_SCOPE.md	CERTIFICATION_EVIDENCE	certification-evidence
docs/evidence/phase-24-scope-review/DATA_EGRESS_MODEL.md	CERTIFICATION_EVIDENCE	certification-evidence
docs/evidence/phase-24-scope-review/EXISTING_PHASE24_CAPABILITY_INVENTORY.md	CERTIFICATION_EVIDENCE	certification-evidence
docs/evidence/phase-24-scope-review/FINAL_REPORT.md	CERTIFICATION_EVIDENCE	certification-evidence
docs/evidence/phase-24-scope-review/GIT_DIFF_SUMMARY.md	CERTIFICATION_EVIDENCE	certification-evidence
docs/evidence/phase-24-scope-review/IMPLEMENTATION_DECOMPOSITION.md	CERTIFICATION_EVIDENCE	certification-evidence
docs/evidence/phase-24-scope-review/MASTER_PLAN_PHASE24_CONFIRMATION.md	CERTIFICATION_EVIDENCE	certification-evidence
docs/evidence/phase-24-scope-review/OPERATION_ENGINE_PROPOSAL.md	CERTIFICATION_EVIDENCE	certification-evidence
docs/evidence/phase-24-scope-review/OWNER_DECISION_AUDIT.md	CERTIFICATION_EVIDENCE	certification-evidence
docs/evidence/phase-24-scope-review/PHASE23_HANDOFF_REVIEW.md	CERTIFICATION_EVIDENCE	certification-evidence
docs/evidence/phase-24-scope-review/PHASE24_CANONICAL_OBJECTIVE.md	CERTIFICATION_EVIDENCE	certification-evidence
docs/evidence/phase-24-scope-review/PHASE24_PHASE25_BOUNDARY.md	CERTIFICATION_EVIDENCE	certification-evidence
docs/evidence/phase-24-scope-review/PHASE25_READINESS_MODEL.md	CERTIFICATION_EVIDENCE	certification-evidence
docs/evidence/phase-24-scope-review/PROGRESS_ACCOUNTING_REVIEW.md	CERTIFICATION_EVIDENCE	certification-evidence
docs/evidence/phase-24-scope-review/REMAINING_TECHNICAL_DEBT.md	CERTIFICATION_EVIDENCE	certification-evidence
docs/evidence/phase-24-scope-review/SCOPE_EXCLUSIONS.md	CERTIFICATION_EVIDENCE	certification-evidence
docs/evidence/phase-24-scope-review/SCOPE_INCLUSIONS.md	CERTIFICATION_EVIDENCE	certification-evidence
docs/evidence/phase-24-scope-review/SECURITY_THREAT_MODEL.md	CERTIFICATION_EVIDENCE	certification-evidence
docs/evidence/phase-24-scope-review/SOURCE_OF_TRUTH_MAP.md	CERTIFICATION_EVIDENCE	certification-evidence
docs/evidence/phase-24-scope-review/STRUCTURED_CODES.md	CERTIFICATION_EVIDENCE	certification-evidence
docs/evidence/phase-24-scope-review/TEST_PLAN.md	CERTIFICATION_EVIDENCE	certification-evidence
docs/evidence/phase-24-security-hardening/BASELINE.md	CERTIFICATION_EVIDENCE	certification-evidence
docs/evidence/phase-24-security-hardening/BUILD_ARTIFACT.md	CERTIFICATION_EVIDENCE	certification-evidence
docs/evidence/phase-24-security-hardening/CHANGED_FILES.md	CERTIFICATION_EVIDENCE	certification-evidence
docs/evidence/phase-24-security-hardening/DISK_CLEANUP_REPORT.md	CERTIFICATION_EVIDENCE	certification-evidence
docs/evidence/phase-24-security-hardening/DIST_SECURITY_SCAN.md	CERTIFICATION_EVIDENCE	certification-evidence
docs/evidence/phase-24-security-hardening/DOCKER_AUTH_CLEANUP.md	CERTIFICATION_EVIDENCE	certification-evidence
docs/evidence/phase-24-security-hardening/FAILURE_INJECTION.md	CERTIFICATION_EVIDENCE	certification-evidence
docs/evidence/phase-24-security-hardening/FINAL_REPORT.md	CERTIFICATION_EVIDENCE	certification-evidence
docs/evidence/phase-24-security-hardening/GIT_DIFF_SUMMARY.md	CERTIFICATION_EVIDENCE	certification-evidence
docs/evidence/phase-24-security-hardening/HISTORICAL_SECRET_REVIEW.md	CERTIFICATION_EVIDENCE	certification-evidence
docs/evidence/phase-24-security-hardening/KEY_HYGIENE.md	CERTIFICATION_EVIDENCE	certification-evidence
docs/evidence/phase-24-security-hardening/MULTI_TENANT_SECURITY.md	CERTIFICATION_EVIDENCE	certification-evidence
docs/evidence/phase-24-security-hardening/PERFORMANCE_IMPACT.md	CERTIFICATION_EVIDENCE	certification-evidence
docs/evidence/phase-24-security-hardening/PHASE25_READINESS.md	CERTIFICATION_EVIDENCE	certification-evidence
docs/evidence/phase-24-security-hardening/PRIVATE_KEY_PERMISSION_AUDIT.md	CERTIFICATION_EVIDENCE	certification-evidence
docs/evidence/phase-24-security-hardening/PUBLIC_KEY_FINGERPRINTS.md	CERTIFICATION_EVIDENCE	certification-evidence
docs/evidence/phase-24-security-hardening/PURPOSE_SEPARATION.md	CERTIFICATION_EVIDENCE	certification-evidence
docs/evidence/phase-24-security-hardening/REGISTRY_LOCKDOWN.md	CERTIFICATION_EVIDENCE	certification-evidence
docs/evidence/phase-24-security-hardening/REGRESSION_RESULTS.md	CERTIFICATION_EVIDENCE	certification-evidence
docs/evidence/phase-24-security-hardening/SAAS_SECURITY_TESTS.md	CERTIFICATION_EVIDENCE	certification-evidence
docs/evidence/phase-24-security-hardening/SAAS_TYPECHECK_LINT_BUILD.md	CERTIFICATION_EVIDENCE	certification-evidence
docs/evidence/phase-24-security-hardening/SECRET_SCAN_RESULTS.md	CERTIFICATION_EVIDENCE	certification-evidence
docs/evidence/phase-24-security-hardening/SECRET_SCAN_TOOL_SELECTION.md	CERTIFICATION_EVIDENCE	certification-evidence
docs/evidence/phase-24-security-hardening/SECURITY_ADVERSARY_MATRIX.md	CERTIFICATION_EVIDENCE	certification-evidence
docs/evidence/phase-24-security-hardening/SELF_UPDATE_SECURITY.md	CERTIFICATION_EVIDENCE	certification-evidence
docs/evidence/phase-24-security-hardening/SERVICE_ROLE_EXPOSURE_AUDIT.md	CERTIFICATION_EVIDENCE	certification-evidence
docs/evidence/phase-24-security-hardening/SIGNATURE_PATH_INVENTORY.md	CERTIFICATION_EVIDENCE	certification-evidence
docs/evidence/phase-24-security-hardening/SOVEREIGNTY_SECURITY_REGRESSION.md	CERTIFICATION_EVIDENCE	certification-evidence
docs/evidence/phase-24-security-hardening/STRICT_SIGNATURE_ENFORCEMENT.md	CERTIFICATION_EVIDENCE	certification-evidence
docs/evidence/phase-24-security-hardening/TEST_BYPASS_QUARANTINE.md	CERTIFICATION_EVIDENCE	certification-evidence
docs/evidence/phase-24-security-hardening/TEST_RESULTS.md	CERTIFICATION_EVIDENCE	certification-evidence
docs/evidence/phase-24-security-hardening/TICKET_REPLAY_E2E.md	CERTIFICATION_EVIDENCE	certification-evidence
docs/evidence/phase-24-security-hardening/TICKET_REPLAY_MODEL.md	CERTIFICATION_EVIDENCE	certification-evidence
docs/evidence/phase-24-security-hardening/UNSIGNED_PATH_ELIMINATION.md	CERTIFICATION_EVIDENCE	certification-evidence
docs/evidence/phase-24-security-hardening/_RUN_ALL.exit	CERTIFICATION_EVIDENCE	certification-evidence
docs/evidence/phase-24-security-hardening/_RUN_ALL.log	CERTIFICATION_EVIDENCE	certification-evidence
docs/evidence/phase-25-final-certification/ACTIVATION_CERTIFICATION.md	CERTIFICATION_EVIDENCE	certification-evidence
docs/evidence/phase-25-final-certification/BACKUP_RESTORE_CERTIFICATION.md	CERTIFICATION_EVIDENCE	certification-evidence
docs/evidence/phase-25-final-certification/CANONICAL_OBJECTIVE.md	CERTIFICATION_EVIDENCE	certification-evidence
docs/evidence/phase-25-final-certification/CONNECTED_UPDATE_CERTIFICATION.md	CERTIFICATION_EVIDENCE	certification-evidence
docs/evidence/phase-25-final-certification/DOCUMENTATION_DIFF.md	CERTIFICATION_EVIDENCE	certification-evidence
docs/evidence/phase-25-final-certification/DOCUMENTATION_SYNC.md	CERTIFICATION_EVIDENCE	certification-evidence
docs/evidence/phase-25-final-certification/E2E_CERTIFICATION_MATRIX.md	CERTIFICATION_EVIDENCE	certification-evidence
docs/evidence/phase-25-final-certification/ENGINEERING_COMPLETION_CERTIFICATE.md	CERTIFICATION_EVIDENCE	certification-evidence
docs/evidence/phase-25-final-certification/ENGINEERING_VS_RELEASE_STATE.md	CERTIFICATION_EVIDENCE	certification-evidence
docs/evidence/phase-25-final-certification/EVIDENCE_INTEGRITY.md	CERTIFICATION_EVIDENCE	certification-evidence
docs/evidence/phase-25-final-certification/FINAL_REPORT.md	CERTIFICATION_EVIDENCE	certification-evidence
docs/evidence/phase-25-final-certification/FINAL_RUN_ALL.md	CERTIFICATION_EVIDENCE	certification-evidence
docs/evidence/phase-25-final-certification/FULL_RESTORE_DEPTH.md	CERTIFICATION_EVIDENCE	certification-evidence
docs/evidence/phase-25-final-certification/GIT_DIFF_SUMMARY.md	CERTIFICATION_EVIDENCE	certification-evidence
docs/evidence/phase-25-final-certification/INSTALL_CERTIFICATION.md	CERTIFICATION_EVIDENCE	certification-evidence
docs/evidence/phase-25-final-certification/KNOWN_LIMITATIONS.md	CERTIFICATION_EVIDENCE	certification-evidence
docs/evidence/phase-25-final-certification/LICENSING_CERTIFICATION.md	CERTIFICATION_EVIDENCE	certification-evidence
docs/evidence/phase-25-final-certification/MIGRATION_CERTIFICATION.md	CERTIFICATION_EVIDENCE	certification-evidence
docs/evidence/phase-25-final-certification/MULTI_TENANT_CERTIFICATION.md	CERTIFICATION_EVIDENCE	certification-evidence
docs/evidence/phase-25-final-certification/NO_STUDIO_DEPENDENCY.md	CERTIFICATION_EVIDENCE	certification-evidence
docs/evidence/phase-25-final-certification/OFFLINE_UPDATE_CERTIFICATION.md	CERTIFICATION_EVIDENCE	certification-evidence
docs/evidence/phase-25-final-certification/OFF_HOST_BACKUP_RELEASE_DECISION.md	CERTIFICATION_EVIDENCE	certification-evidence
docs/evidence/phase-25-final-certification/OWNER_ENGINEERING_SIGNOFF.md	CERTIFICATION_EVIDENCE	certification-evidence
docs/evidence/phase-25-final-certification/PHASE11_5_STATUS.md	CERTIFICATION_EVIDENCE	certification-evidence
docs/evidence/phase-25-final-certification/PHASE25_RUN.log	CERTIFICATION_EVIDENCE	certification-evidence
docs/evidence/phase-25-final-certification/POST_CERTIFICATION_BOUNDARY.md	CERTIFICATION_EVIDENCE	certification-evidence
docs/evidence/phase-25-final-certification/REBOOT_RECOVERY_CERTIFICATION.md	CERTIFICATION_EVIDENCE	certification-evidence
docs/evidence/phase-25-final-certification/RELEASE_READINESS_CHECKLIST.md	CERTIFICATION_EVIDENCE	certification-evidence
docs/evidence/phase-25-final-certification/RESOURCE_CLEANUP.md	CERTIFICATION_EVIDENCE	certification-evidence
docs/evidence/phase-25-final-certification/SAAS_BACKEND_CERTIFICATION.md	CERTIFICATION_EVIDENCE	certification-evidence
docs/evidence/phase-25-final-certification/SECURITY_PLATFORM_CERTIFICATE_REFERENCE.md	CERTIFICATION_EVIDENCE	certification-evidence
docs/evidence/phase-25-final-certification/SOVEREIGNTY_FINAL_CERTIFICATION.md	CERTIFICATION_EVIDENCE	certification-evidence
docs/evidence/phase-25-final-certification/STAGE_CERTIFICATION.md	CERTIFICATION_EVIDENCE	certification-evidence
docs/evidence/phase-25-final-certification/TECHNICAL_DEBT_FINAL_AUDIT.md	CERTIFICATION_EVIDENCE	certification-evidence
docs/evidence/phase-25-final-certification/THIRD_PARTY_ODOO18_COMPATIBILITY.md	CERTIFICATION_EVIDENCE	certification-evidence
docs/evidence/phase-25-final-certification/artifacts/ARTIFACT_PROVENANCE.md	CERTIFICATION_EVIDENCE	certification-evidence
docs/evidence/phase-25-final-certification/artifacts/FINAL_ARTIFACT_CERTIFICATION.md	CERTIFICATION_EVIDENCE	certification-evidence
docs/evidence/phase-25-final-certification/audit/DOCUMENTATION_DIFF.md	CERTIFICATION_EVIDENCE	certification-evidence
docs/evidence/phase-25-final-certification/audit/DOCUMENTATION_SYNC.md	CERTIFICATION_EVIDENCE	certification-evidence
docs/evidence/phase-25-final-certification/baseline/BASELINE_SNAPSHOT.md	CERTIFICATION_EVIDENCE	certification-evidence
docs/evidence/phase-25-final-certification/hashes/ACTIVATION_CERTIFICATION.md.sha256	CERTIFICATION_EVIDENCE	certification-evidence
docs/evidence/phase-25-final-certification/hashes/BACKUP_RESTORE_CERTIFICATION.md.sha256	CERTIFICATION_EVIDENCE	certification-evidence
docs/evidence/phase-25-final-certification/hashes/CANONICAL_OBJECTIVE.md.sha256	CERTIFICATION_EVIDENCE	certification-evidence
docs/evidence/phase-25-final-certification/hashes/CONNECTED_UPDATE_CERTIFICATION.md.sha256	CERTIFICATION_EVIDENCE	certification-evidence
docs/evidence/phase-25-final-certification/hashes/DOCUMENTATION_DIFF.md.sha256	CERTIFICATION_EVIDENCE	certification-evidence
docs/evidence/phase-25-final-certification/hashes/DOCUMENTATION_SYNC.md.sha256	CERTIFICATION_EVIDENCE	certification-evidence
docs/evidence/phase-25-final-certification/hashes/E2E_CERTIFICATION_MATRIX.md.sha256	CERTIFICATION_EVIDENCE	certification-evidence
docs/evidence/phase-25-final-certification/hashes/ENGINEERING_COMPLETION_CERTIFICATE.md.sha256	CERTIFICATION_EVIDENCE	certification-evidence
docs/evidence/phase-25-final-certification/hashes/ENGINEERING_VS_RELEASE_STATE.md.sha256	CERTIFICATION_EVIDENCE	certification-evidence
docs/evidence/phase-25-final-certification/hashes/EVIDENCE_INTEGRITY.md.sha256	CERTIFICATION_EVIDENCE	certification-evidence
docs/evidence/phase-25-final-certification/hashes/FINAL_REPORT.md.sha256	CERTIFICATION_EVIDENCE	certification-evidence
docs/evidence/phase-25-final-certification/hashes/FINAL_RUN_ALL.md.sha256	CERTIFICATION_EVIDENCE	certification-evidence
docs/evidence/phase-25-final-certification/hashes/FULL_RESTORE_DEPTH.md.sha256	CERTIFICATION_EVIDENCE	certification-evidence
docs/evidence/phase-25-final-certification/hashes/GIT_DIFF_SUMMARY.md.sha256	CERTIFICATION_EVIDENCE	certification-evidence
docs/evidence/phase-25-final-certification/hashes/INSTALL_CERTIFICATION.md.sha256	CERTIFICATION_EVIDENCE	certification-evidence
docs/evidence/phase-25-final-certification/hashes/KNOWN_LIMITATIONS.md.sha256	CERTIFICATION_EVIDENCE	certification-evidence
docs/evidence/phase-25-final-certification/hashes/LICENSING_CERTIFICATION.md.sha256	CERTIFICATION_EVIDENCE	certification-evidence
docs/evidence/phase-25-final-certification/hashes/MIGRATION_CERTIFICATION.md.sha256	CERTIFICATION_EVIDENCE	certification-evidence
docs/evidence/phase-25-final-certification/hashes/MULTI_TENANT_CERTIFICATION.md.sha256	CERTIFICATION_EVIDENCE	certification-evidence
docs/evidence/phase-25-final-certification/hashes/NO_STUDIO_DEPENDENCY.md.sha256	CERTIFICATION_EVIDENCE	certification-evidence
docs/evidence/phase-25-final-certification/hashes/OFFLINE_UPDATE_CERTIFICATION.md.sha256	CERTIFICATION_EVIDENCE	certification-evidence
docs/evidence/phase-25-final-certification/hashes/OFF_HOST_BACKUP_RELEASE_DECISION.md.sha256	CERTIFICATION_EVIDENCE	certification-evidence
docs/evidence/phase-25-final-certification/hashes/OWNER_ENGINEERING_SIGNOFF.md.sha256	CERTIFICATION_EVIDENCE	certification-evidence
docs/evidence/phase-25-final-certification/hashes/PHASE11_5_STATUS.md.sha256	CERTIFICATION_EVIDENCE	certification-evidence
docs/evidence/phase-25-final-certification/hashes/POST_CERTIFICATION_BOUNDARY.md.sha256	CERTIFICATION_EVIDENCE	certification-evidence
docs/evidence/phase-25-final-certification/hashes/REBOOT_RECOVERY_CERTIFICATION.md.sha256	CERTIFICATION_EVIDENCE	certification-evidence
docs/evidence/phase-25-final-certification/hashes/RELEASE_READINESS_CHECKLIST.md.sha256	CERTIFICATION_EVIDENCE	certification-evidence
docs/evidence/phase-25-final-certification/hashes/RESOURCE_CLEANUP.md.sha256	CERTIFICATION_EVIDENCE	certification-evidence
docs/evidence/phase-25-final-certification/hashes/SAAS_BACKEND_CERTIFICATION.md.sha256	CERTIFICATION_EVIDENCE	certification-evidence
docs/evidence/phase-25-final-certification/hashes/SECURITY_PLATFORM_CERTIFICATE_REFERENCE.md.sha256	CERTIFICATION_EVIDENCE	certification-evidence
docs/evidence/phase-25-final-certification/hashes/SOVEREIGNTY_FINAL_CERTIFICATION.md.sha256	CERTIFICATION_EVIDENCE	certification-evidence
docs/evidence/phase-25-final-certification/hashes/STAGE_CERTIFICATION.md.sha256	CERTIFICATION_EVIDENCE	certification-evidence
docs/evidence/phase-25-final-certification/hashes/TECHNICAL_DEBT_FINAL_AUDIT.md.sha256	CERTIFICATION_EVIDENCE	certification-evidence
docs/evidence/phase-25-final-certification/hashes/THIRD_PARTY_ODOO18_COMPATIBILITY.md.sha256	CERTIFICATION_EVIDENCE	certification-evidence
docs/evidence/phase-25-final-certification/hashes/artifacts__ARTIFACT_PROVENANCE.md.sha256	CERTIFICATION_EVIDENCE	certification-evidence
docs/evidence/phase-25-final-certification/hashes/artifacts__FINAL_ARTIFACT_CERTIFICATION.md.sha256	CERTIFICATION_EVIDENCE	certification-evidence
docs/evidence/phase-25-final-certification/hashes/audit__DOCUMENTATION_DIFF.md.sha256	CERTIFICATION_EVIDENCE	certification-evidence
docs/evidence/phase-25-final-certification/hashes/audit__DOCUMENTATION_SYNC.md.sha256	CERTIFICATION_EVIDENCE	certification-evidence
docs/evidence/phase-25-final-certification/hashes/baseline__BASELINE_SNAPSHOT.md.sha256	CERTIFICATION_EVIDENCE	certification-evidence
docs/evidence/phase-25-final-certification/hashes/matrix__E2E_CERTIFICATION_MATRIX.md.sha256	CERTIFICATION_EVIDENCE	certification-evidence
docs/evidence/phase-25-final-certification/hashes/matrix__SECURITY_MATRIX.md.sha256	CERTIFICATION_EVIDENCE	certification-evidence
docs/evidence/phase-25-final-certification/matrix/E2E_CERTIFICATION_MATRIX.md	CERTIFICATION_EVIDENCE	certification-evidence
docs/evidence/phase-25-final-certification/matrix/SAAS_RUN.log	CERTIFICATION_EVIDENCE	certification-evidence
docs/evidence/phase-25-final-certification/matrix/SECURITY_MATRIX.md	CERTIFICATION_EVIDENCE	certification-evidence
docs/evidence/phase-25-scope-review/ARTIFACT_PROVENANCE_MODEL.md	CERTIFICATION_EVIDENCE	certification-evidence
docs/evidence/phase-25-scope-review/BACKUP_RESTORE_MATRIX.md	CERTIFICATION_EVIDENCE	certification-evidence
docs/evidence/phase-25-scope-review/BASELINE.md	CERTIFICATION_EVIDENCE	certification-evidence
docs/evidence/phase-25-scope-review/CERTIFIED_PHASE_OWNERSHIP_MAP.md	CERTIFICATION_EVIDENCE	certification-evidence
docs/evidence/phase-25-scope-review/CLEAN_ENVIRONMENT_MATRIX.md	CERTIFICATION_EVIDENCE	certification-evidence
docs/evidence/phase-25-scope-review/CLI_CERTIFICATION_RUNNER_PROPOSAL.md	CERTIFICATION_EVIDENCE	certification-evidence
docs/evidence/phase-25-scope-review/CONNECTED_OFFLINE_MATRIX.md	CERTIFICATION_EVIDENCE	certification-evidence
docs/evidence/phase-25-scope-review/CUTOVER_ROLLBACK_MATRIX.md	CERTIFICATION_EVIDENCE	certification-evidence
docs/evidence/phase-25-scope-review/DATA_EGRESS_FINAL_AUDIT.md	CERTIFICATION_EVIDENCE	certification-evidence
docs/evidence/phase-25-scope-review/DISK_SPACE_CERTIFICATION_MODEL.md	CERTIFICATION_EVIDENCE	certification-evidence
docs/evidence/phase-25-scope-review/DOCUMENTATION_SYNC_PLAN.md	CERTIFICATION_EVIDENCE	certification-evidence
docs/evidence/phase-25-scope-review/E2E_CERTIFICATION_MATRIX.md	CERTIFICATION_EVIDENCE	certification-evidence
docs/evidence/phase-25-scope-review/ENGINEERING_VS_RELEASE_BOUNDARY.md	CERTIFICATION_EVIDENCE	certification-evidence
docs/evidence/phase-25-scope-review/FAILURE_INJECTION_FINAL_MATRIX.md	CERTIFICATION_EVIDENCE	certification-evidence
docs/evidence/phase-25-scope-review/FINAL_ACCEPTANCE_CRITERIA.md	CERTIFICATION_EVIDENCE	certification-evidence
docs/evidence/phase-25-scope-review/FINAL_ARTIFACT_MODEL.md	CERTIFICATION_EVIDENCE	certification-evidence
docs/evidence/phase-25-scope-review/FINAL_CERTIFICATION_BOUNDARY.md	CERTIFICATION_EVIDENCE	certification-evidence
docs/evidence/phase-25-scope-review/FINAL_REPORT.md	CERTIFICATION_EVIDENCE	certification-evidence
docs/evidence/phase-25-scope-review/FULL_SYSTEM_CERTIFICATION_INVENTORY.md	CERTIFICATION_EVIDENCE	certification-evidence
docs/evidence/phase-25-scope-review/GIT_DIFF_SUMMARY.md	CERTIFICATION_EVIDENCE	certification-evidence
docs/evidence/phase-25-scope-review/IMPLEMENTATION_DECOMPOSITION.md	CERTIFICATION_EVIDENCE	certification-evidence
docs/evidence/phase-25-scope-review/IMPLEMENTATION_READY_TEST_PLAN.md	CERTIFICATION_EVIDENCE	certification-evidence
docs/evidence/phase-25-scope-review/INSTALL_ACTIVATION_MATRIX.md	CERTIFICATION_EVIDENCE	certification-evidence
docs/evidence/phase-25-scope-review/MASTER_PLAN_PHASE25_CONFIRMATION.md	CERTIFICATION_EVIDENCE	certification-evidence
docs/evidence/phase-25-scope-review/MIGRATION_MATRIX.md	CERTIFICATION_EVIDENCE	certification-evidence
docs/evidence/phase-25-scope-review/MULTI_TENANT_FINAL_MATRIX.md	CERTIFICATION_EVIDENCE	certification-evidence
docs/evidence/phase-25-scope-review/NO_PHONE_HOME_FINAL_PROOF.md	CERTIFICATION_EVIDENCE	certification-evidence
docs/evidence/phase-25-scope-review/NO_STUDIO_DEPENDENCY.md	CERTIFICATION_EVIDENCE	certification-evidence
docs/evidence/phase-25-scope-review/OFFLINE_UPDATE_MATRIX.md	CERTIFICATION_EVIDENCE	certification-evidence
docs/evidence/phase-25-scope-review/OWNER_DECISIONS_REQUIRED.md	CERTIFICATION_EVIDENCE	certification-evidence
docs/evidence/phase-25-scope-review/OWNER_SIGNOFF_MODEL.md	CERTIFICATION_EVIDENCE	certification-evidence
docs/evidence/phase-25-scope-review/PERFORMANCE_SANITY.md	CERTIFICATION_EVIDENCE	certification-evidence
docs/evidence/phase-25-scope-review/PHASE11_5_VISUAL_ACCEPTANCE_ANALYSIS.md	CERTIFICATION_EVIDENCE	certification-evidence
docs/evidence/phase-25-scope-review/PHASE24_HANDOFF_REVIEW.md	CERTIFICATION_EVIDENCE	certification-evidence
docs/evidence/phase-25-scope-review/PHASE25_CANONICAL_OBJECTIVE.md	CERTIFICATION_EVIDENCE	certification-evidence
docs/evidence/phase-25-scope-review/POST_CERTIFICATION_BOUNDARY.md	CERTIFICATION_EVIDENCE	certification-evidence
docs/evidence/phase-25-scope-review/PROGRESS_ACCOUNTING_REVIEW.md	CERTIFICATION_EVIDENCE	certification-evidence
docs/evidence/phase-25-scope-review/REAL_RUNTIME_REQUIREMENTS.md	CERTIFICATION_EVIDENCE	certification-evidence
docs/evidence/phase-25-scope-review/REBOOT_RECOVERY_MATRIX.md	CERTIFICATION_EVIDENCE	certification-evidence
docs/evidence/phase-25-scope-review/REGISTRY_FINAL_REQUIREMENTS.md	CERTIFICATION_EVIDENCE	certification-evidence
docs/evidence/phase-25-scope-review/RELEASE_CHECKLIST_MODEL.md	CERTIFICATION_EVIDENCE	certification-evidence
docs/evidence/phase-25-scope-review/REPRODUCIBILITY_MODEL.md	CERTIFICATION_EVIDENCE	certification-evidence
docs/evidence/phase-25-scope-review/SAAS_FINAL_MATRIX.md	CERTIFICATION_EVIDENCE	certification-evidence
docs/evidence/phase-25-scope-review/SECRET_SCAN_FINAL_REQUIREMENTS.md	CERTIFICATION_EVIDENCE	certification-evidence
docs/evidence/phase-25-scope-review/SECURITY_FINAL_MATRIX.md	CERTIFICATION_EVIDENCE	certification-evidence
docs/evidence/phase-25-scope-review/SOVEREIGNTY_FINAL_MATRIX.md	CERTIFICATION_EVIDENCE	certification-evidence
docs/evidence/phase-25-scope-review/STAGE_MATRIX.md	CERTIFICATION_EVIDENCE	certification-evidence
docs/evidence/phase-25-scope-review/STRUCTURED_CODES.md	CERTIFICATION_EVIDENCE	certification-evidence
docs/evidence/phase-25-scope-review/TECHNICAL_DEBT_FINAL_AUDIT.md	CERTIFICATION_EVIDENCE	certification-evidence
docs/evidence/phase-25-scope-review/THIRD_PARTY_ADDON_COMPATIBILITY.md	CERTIFICATION_EVIDENCE	certification-evidence
docs/evidence/phase-25-scope-review/UPDATE_MATRIX.md	CERTIFICATION_EVIDENCE	certification-evidence
docs/evidence/post-cert-discrepancy-closure/ARTIFACT_PROVENANCE.md	CERTIFICATION_EVIDENCE	certification-evidence
docs/evidence/post-cert-discrepancy-closure/BASELINE.md	CERTIFICATION_EVIDENCE	certification-evidence
docs/evidence/post-cert-discrepancy-closure/DISCREPANCY_MATRIX.md	CERTIFICATION_EVIDENCE	certification-evidence
docs/evidence/post-cert-discrepancy-closure/DOCS_SYNC.md	CERTIFICATION_EVIDENCE	certification-evidence
docs/evidence/post-cert-discrepancy-closure/FINAL_REPORT.md	CERTIFICATION_EVIDENCE	certification-evidence
docs/evidence/post-cert-discrepancy-closure/GIT_DIFF_SUMMARY.md	CERTIFICATION_EVIDENCE	certification-evidence
docs/evidence/post-cert-discrepancy-closure/LONGPOLLING_STATUS.md	CERTIFICATION_EVIDENCE	certification-evidence
docs/evidence/post-cert-discrepancy-closure/MERGE_IN_DECISION.md	CERTIFICATION_EVIDENCE	certification-evidence
docs/evidence/post-cert-discrepancy-closure/MERGE_IN_SOURCE_AUDIT.md	CERTIFICATION_EVIDENCE	certification-evidence
docs/evidence/post-cert-discrepancy-closure/MIGRATION_CLI_PARITY.md	CERTIFICATION_EVIDENCE	certification-evidence
docs/evidence/post-cert-discrepancy-closure/NGINX_WEBSOCKET_AUDIT.md	CERTIFICATION_EVIDENCE	certification-evidence
docs/evidence/post-cert-discrepancy-closure/ODOO_WORKERS_GEVENT_AUDIT.md	CERTIFICATION_EVIDENCE	certification-evidence
docs/evidence/post-cert-discrepancy-closure/P21_PORT_8069_AUDIT.md	CERTIFICATION_EVIDENCE	certification-evidence
docs/evidence/post-cert-discrepancy-closure/PHASE12_TEMPLATE_REACHABILITY.md	CERTIFICATION_EVIDENCE	certification-evidence
docs/evidence/post-cert-discrepancy-closure/PORT_SECURITY_MATRIX.md	CERTIFICATION_EVIDENCE	certification-evidence
docs/evidence/post-cert-discrepancy-closure/REAL_WEBSOCKET_HANDSHAKE.md	CERTIFICATION_EVIDENCE	certification-evidence
docs/evidence/post-cert-discrepancy-closure/REGRESSION_RESULTS.md	CERTIFICATION_EVIDENCE	certification-evidence
docs/evidence/post-cert-discrepancy-closure/RUNTIME_CORRECTIONS.md	CERTIFICATION_EVIDENCE	certification-evidence
docs/evidence/post-cert-discrepancy-closure/RUNTIME_DEFECTS.md	CERTIFICATION_EVIDENCE	certification-evidence
docs/evidence/post-cert-discrepancy-closure/RUN_ALL_RESULT.md	CERTIFICATION_EVIDENCE	certification-evidence
docs/evidence/post-cert-discrepancy-closure/STAGE_PROXY_MODE_AUDIT.md	CERTIFICATION_EVIDENCE	certification-evidence
docs/evidence/post-cert-discrepancy-closure/STAGE_WEBSOCKET_PARITY.md	CERTIFICATION_EVIDENCE	certification-evidence
docs/evidence/post-cert-discrepancy-closure/WEBSOCKET_SOURCE_AUDIT.md	CERTIFICATION_EVIDENCE	certification-evidence
docs/evidence/security-gate-s1/AUTHORITATIVE_S1_RUN.md	CERTIFICATION_EVIDENCE	certification-evidence
docs/evidence/security-gate-s1/BASELINE.md	CERTIFICATION_EVIDENCE	certification-evidence
docs/evidence/security-gate-s1/CHANGED_FILES.md	CERTIFICATION_EVIDENCE	certification-evidence
docs/evidence/security-gate-s1/COPY_PROGRAM_DENIAL.md	CERTIFICATION_EVIDENCE	certification-evidence
docs/evidence/security-gate-s1/CRITICAL_DEFECT_C1_PG_SUPERUSER.md	CERTIFICATION_EVIDENCE	certification-evidence
docs/evidence/security-gate-s1/CRITICAL_DEFECT_C2_ODOO_PUBLIC_PORT.md	CERTIFICATION_EVIDENCE	certification-evidence
docs/evidence/security-gate-s1/CRITICAL_DEFECT_C3_FAIL_CLOSED_GATE.md	CERTIFICATION_EVIDENCE	certification-evidence
docs/evidence/security-gate-s1/CRITICAL_SECURITY_GATE.md	CERTIFICATION_EVIDENCE	certification-evidence
docs/evidence/security-gate-s1/DISK_CLEANUP_REPORT.md	CERTIFICATION_EVIDENCE	certification-evidence
docs/evidence/security-gate-s1/DIST_SECURITY_SCAN.md	CERTIFICATION_EVIDENCE	certification-evidence
docs/evidence/security-gate-s1/DOCKER_CONTAINMENT.md	CERTIFICATION_EVIDENCE	certification-evidence
docs/evidence/security-gate-s1/DUAL_INSTALLER_OWNERSHIP.md	CERTIFICATION_EVIDENCE	certification-evidence
docs/evidence/security-gate-s1/FAIL_CLOSED_PROOF.md	CERTIFICATION_EVIDENCE	certification-evidence
docs/evidence/security-gate-s1/FINAL_REPORT.md	CERTIFICATION_EVIDENCE	certification-evidence
docs/evidence/security-gate-s1/GIT_DIFF_SUMMARY.md	CERTIFICATION_EVIDENCE	certification-evidence
docs/evidence/security-gate-s1/IDEMPOTENCY.md	CERTIFICATION_EVIDENCE	certification-evidence
docs/evidence/security-gate-s1/LEGACY_INSTALLER_CONTAINMENT.md	CERTIFICATION_EVIDENCE	certification-evidence
docs/evidence/security-gate-s1/MIGRATION_DESTINATION_SECRET_POLICY.md	CERTIFICATION_EVIDENCE	certification-evidence
docs/evidence/security-gate-s1/NETWORK_NON_REGRESSION.md	CERTIFICATION_EVIDENCE	certification-evidence
docs/evidence/security-gate-s1/ODOO_FUNCTIONAL_SMOKE.md	CERTIFICATION_EVIDENCE	certification-evidence
docs/evidence/security-gate-s1/ODOO_PORT_ISOLATION.md	CERTIFICATION_EVIDENCE	certification-evidence
docs/evidence/security-gate-s1/ODOO_PRODUCTION_DEFAULTS.md	CERTIFICATION_EVIDENCE	certification-evidence
docs/evidence/security-gate-s1/POSTGRESQL_APP_ROLE_PROOF.md	CERTIFICATION_EVIDENCE	certification-evidence
docs/evidence/security-gate-s1/POSTGRESQL_FUNCTIONAL_REGRESSION.md	CERTIFICATION_EVIDENCE	certification-evidence
docs/evidence/security-gate-s1/POSTGRESQL_NETWORK_ISOLATION.md	CERTIFICATION_EVIDENCE	certification-evidence
docs/evidence/security-gate-s1/POSTGRESQL_ROLE_REDESIGN.md	CERTIFICATION_EVIDENCE	certification-evidence
docs/evidence/security-gate-s1/REAL_RUNTIME_ENVIRONMENT.md	CERTIFICATION_EVIDENCE	certification-evidence
docs/evidence/security-gate-s1/ROLLBACK_SAFETY.md	CERTIFICATION_EVIDENCE	certification-evidence
docs/evidence/security-gate-s1/S2_READINESS.md	CERTIFICATION_EVIDENCE	certification-evidence
docs/evidence/security-gate-s1/SECRET_BASELINE.md	CERTIFICATION_EVIDENCE	certification-evidence
docs/evidence/security-gate-s1/SECURITY_CODES.md	CERTIFICATION_EVIDENCE	certification-evidence
docs/evidence/security-gate-s1/SECURITY_REPORT_SAMPLE.md	CERTIFICATION_EVIDENCE	certification-evidence
docs/evidence/security-gate-s1/SERVER_FILE_ROLE_DENIAL.md	CERTIFICATION_EVIDENCE	certification-evidence
docs/evidence/security-gate-s1/STAGE_CREDENTIAL_REMEDIATION.md	CERTIFICATION_EVIDENCE	certification-evidence
docs/evidence/security-gate-s1/TEST_RESULTS.md	CERTIFICATION_EVIDENCE	certification-evidence
docs/evidence/security-gate-s1/WEAK_CREDENTIAL_POLICY.md	CERTIFICATION_EVIDENCE	certification-evidence
docs/evidence/security-gate-s2/AUTHORITATIVE_S2_RUN.md	CERTIFICATION_EVIDENCE	certification-evidence
docs/evidence/security-gate-s2/BASELINE.md	CERTIFICATION_EVIDENCE	certification-evidence
docs/evidence/security-gate-s2/BRUTE_FORCE_PROTECTION.md	CERTIFICATION_EVIDENCE	certification-evidence
docs/evidence/security-gate-s2/CHANGED_FILES.md	CERTIFICATION_EVIDENCE	certification-evidence
docs/evidence/security-gate-s2/CLOUDFLARE_IP_SOURCE_OF_TRUTH.md	CERTIFICATION_EVIDENCE	certification-evidence
docs/evidence/security-gate-s2/CRON_SYSTEMD_BASELINE.md	CERTIFICATION_EVIDENCE	certification-evidence
docs/evidence/security-gate-s2/DISK_CLEANUP_REPORT.md	CERTIFICATION_EVIDENCE	certification-evidence
docs/evidence/security-gate-s2/DIST_SECURITY_SCAN.md	CERTIFICATION_EVIDENCE	certification-evidence
docs/evidence/security-gate-s2/DOCKER_FIREWALL_INTEGRATION.md	CERTIFICATION_EVIDENCE	certification-evidence
docs/evidence/security-gate-s2/DOCKER_RESTART_NETWORK_PROOF.md	CERTIFICATION_EVIDENCE	certification-evidence
docs/evidence/security-gate-s2/EDGE_MODE_CLOUDFLARE.md	CERTIFICATION_EVIDENCE	certification-evidence
docs/evidence/security-gate-s2/EDGE_MODE_CLOUDFLARE_AOP.md	CERTIFICATION_EVIDENCE	certification-evidence
docs/evidence/security-gate-s2/EDGE_MODE_DIRECT.md	CERTIFICATION_EVIDENCE	certification-evidence
docs/evidence/security-gate-s2/FINAL_REPORT.md	CERTIFICATION_EVIDENCE	certification-evidence
docs/evidence/security-gate-s2/FIREWALL_BACKEND_DETECTION.md	CERTIFICATION_EVIDENCE	certification-evidence
docs/evidence/security-gate-s2/FIREWALL_POLICY.md	CERTIFICATION_EVIDENCE	certification-evidence
docs/evidence/security-gate-s2/FIREWALL_RESTART_PROOF.md	CERTIFICATION_EVIDENCE	certification-evidence
docs/evidence/security-gate-s2/GIT_DIFF_SUMMARY.md	CERTIFICATION_EVIDENCE	certification-evidence
docs/evidence/security-gate-s2/HOST_EDGE_SECURITY_GATE.md	CERTIFICATION_EVIDENCE	certification-evidence
docs/evidence/security-gate-s2/IDEMPOTENCY.md	CERTIFICATION_EVIDENCE	certification-evidence
docs/evidence/security-gate-s2/LD_PRELOAD_AUDIT.md	CERTIFICATION_EVIDENCE	certification-evidence
docs/evidence/security-gate-s2/MANAGEMENT_SURFACE_POSTURE.md	CERTIFICATION_EVIDENCE	certification-evidence
docs/evidence/security-gate-s2/NETWORK_REACHABILITY_PROOF.md	CERTIFICATION_EVIDENCE	certification-evidence
docs/evidence/security-gate-s2/NGINX_HARDENING.md	CERTIFICATION_EVIDENCE	certification-evidence
docs/evidence/security-gate-s2/ORIGIN_PROTECTION.md	CERTIFICATION_EVIDENCE	certification-evidence
docs/evidence/security-gate-s2/PHASE24_REGRESSION.md	CERTIFICATION_EVIDENCE	certification-evidence
docs/evidence/security-gate-s2/RATE_LIMITING.md	CERTIFICATION_EVIDENCE	certification-evidence
docs/evidence/security-gate-s2/REAL_RUNTIME_ENVIRONMENT.md	CERTIFICATION_EVIDENCE	certification-evidence
docs/evidence/security-gate-s2/ROLLBACK_SAFETY.md	CERTIFICATION_EVIDENCE	certification-evidence
docs/evidence/security-gate-s2/S1_REGRESSION.md	CERTIFICATION_EVIDENCE	certification-evidence
docs/evidence/security-gate-s2/S3_READINESS.md	CERTIFICATION_EVIDENCE	certification-evidence
docs/evidence/security-gate-s2/SECURITY_HEADERS.md	CERTIFICATION_EVIDENCE	certification-evidence
docs/evidence/security-gate-s2/SECURITY_REPORT_SAMPLE.md	CERTIFICATION_EVIDENCE	certification-evidence
docs/evidence/security-gate-s2/SSH_LOCKOUT_SAFETY.md	CERTIFICATION_EVIDENCE	certification-evidence
docs/evidence/security-gate-s2/SSH_STAGED_HARDENING.md	CERTIFICATION_EVIDENCE	certification-evidence
docs/evidence/security-gate-s2/SUID_SGID_CAPABILITY_BASELINE.md	CERTIFICATION_EVIDENCE	certification-evidence
docs/evidence/security-gate-s2/TEST_RESULTS.md	CERTIFICATION_EVIDENCE	certification-evidence
docs/evidence/security-gate-s2/TLS_SECURITY.md	CERTIFICATION_EVIDENCE	certification-evidence
docs/evidence/security-gate-s2/TRUSTED_PROXY_REAL_IP.md	CERTIFICATION_EVIDENCE	certification-evidence
docs/evidence/security-gate-s2/UBUNTU_22_04.md	CERTIFICATION_EVIDENCE	certification-evidence
docs/evidence/security-gate-s2/UBUNTU_24_04.md	CERTIFICATION_EVIDENCE	certification-evidence
docs/evidence/security-gate-s2/UID0_USER_AUDIT.md	CERTIFICATION_EVIDENCE	certification-evidence
docs/evidence/security-gate-s2/WEBMIN_VIRTUALMIN_DETECTION.md	CERTIFICATION_EVIDENCE	certification-evidence
docs/evidence/security-gate-s3/AIDE_DECISION.md	CERTIFICATION_EVIDENCE	certification-evidence
docs/evidence/security-gate-s3/AUDITD_INTEGRATION.md	CERTIFICATION_EVIDENCE	certification-evidence
docs/evidence/security-gate-s3/AUTHORITATIVE_S3_RUN.md	CERTIFICATION_EVIDENCE	certification-evidence
docs/evidence/security-gate-s3/BASELINE.md	CERTIFICATION_EVIDENCE	certification-evidence
docs/evidence/security-gate-s3/BASELINE_DRIFT.md	CERTIFICATION_EVIDENCE	certification-evidence
docs/evidence/security-gate-s3/BASE_AUTOMATION_SCAN.md	CERTIFICATION_EVIDENCE	certification-evidence
docs/evidence/security-gate-s3/CHANGED_FILES.md	CERTIFICATION_EVIDENCE	certification-evidence
docs/evidence/security-gate-s3/COPY_PROGRAM_DETECTION.md	CERTIFICATION_EVIDENCE	certification-evidence
docs/evidence/security-gate-s3/CRON_SYSTEMD_DRIFT.md	CERTIFICATION_EVIDENCE	certification-evidence
docs/evidence/security-gate-s3/CUSTOM_ADDON_SCAN.md	CERTIFICATION_EVIDENCE	certification-evidence
docs/evidence/security-gate-s3/DATABASE_TECHNICAL_MODELS.md	CERTIFICATION_EVIDENCE	certification-evidence
docs/evidence/security-gate-s3/DB_RULESET.md	CERTIFICATION_EVIDENCE	certification-evidence
docs/evidence/security-gate-s3/DB_SCANNER_ARCHITECTURE.md	CERTIFICATION_EVIDENCE	certification-evidence
docs/evidence/security-gate-s3/DISK_CLEANUP_REPORT.md	CERTIFICATION_EVIDENCE	certification-evidence
docs/evidence/security-gate-s3/DOWNLOADER_REVERSE_SHELL_DETECTION.md	CERTIFICATION_EVIDENCE	certification-evidence
docs/evidence/security-gate-s3/FAIL_CLOSED_SCAN_BEHAVIOR.md	CERTIFICATION_EVIDENCE	certification-evidence
docs/evidence/security-gate-s3/FINAL_REPORT.md	CERTIFICATION_EVIDENCE	certification-evidence
docs/evidence/security-gate-s3/GIT_DIFF_SUMMARY.md	CERTIFICATION_EVIDENCE	certification-evidence
docs/evidence/security-gate-s3/HOST_INTEGRITY_BASELINE.md	CERTIFICATION_EVIDENCE	certification-evidence
docs/evidence/security-gate-s3/IR_ACTIONS_SERVER_SCAN.md	CERTIFICATION_EVIDENCE	certification-evidence
docs/evidence/security-gate-s3/IR_CONFIG_PARAMETER_SCAN.md	CERTIFICATION_EVIDENCE	certification-evidence
docs/evidence/security-gate-s3/IR_CRON_SCAN.md	CERTIFICATION_EVIDENCE	certification-evidence
docs/evidence/security-gate-s3/IR_UI_VIEW_SCAN.md	CERTIFICATION_EVIDENCE	certification-evidence
docs/evidence/security-gate-s3/KNOWN_IOC_MODEL.md	CERTIFICATION_EVIDENCE	certification-evidence
docs/evidence/security-gate-s3/LD_PRELOAD_DETECTION.md	CERTIFICATION_EVIDENCE	certification-evidence
docs/evidence/security-gate-s3/LYNIS_INTEGRATION.md	CERTIFICATION_EVIDENCE	certification-evidence
docs/evidence/security-gate-s3/MINER_STRATUM_DETECTION.md	CERTIFICATION_EVIDENCE	certification-evidence
docs/evidence/security-gate-s3/MODULE_SCAN.md	CERTIFICATION_EVIDENCE	certification-evidence
docs/evidence/security-gate-s3/NETWORK_IOC_OBSERVATION.md	CERTIFICATION_EVIDENCE	certification-evidence
docs/evidence/security-gate-s3/OBFUSCATION_DETECTION.md	CERTIFICATION_EVIDENCE	certification-evidence
docs/evidence/security-gate-s3/ODOO18_REAL_DB_SCAN.md	CERTIFICATION_EVIDENCE	certification-evidence
docs/evidence/security-gate-s3/OPTIONAL_SECURITY_TOOLS.md	CERTIFICATION_EVIDENCE	certification-evidence
docs/evidence/security-gate-s3/OS_EXECUTION_DETECTION.md	CERTIFICATION_EVIDENCE	certification-evidence
docs/evidence/security-gate-s3/PERSISTENCE_DRIFT.md	CERTIFICATION_EVIDENCE	certification-evidence
docs/evidence/security-gate-s3/PHASE24_REGRESSION.md	CERTIFICATION_EVIDENCE	certification-evidence
docs/evidence/security-gate-s3/PROCESS_RESOURCE_DETECTION.md	CERTIFICATION_EVIDENCE	certification-evidence
docs/evidence/security-gate-s3/REAL_RUNTIME_ENVIRONMENT.md	CERTIFICATION_EVIDENCE	certification-evidence
docs/evidence/security-gate-s3/REMOTE_ENDPOINT_CLASSIFICATION.md	CERTIFICATION_EVIDENCE	certification-evidence
docs/evidence/security-gate-s3/RESOURCE_BUDGET.md	CERTIFICATION_EVIDENCE	certification-evidence
docs/evidence/security-gate-s3/S1_REGRESSION.md	CERTIFICATION_EVIDENCE	certification-evidence
docs/evidence/security-gate-s3/S2_REGRESSION.md	CERTIFICATION_EVIDENCE	certification-evidence
docs/evidence/security-gate-s3/S4_READINESS.md	CERTIFICATION_EVIDENCE	certification-evidence
docs/evidence/security-gate-s3/SECURITY_EVIDENCE_INTEGRITY.md	CERTIFICATION_EVIDENCE	certification-evidence
docs/evidence/security-gate-s3/SECURITY_EVIDENCE_PRIVACY.md	CERTIFICATION_EVIDENCE	certification-evidence
docs/evidence/security-gate-s3/SECURITY_REPORT_SAMPLE.md	CERTIFICATION_EVIDENCE	certification-evidence
docs/evidence/security-gate-s3/SECURITY_RETENTION.md	CERTIFICATION_EVIDENCE	certification-evidence
docs/evidence/security-gate-s3/SUID_SGID_CAPABILITY_DRIFT.md	CERTIFICATION_EVIDENCE	certification-evidence
docs/evidence/security-gate-s3/TECHNICAL_BASELINE.md	CERTIFICATION_EVIDENCE	certification-evidence
docs/evidence/security-gate-s3/TEST_RESULTS.md	CERTIFICATION_EVIDENCE	certification-evidence
docs/evidence/security-gate-s3/UBUNTU_22_04.md	CERTIFICATION_EVIDENCE	certification-evidence
docs/evidence/security-gate-s3/UBUNTU_24_04.md	CERTIFICATION_EVIDENCE	certification-evidence
docs/evidence/security-gate-s3/USERS_GROUPS_SCAN.md	CERTIFICATION_EVIDENCE	certification-evidence
docs/evidence/security-gate-s3/YARA_INTEGRATION.md	CERTIFICATION_EVIDENCE	certification-evidence
docs/evidence/security-gate-s3/ZATCA_IMMUTABILITY.md	CERTIFICATION_EVIDENCE	certification-evidence
docs/evidence/security-gate-s4/ARCHIVE_EXTRACTION_SAFETY.md	CERTIFICATION_EVIDENCE	certification-evidence
docs/evidence/security-gate-s4/AUTHORITATIVE_S4_RUN.md	CERTIFICATION_EVIDENCE	certification-evidence
docs/evidence/security-gate-s4/BASELINE.md	CERTIFICATION_EVIDENCE	certification-evidence
docs/evidence/security-gate-s4/BASELINE_COMPARISON.md	CERTIFICATION_EVIDENCE	certification-evidence
docs/evidence/security-gate-s4/BUSINESS_DATA_IMMUTABILITY.md	CERTIFICATION_EVIDENCE	certification-evidence
docs/evidence/security-gate-s4/CHANGED_FILES.md	CERTIFICATION_EVIDENCE	certification-evidence
docs/evidence/security-gate-s4/CLEAN_EXTERNAL_DB_FIXTURE.md	CERTIFICATION_EVIDENCE	certification-evidence
docs/evidence/security-gate-s4/CONCURRENCY_LOCKING.md	CERTIFICATION_EVIDENCE	certification-evidence
docs/evidence/security-gate-s4/CRON_BLOCK_PROOF.md	CERTIFICATION_EVIDENCE	certification-evidence
docs/evidence/security-gate-s4/CRON_NEUTRALIZATION.md	CERTIFICATION_EVIDENCE	certification-evidence
docs/evidence/security-gate-s4/DISK_CLEANUP_REPORT.md	CERTIFICATION_EVIDENCE	certification-evidence
docs/evidence/security-gate-s4/EGRESS_BLOCK_PROOF.md	CERTIFICATION_EVIDENCE	certification-evidence
docs/evidence/security-gate-s4/FILESTORE_QUARANTINE.md	CERTIFICATION_EVIDENCE	certification-evidence
docs/evidence/security-gate-s4/FINAL_REPORT.md	CERTIFICATION_EVIDENCE	certification-evidence
docs/evidence/security-gate-s4/FRESH_INFRASTRUCTURE_SECRETS.md	CERTIFICATION_EVIDENCE	certification-evidence
docs/evidence/security-gate-s4/GIT_DIFF_SUMMARY.md	CERTIFICATION_EVIDENCE	certification-evidence
docs/evidence/security-gate-s4/HOSTILE_DB_FIXTURE.md	CERTIFICATION_EVIDENCE	certification-evidence
docs/evidence/security-gate-s4/IDEMPOTENCY.md	CERTIFICATION_EVIDENCE	certification-evidence
docs/evidence/security-gate-s4/INCIDENT_PRESERVATION.md	CERTIFICATION_EVIDENCE	certification-evidence
docs/evidence/security-gate-s4/MAIL_BLOCK_PROOF.md	CERTIFICATION_EVIDENCE	certification-evidence
docs/evidence/security-gate-s4/MAIL_NEUTRALIZATION.md	CERTIFICATION_EVIDENCE	certification-evidence
docs/evidence/security-gate-s4/MIGRATION_ENGINE_INTEGRATION.md	CERTIFICATION_EVIDENCE	certification-evidence
docs/evidence/security-gate-s4/MIGRATION_P17_P22_REGRESSION.md	CERTIFICATION_EVIDENCE	certification-evidence
docs/evidence/security-gate-s4/PASS_WITH_REVIEW_FIXTURE.md	CERTIFICATION_EVIDENCE	certification-evidence
docs/evidence/security-gate-s4/PHASE16_REGRESSION.md	CERTIFICATION_EVIDENCE	certification-evidence
docs/evidence/security-gate-s4/PHASE24_REGRESSION.md	CERTIFICATION_EVIDENCE	certification-evidence
docs/evidence/security-gate-s4/PREBOOT_DB_SCAN.md	CERTIFICATION_EVIDENCE	certification-evidence
docs/evidence/security-gate-s4/PROMOTION_MODEL.md	CERTIFICATION_EVIDENCE	certification-evidence
docs/evidence/security-gate-s4/PROMOTION_ROLLBACK.md	CERTIFICATION_EVIDENCE	certification-evidence
docs/evidence/security-gate-s4/PROMOTION_SECURITY_GATE.md	CERTIFICATION_EVIDENCE	certification-evidence
docs/evidence/security-gate-s4/PUBLIC_INGRESS_BLOCK.md	CERTIFICATION_EVIDENCE	certification-evidence
docs/evidence/security-gate-s4/QUARANTINE_ARCHITECTURE.md	CERTIFICATION_EVIDENCE	certification-evidence
docs/evidence/security-gate-s4/QUARANTINE_NETWORK.md	CERTIFICATION_EVIDENCE	certification-evidence
docs/evidence/security-gate-s4/QUARANTINE_STATE_MODEL.md	CERTIFICATION_EVIDENCE	certification-evidence
docs/evidence/security-gate-s4/REAL_RUNTIME_ENVIRONMENT.md	CERTIFICATION_EVIDENCE	certification-evidence
docs/evidence/security-gate-s4/RESOURCE_BUDGET.md	CERTIFICATION_EVIDENCE	certification-evidence
docs/evidence/security-gate-s4/RESTORE_FLOW_INTEGRATION.md	CERTIFICATION_EVIDENCE	certification-evidence
docs/evidence/security-gate-s4/RESTORE_INTEGRITY.md	CERTIFICATION_EVIDENCE	certification-evidence
docs/evidence/security-gate-s4/S1_REGRESSION.md	CERTIFICATION_EVIDENCE	certification-evidence
docs/evidence/security-gate-s4/S2_REGRESSION.md	CERTIFICATION_EVIDENCE	certification-evidence
docs/evidence/security-gate-s4/S3_REGRESSION.md	CERTIFICATION_EVIDENCE	certification-evidence
docs/evidence/security-gate-s4/S3_SCAN_INTEGRATION.md	CERTIFICATION_EVIDENCE	certification-evidence
docs/evidence/security-gate-s4/S5_READINESS.md	CERTIFICATION_EVIDENCE	certification-evidence
docs/evidence/security-gate-s4/SCHEMA_MIGRATION_ORDER.md	CERTIFICATION_EVIDENCE	certification-evidence
docs/evidence/security-gate-s4/SOURCE_TRUST_CLASSIFICATION.md	CERTIFICATION_EVIDENCE	certification-evidence
docs/evidence/security-gate-s4/TECHNICAL_RECORD_REVIEW_PACK.md	CERTIFICATION_EVIDENCE	certification-evidence
docs/evidence/security-gate-s4/TEST_RESULTS.md	CERTIFICATION_EVIDENCE	certification-evidence
docs/evidence/security-gate-s4/UBUNTU_22_04.md	CERTIFICATION_EVIDENCE	certification-evidence
docs/evidence/security-gate-s4/UBUNTU_24_04.md	CERTIFICATION_EVIDENCE	certification-evidence
docs/evidence/security-gate-s4/WEBHOOK_BLOCK_PROOF.md	CERTIFICATION_EVIDENCE	certification-evidence
docs/evidence/security-gate-s4/WEBHOOK_INTEGRATION_NEUTRALIZATION.md	CERTIFICATION_EVIDENCE	certification-evidence
docs/evidence/security-gate-s4/ZATCA_BLOCK_PROOF.md	CERTIFICATION_EVIDENCE	certification-evidence
docs/evidence/security-gate-s4/ZATCA_QUARANTINE_SAFETY.md	CERTIFICATION_EVIDENCE	certification-evidence
docs/evidence/security-gate-s5/AUTHORITATIVE_S5_RUN.md	CERTIFICATION_EVIDENCE	certification-evidence
docs/evidence/security-gate-s5/BACKUP_COMPLETENESS.md	CERTIFICATION_EVIDENCE	certification-evidence
docs/evidence/security-gate-s5/BACKUP_CORRUPTION_FIXTURE.md	CERTIFICATION_EVIDENCE	certification-evidence
docs/evidence/security-gate-s5/BACKUP_DESTINATION_CLASSIFICATION.md	CERTIFICATION_EVIDENCE	certification-evidence
docs/evidence/security-gate-s5/BACKUP_ENCRYPTION.md	CERTIFICATION_EVIDENCE	certification-evidence
docs/evidence/security-gate-s5/BACKUP_INTEGRITY.md	CERTIFICATION_EVIDENCE	certification-evidence
docs/evidence/security-gate-s5/BACKUP_RETENTION.md	CERTIFICATION_EVIDENCE	certification-evidence
docs/evidence/security-gate-s5/BACKUP_SECRET_LEAKAGE.md	CERTIFICATION_EVIDENCE	certification-evidence
docs/evidence/security-gate-s5/BASELINE.md	CERTIFICATION_EVIDENCE	certification-evidence
docs/evidence/security-gate-s5/CHANGED_FILES.md	CERTIFICATION_EVIDENCE	certification-evidence
docs/evidence/security-gate-s5/DISK_CLEANUP_REPORT.md	CERTIFICATION_EVIDENCE	certification-evidence
docs/evidence/security-gate-s5/DISK_SPACE_PREFLIGHT.md	CERTIFICATION_EVIDENCE	certification-evidence
docs/evidence/security-gate-s5/DNS_VALIDATION.md	CERTIFICATION_EVIDENCE	certification-evidence
docs/evidence/security-gate-s5/DOCKER_PACKAGE_UPDATE_POLICY.md	CERTIFICATION_EVIDENCE	certification-evidence
docs/evidence/security-gate-s5/DOCKER_RESTART_SAFETY.md	CERTIFICATION_EVIDENCE	certification-evidence
docs/evidence/security-gate-s5/FAULT_INJECTION_NETWORK.md	CERTIFICATION_EVIDENCE	certification-evidence
docs/evidence/security-gate-s5/FAULT_INJECTION_PDF.md	CERTIFICATION_EVIDENCE	certification-evidence
docs/evidence/security-gate-s5/FINAL_REPORT.md	CERTIFICATION_EVIDENCE	certification-evidence
docs/evidence/security-gate-s5/FIREWALL_RELOAD_SAFETY.md	CERTIFICATION_EVIDENCE	certification-evidence
docs/evidence/security-gate-s5/GIT_DIFF_SUMMARY.md	CERTIFICATION_EVIDENCE	certification-evidence
docs/evidence/security-gate-s5/HOST_REBOOT_SAFETY.md	CERTIFICATION_EVIDENCE	certification-evidence
docs/evidence/security-gate-s5/IMMUTABLE_BACKUP_OPTIONS.md	CERTIFICATION_EVIDENCE	certification-evidence
docs/evidence/security-gate-s5/NETWORK_ROLLBACK.md	CERTIFICATION_EVIDENCE	certification-evidence
docs/evidence/security-gate-s5/NETWORK_SEMANTIC_DIFF.md	CERTIFICATION_EVIDENCE	certification-evidence
docs/evidence/security-gate-s5/NGINX_RESTART_POLICY.md	CERTIFICATION_EVIDENCE	certification-evidence
docs/evidence/security-gate-s5/NGINX_TLS_VALIDATION.md	CERTIFICATION_EVIDENCE	certification-evidence
docs/evidence/security-gate-s5/ODOO_DB_VALIDATION.md	CERTIFICATION_EVIDENCE	certification-evidence
docs/evidence/security-gate-s5/OFFLINE_UPDATE_COMPATIBILITY.md	CERTIFICATION_EVIDENCE	certification-evidence
docs/evidence/security-gate-s5/OFF_HOST_BACKUP_POSTURE.md	CERTIFICATION_EVIDENCE	certification-evidence
docs/evidence/security-gate-s5/OFF_HOST_FIXTURE.md	CERTIFICATION_EVIDENCE	certification-evidence
docs/evidence/security-gate-s5/OPERATION_PERSISTENCE.md	CERTIFICATION_EVIDENCE	certification-evidence
docs/evidence/security-gate-s5/OUTBOUND_VALIDATION.md	CERTIFICATION_EVIDENCE	certification-evidence
docs/evidence/security-gate-s5/PACKAGE_UPDATE_POLICY.md	CERTIFICATION_EVIDENCE	certification-evidence
docs/evidence/security-gate-s5/PDF_WKHTMLTOPDF_VALIDATION.md	CERTIFICATION_EVIDENCE	certification-evidence
docs/evidence/security-gate-s5/PHASE15_REGRESSION.md	CERTIFICATION_EVIDENCE	certification-evidence
docs/evidence/security-gate-s5/PHASE16_REGRESSION.md	CERTIFICATION_EVIDENCE	certification-evidence
docs/evidence/security-gate-s5/PHASE23_REGRESSION.md	CERTIFICATION_EVIDENCE	certification-evidence
docs/evidence/security-gate-s5/PHASE24_REGRESSION.md	CERTIFICATION_EVIDENCE	certification-evidence
docs/evidence/security-gate-s5/POSTGRESQL_RESTART_POLICY.md	CERTIFICATION_EVIDENCE	certification-evidence
docs/evidence/security-gate-s5/POST_UPDATE_VALIDATION.md	CERTIFICATION_EVIDENCE	certification-evidence
docs/evidence/security-gate-s5/PRE_UPDATE_BASELINE.md	CERTIFICATION_EVIDENCE	certification-evidence
docs/evidence/security-gate-s5/PUBLIC_PORT_REGRESSION.md	CERTIFICATION_EVIDENCE	certification-evidence
docs/evidence/security-gate-s5/QUARANTINE_UPDATE_POLICY.md	CERTIFICATION_EVIDENCE	certification-evidence
docs/evidence/security-gate-s5/REAL_RUNTIME_ENVIRONMENT.md	CERTIFICATION_EVIDENCE	certification-evidence
docs/evidence/security-gate-s5/REBOOT_REQUIRED_DETECTION.md	CERTIFICATION_EVIDENCE	certification-evidence
docs/evidence/security-gate-s5/RESTORE_VERIFICATION.md	CERTIFICATION_EVIDENCE	certification-evidence
docs/evidence/security-gate-s5/S1_REGRESSION.md	CERTIFICATION_EVIDENCE	certification-evidence
docs/evidence/security-gate-s5/S2_REGRESSION.md	CERTIFICATION_EVIDENCE	certification-evidence
docs/evidence/security-gate-s5/S3_REGRESSION.md	CERTIFICATION_EVIDENCE	certification-evidence
docs/evidence/security-gate-s5/S4_REGRESSION.md	CERTIFICATION_EVIDENCE	certification-evidence
docs/evidence/security-gate-s5/S6_READINESS.md	CERTIFICATION_EVIDENCE	certification-evidence
docs/evidence/security-gate-s5/SERVICE_RESTART_REQUIRED_DETECTION.md	CERTIFICATION_EVIDENCE	certification-evidence
docs/evidence/security-gate-s5/STAGE_UPDATE_POLICY.md	CERTIFICATION_EVIDENCE	certification-evidence
docs/evidence/security-gate-s5/TEST_RESULTS.md	CERTIFICATION_EVIDENCE	certification-evidence
docs/evidence/security-gate-s5/UBUNTU_22_04.md	CERTIFICATION_EVIDENCE	certification-evidence
docs/evidence/security-gate-s5/UBUNTU_24_04.md	CERTIFICATION_EVIDENCE	certification-evidence
docs/evidence/security-gate-s5/UNATTENDED_UPGRADES_POLICY.md	CERTIFICATION_EVIDENCE	certification-evidence
docs/evidence/security-gate-s5/UPDATE_ROLLBACK_TRIGGERS.md	CERTIFICATION_EVIDENCE	certification-evidence
docs/evidence/security-gate-s5/UPDATE_SAFETY_ARCHITECTURE.md	CERTIFICATION_EVIDENCE	certification-evidence
docs/evidence/security-gate-s6/APT_LOCK_SECURITY.md	CERTIFICATION_EVIDENCE	certification-evidence
docs/evidence/security-gate-s6/ARTIFACT_PROVENANCE.md	CERTIFICATION_EVIDENCE	certification-evidence
docs/evidence/security-gate-s6/AUTHORITATIVE_S6_RUN.md	CERTIFICATION_EVIDENCE	certification-evidence
docs/evidence/security-gate-s6/BACKUP_CORRUPTION.md	CERTIFICATION_EVIDENCE	certification-evidence
docs/evidence/security-gate-s6/BASELINE.md	CERTIFICATION_EVIDENCE	certification-evidence
docs/evidence/security-gate-s6/CLEAN_DB_SCAN.md	CERTIFICATION_EVIDENCE	certification-evidence
docs/evidence/security-gate-s6/CLEAN_INSTALL_CERTIFICATION.md	CERTIFICATION_EVIDENCE	certification-evidence
docs/evidence/security-gate-s6/CLEAN_QUARANTINE_PROMOTION.md	CERTIFICATION_EVIDENCE	certification-evidence
docs/evidence/security-gate-s6/DOCKER_FIREWALL_RESTART.md	CERTIFICATION_EVIDENCE	certification-evidence
docs/evidence/security-gate-s6/E2E_SECURITY_MATRIX.md	CERTIFICATION_EVIDENCE	certification-evidence
docs/evidence/security-gate-s6/EVIDENCE_INTEGRITY.md	CERTIFICATION_EVIDENCE	certification-evidence
docs/evidence/security-gate-s6/EVIDENCE_PRIVACY.md	CERTIFICATION_EVIDENCE	certification-evidence
docs/evidence/security-gate-s6/FINAL_REPORT.md	CERTIFICATION_EVIDENCE	certification-evidence
docs/evidence/security-gate-s6/FINAL_SECURITY_ARCHITECTURE.md	CERTIFICATION_EVIDENCE	certification-evidence
docs/evidence/security-gate-s6/FULL_RESTORE_DEPTH.md	CERTIFICATION_EVIDENCE	certification-evidence
docs/evidence/security-gate-s6/GIT_DIFF_SUMMARY.md	CERTIFICATION_EVIDENCE	certification-evidence
docs/evidence/security-gate-s6/HOSTILE_DB_SCAN.md	CERTIFICATION_EVIDENCE	certification-evidence
docs/evidence/security-gate-s6/HOSTILE_QUARANTINE.md	CERTIFICATION_EVIDENCE	certification-evidence
docs/evidence/security-gate-s6/HOST_PERSISTENCE_FINAL.md	CERTIFICATION_EVIDENCE	certification-evidence
docs/evidence/security-gate-s6/HOST_REBOOT.md	CERTIFICATION_EVIDENCE	certification-evidence
docs/evidence/security-gate-s6/IDEMPOTENCY.md	CERTIFICATION_EVIDENCE	certification-evidence
docs/evidence/security-gate-s6/MIGRATION_CHAIN_SECURITY.md	CERTIFICATION_EVIDENCE	certification-evidence
docs/evidence/security-gate-s6/MINER_PROCESS_FINAL.md	CERTIFICATION_EVIDENCE	certification-evidence
docs/evidence/security-gate-s6/ODOO_COMPROMISE_CONTAINMENT.md	CERTIFICATION_EVIDENCE	certification-evidence
docs/evidence/security-gate-s6/OFFLINE_UPDATE.md	CERTIFICATION_EVIDENCE	certification-evidence
docs/evidence/security-gate-s6/OFF_HOST_BACKUP.md	CERTIFICATION_EVIDENCE	certification-evidence
docs/evidence/security-gate-s6/OPEN_SOURCE_SECURITY_STACK.md	CERTIFICATION_EVIDENCE	certification-evidence
docs/evidence/security-gate-s6/PHASE15_24_REGRESSION.md	CERTIFICATION_EVIDENCE	certification-evidence
docs/evidence/security-gate-s6/PHASE25_RESUME_READINESS.md	CERTIFICATION_EVIDENCE	certification-evidence
docs/evidence/security-gate-s6/POSTGRESQL_ADVERSARIAL_MATRIX.md	CERTIFICATION_EVIDENCE	certification-evidence
docs/evidence/security-gate-s6/PUBLIC_EXPOSURE_CERTIFICATION.md	CERTIFICATION_EVIDENCE	certification-evidence
docs/evidence/security-gate-s6/REAL_PDF_CERTIFICATION.md	CERTIFICATION_EVIDENCE	certification-evidence
docs/evidence/security-gate-s6/REAL_RUNTIME_ENVIRONMENT.md	CERTIFICATION_EVIDENCE	certification-evidence
docs/evidence/security-gate-s6/RESOURCE_CLEANUP.md	CERTIFICATION_EVIDENCE	certification-evidence
docs/evidence/security-gate-s6/REVIEW_FLOW.md	CERTIFICATION_EVIDENCE	certification-evidence
docs/evidence/security-gate-s6/ROLLBACK_MONOTONIC_SECURITY.md	CERTIFICATION_EVIDENCE	certification-evidence
docs/evidence/security-gate-s6/RUN_ALL_RESULT.md	CERTIFICATION_EVIDENCE	certification-evidence
docs/evidence/security-gate-s6/S1_REGRESSION.md	CERTIFICATION_EVIDENCE	certification-evidence
docs/evidence/security-gate-s6/S2_REGRESSION.md	CERTIFICATION_EVIDENCE	certification-evidence
docs/evidence/security-gate-s6/S3_REGRESSION.md	CERTIFICATION_EVIDENCE	certification-evidence
docs/evidence/security-gate-s6/S4_REGRESSION.md	CERTIFICATION_EVIDENCE	certification-evidence
docs/evidence/security-gate-s6/S5_CORRECTIVE_REGRESSION.md	CERTIFICATION_EVIDENCE	certification-evidence
docs/evidence/security-gate-s6/S5_REGRESSION.md	CERTIFICATION_EVIDENCE	certification-evidence
docs/evidence/security-gate-s6/SECRET_DISTRIBUTION_AUDIT.md	CERTIFICATION_EVIDENCE	certification-evidence
docs/evidence/security-gate-s6/SECURITY_CERTIFICATE.md	CERTIFICATION_EVIDENCE	certification-evidence
docs/evidence/security-gate-s6/SSH_LOCKOUT_SAFETY.md	CERTIFICATION_EVIDENCE	certification-evidence
docs/evidence/security-gate-s6/STAGE_SECURITY.md	CERTIFICATION_EVIDENCE	certification-evidence
docs/evidence/security-gate-s6/SUPPORTED_INSTALLER_PARITY.md	CERTIFICATION_EVIDENCE	certification-evidence
docs/evidence/security-gate-s6/TELEMETRY_EGRESS_AUDIT.md	CERTIFICATION_EVIDENCE	certification-evidence
docs/evidence/security-gate-s6/TEST_RESULTS.md	CERTIFICATION_EVIDENCE	certification-evidence
docs/evidence/security-gate-s6/TEST_SEC_001_024_MATRIX.md	CERTIFICATION_EVIDENCE	certification-evidence
docs/evidence/security-gate-s6/UBUNTU_22_04.md	CERTIFICATION_EVIDENCE	certification-evidence
docs/evidence/security-gate-s6/UBUNTU_24_04.md	CERTIFICATION_EVIDENCE	certification-evidence
docs/evidence/security-gate-s6/UPDATE_FAILURE_ROLLBACK.md	CERTIFICATION_EVIDENCE	certification-evidence
docs/evidence/security-gate-s6/UPDATE_SUCCESS_CERTIFICATION.md	CERTIFICATION_EVIDENCE	certification-evidence
docs/evidence/security-gate-s6/WEBMIN_VIRTUALMIN_POLICY.md	CERTIFICATION_EVIDENCE	certification-evidence
docs/evidence/security-gate-s6/ZATCA_FINAL_IMMUTABILITY.md	CERTIFICATION_EVIDENCE	certification-evidence
docs/evidence/security-platform-audit/BACKUP_SECURITY_AUDIT.md	CERTIFICATION_EVIDENCE	certification-evidence
docs/evidence/security-platform-audit/BASELINE.md	CERTIFICATION_EVIDENCE	certification-evidence
docs/evidence/security-platform-audit/COMPATIBILITY_IMPACT.md	CERTIFICATION_EVIDENCE	certification-evidence
docs/evidence/security-platform-audit/CRITICAL_DEFECTS.md	CERTIFICATION_EVIDENCE	certification-evidence
docs/evidence/security-platform-audit/CURRENT_SECURITY_ARCHITECTURE.md	CERTIFICATION_EVIDENCE	certification-evidence
docs/evidence/security-platform-audit/DATABASE_PERSISTENCE_RISK_AUDIT.md	CERTIFICATION_EVIDENCE	certification-evidence
docs/evidence/security-platform-audit/DOCKER_SECURITY_AUDIT.md	CERTIFICATION_EVIDENCE	certification-evidence
docs/evidence/security-platform-audit/DOWNTIME_ANALYSIS.md	CERTIFICATION_EVIDENCE	certification-evidence
docs/evidence/security-platform-audit/EGRESS_SECURITY_MODEL.md	CERTIFICATION_EVIDENCE	certification-evidence
docs/evidence/security-platform-audit/EXISTING_SERVER_REMEDIATION_STRATEGY.md	CERTIFICATION_EVIDENCE	certification-evidence
docs/evidence/security-platform-audit/FINAL_REPORT.md	CERTIFICATION_EVIDENCE	certification-evidence
docs/evidence/security-platform-audit/FIREWALL_ARCHITECTURE_AUDIT.md	CERTIFICATION_EVIDENCE	certification-evidence
docs/evidence/security-platform-audit/GIT_DIFF_SUMMARY.md	CERTIFICATION_EVIDENCE	certification-evidence
docs/evidence/security-platform-audit/HIGH_RISK_DEFECTS.md	CERTIFICATION_EVIDENCE	certification-evidence
docs/evidence/security-platform-audit/HOST_PERSISTENCE_AUDIT.md	CERTIFICATION_EVIDENCE	certification-evidence
docs/evidence/security-platform-audit/IMPLEMENTATION_GATES.md	CERTIFICATION_EVIDENCE	certification-evidence
docs/evidence/security-platform-audit/INDEX.md	CERTIFICATION_EVIDENCE	certification-evidence
docs/evidence/security-platform-audit/MALWARE_FIM_EDR_RECOMMENDATION.md	CERTIFICATION_EVIDENCE	certification-evidence
docs/evidence/security-platform-audit/MEDIUM_LOW_FINDINGS.md	CERTIFICATION_EVIDENCE	certification-evidence
docs/evidence/security-platform-audit/MIGRATION_QUARANTINE_GAP.md	CERTIFICATION_EVIDENCE	certification-evidence
docs/evidence/security-platform-audit/MIGRATION_SECRET_REUSE_AUDIT.md	CERTIFICATION_EVIDENCE	certification-evidence
docs/evidence/security-platform-audit/NGINX_EDGE_SECURITY_AUDIT.md	CERTIFICATION_EVIDENCE	certification-evidence
docs/evidence/security-platform-audit/ODOO_NETWORK_EXPOSURE_AUDIT.md	CERTIFICATION_EVIDENCE	certification-evidence
docs/evidence/security-platform-audit/ODOO_PRODUCTION_DEFAULTS_AUDIT.md	CERTIFICATION_EVIDENCE	certification-evidence
docs/evidence/security-platform-audit/OPEN_SOURCE_SECURITY_TOOL_EVALUATION.md	CERTIFICATION_EVIDENCE	certification-evidence
docs/evidence/security-platform-audit/OPERATOR_DECISIONS.md	CERTIFICATION_EVIDENCE	certification-evidence
docs/evidence/security-platform-audit/OS_UPDATE_POLICY_AUDIT.md	CERTIFICATION_EVIDENCE	certification-evidence
docs/evidence/security-platform-audit/PHASE25_PAUSE_AND_RESUME_MODEL.md	CERTIFICATION_EVIDENCE	certification-evidence
docs/evidence/security-platform-audit/POSTGRESQL_NETWORK_AUDIT.md	CERTIFICATION_EVIDENCE	certification-evidence
docs/evidence/security-platform-audit/POSTGRESQL_PRIVILEGE_AUDIT.md	CERTIFICATION_EVIDENCE	certification-evidence
docs/evidence/security-platform-audit/REAL_RUNTIME_TEST_REQUIREMENTS.md	CERTIFICATION_EVIDENCE	certification-evidence
docs/evidence/security-platform-audit/RESOURCE_ABUSE_MINER_DETECTION.md	CERTIFICATION_EVIDENCE	certification-evidence
docs/evidence/security-platform-audit/ROLLBACK_ARCHITECTURE.md	CERTIFICATION_EVIDENCE	certification-evidence
docs/evidence/security-platform-audit/SECRET_GENERATION_STORAGE_AUDIT.md	CERTIFICATION_EVIDENCE	certification-evidence
docs/evidence/security-platform-audit/SECURITY_DISK_SAFETY.md	CERTIFICATION_EVIDENCE	certification-evidence
docs/evidence/security-platform-audit/SECURITY_LOGGING_EVIDENCE_MODEL.md	CERTIFICATION_EVIDENCE	certification-evidence
docs/evidence/security-platform-audit/SECURITY_MODES_MODEL.md	CERTIFICATION_EVIDENCE	certification-evidence
docs/evidence/security-platform-audit/SECURITY_SEVERITY_POLICY.md	CERTIFICATION_EVIDENCE	certification-evidence
docs/evidence/security-platform-audit/SECURITY_TEST_PLAN.md	CERTIFICATION_EVIDENCE	certification-evidence
docs/evidence/security-platform-audit/SSH_SECURITY_AUDIT.md	CERTIFICATION_EVIDENCE	certification-evidence
docs/evidence/security-platform-audit/TARGET_SECURITY_ARCHITECTURE.md	CERTIFICATION_EVIDENCE	certification-evidence
docs/evidence/security-platform-audit/THREAT_MODEL.md	CERTIFICATION_EVIDENCE	certification-evidence
docs/evidence/security-platform-audit/UPDATE_NETWORK_SAFETY_AUDIT.md	CERTIFICATION_EVIDENCE	certification-evidence
docs/evidence/security-platform-audit/WEBMIN_VIRTUALMIN_AUDIT.md	CERTIFICATION_EVIDENCE	certification-evidence
docs/evidence/security-platform-audit/ZATCA_SECURITY_SAFETY.md	CERTIFICATION_EVIDENCE	certification-evidence
docs/evidence/security-s5-apt-lock-correction/BASELINE.md	CERTIFICATION_EVIDENCE	certification-evidence
docs/evidence/security-s5-apt-lock-correction/CANONICAL_APT_LOCK_POLICY.md	CERTIFICATION_EVIDENCE	certification-evidence
docs/evidence/security-s5-apt-lock-correction/DIST_SECURITY_SCAN.md	CERTIFICATION_EVIDENCE	certification-evidence
docs/evidence/security-s5-apt-lock-correction/DPKG_CONSISTENCY_POLICY.md	CERTIFICATION_EVIDENCE	certification-evidence
docs/evidence/security-s5-apt-lock-correction/FINAL_REPORT.md	CERTIFICATION_EVIDENCE	certification-evidence
docs/evidence/security-s5-apt-lock-correction/GIT_DIFF_SUMMARY.md	CERTIFICATION_EVIDENCE	certification-evidence
docs/evidence/security-s5-apt-lock-correction/HEAL_APT_LOCKS_ROOT_CAUSE.md	CERTIFICATION_EVIDENCE	certification-evidence
docs/evidence/security-s5-apt-lock-correction/IDEMPOTENCY.md	CERTIFICATION_EVIDENCE	certification-evidence
docs/evidence/security-s5-apt-lock-correction/INSTALLER_OWNERSHIP.md	CERTIFICATION_EVIDENCE	certification-evidence
docs/evidence/security-s5-apt-lock-correction/LEGACY_PATH_CLASSIFICATION.md	CERTIFICATION_EVIDENCE	certification-evidence
docs/evidence/security-s5-apt-lock-correction/LEGACY_PATH_REMEDIATION.md	CERTIFICATION_EVIDENCE	certification-evidence
docs/evidence/security-s5-apt-lock-correction/NEW_INSTALL_PATH_RESULT.md	CERTIFICATION_EVIDENCE	certification-evidence
docs/evidence/security-s5-apt-lock-correction/NO_KILL_PROOF.md	CERTIFICATION_EVIDENCE	certification-evidence
docs/evidence/security-s5-apt-lock-correction/OPERATION_ENGINE_INTEGRATION.md	CERTIFICATION_EVIDENCE	certification-evidence
docs/evidence/security-s5-apt-lock-correction/REAL_RUNTIME_RESULT.md	CERTIFICATION_EVIDENCE	certification-evidence
docs/evidence/security-s5-apt-lock-correction/REGRESSION_RESULTS.md	CERTIFICATION_EVIDENCE	certification-evidence
docs/evidence/security-s5-apt-lock-correction/RUN_ALL_RESULT.md	CERTIFICATION_EVIDENCE	certification-evidence
docs/evidence/security-s5-apt-lock-correction/S6_READINESS.md	CERTIFICATION_EVIDENCE	certification-evidence
docs/evidence/security-s5-apt-lock-correction/STAGE_MIGRATION_PATH_RESULT.md	CERTIFICATION_EVIDENCE	certification-evidence
docs/evidence/security-s5-apt-lock-correction/STATIC_UNSAFE_PATTERN_SCAN.md	CERTIFICATION_EVIDENCE	certification-evidence
docs/evidence/security-s5-apt-lock-correction/TIMEOUT_BEHAVIOR.md	CERTIFICATION_EVIDENCE	certification-evidence
docs/evidence/security-s5-apt-lock-correction/UBUNTU_22_04.md	CERTIFICATION_EVIDENCE	certification-evidence
docs/evidence/security-s5-apt-lock-correction/UBUNTU_24_04.md	CERTIFICATION_EVIDENCE	certification-evidence
docs/evidence/security-s5-apt-lock-correction/UNATTENDED_UPGRADES_BEHAVIOR.md	CERTIFICATION_EVIDENCE	certification-evidence
docs/evidence/security-s5-apt-lock-correction/UNSAFE_PATTERN_INVENTORY.md	CERTIFICATION_EVIDENCE	certification-evidence
docs/evidence/security-s5-apt-lock-correction/UPDATE_PATH_RESULT.md	CERTIFICATION_EVIDENCE	certification-evidence
docs/security/ARCHIVE_EXTRACTION_SAFETY.md	CANONICAL_DOCUMENTATION	canonical-docs
docs/security/BACKUP_SECURITY.md	CANONICAL_DOCUMENTATION	canonical-docs
docs/security/BRUTE_FORCE_PROTECTION.md	CANONICAL_DOCUMENTATION	canonical-docs
docs/security/CRITICAL_CONTAINMENT_GATE.md	CANONICAL_DOCUMENTATION	canonical-docs
docs/security/DATABASE_SECURITY_SCANNING.md	CANONICAL_DOCUMENTATION	canonical-docs
docs/security/DISASTER_RECOVERY_POSTURE.md	CANONICAL_DOCUMENTATION	canonical-docs
docs/security/DOCKER_SECURITY.md	CANONICAL_DOCUMENTATION	canonical-docs
docs/security/EDGE_CLOUDFLARE.md	CANONICAL_DOCUMENTATION	canonical-docs
docs/security/FIREWALL_NETWORKING.md	CANONICAL_DOCUMENTATION	canonical-docs
docs/security/HARDENING_BASELINE.md	CANONICAL_DOCUMENTATION	canonical-docs
docs/security/HOST_BASELINE.md	CANONICAL_DOCUMENTATION	canonical-docs
docs/security/HOST_INTEGRITY_MONITORING.md	CANONICAL_DOCUMENTATION	canonical-docs
docs/security/INCIDENT_RESPONSE.md	CANONICAL_DOCUMENTATION	canonical-docs
docs/security/IOC_MANAGEMENT.md	CANONICAL_DOCUMENTATION	canonical-docs
docs/security/MALWARE_DETECTION.md	CANONICAL_DOCUMENTATION	canonical-docs
docs/security/MIGRATION_QUARANTINE.md	CANONICAL_DOCUMENTATION	canonical-docs
docs/security/NETWORK_CHANGE_VALIDATION.md	CANONICAL_DOCUMENTATION	canonical-docs
docs/security/NGINX_SECURITY.md	CANONICAL_DOCUMENTATION	canonical-docs
docs/security/ODOO_SECURITY.md	CANONICAL_DOCUMENTATION	canonical-docs
docs/security/OFF_HOST_BACKUP.md	CANONICAL_DOCUMENTATION	canonical-docs
docs/security/PACKAGE_UPDATE_POLICY.md	CANONICAL_DOCUMENTATION	canonical-docs
docs/security/PDF_REPORT_SAFETY.md	CANONICAL_DOCUMENTATION	canonical-docs
docs/security/PERSISTENCE_AUDIT.md	CANONICAL_DOCUMENTATION	canonical-docs
docs/security/POSTGRESQL_SECURITY.md	CANONICAL_DOCUMENTATION	canonical-docs
docs/security/PROCESS_MINER_DETECTION.md	CANONICAL_DOCUMENTATION	canonical-docs
docs/security/QUARANTINE_NETWORKING.md	CANONICAL_DOCUMENTATION	canonical-docs
docs/security/RESTORE_QUARANTINE.md	CANONICAL_DOCUMENTATION	canonical-docs
docs/security/RESTORE_VERIFICATION.md	CANONICAL_DOCUMENTATION	canonical-docs
docs/security/SECURITY_ARCHITECTURE.md	CANONICAL_DOCUMENTATION	canonical-docs
docs/security/SECURITY_BASELINES.md	CANONICAL_DOCUMENTATION	canonical-docs
docs/security/SECURITY_EVIDENCE.md	CANONICAL_DOCUMENTATION	canonical-docs
docs/security/SECURITY_REPORT.md	CANONICAL_DOCUMENTATION	canonical-docs
docs/security/SECURITY_TEST_MATRIX.md	CANONICAL_DOCUMENTATION	canonical-docs
docs/security/SSH_HARDENING.md	CANONICAL_DOCUMENTATION	canonical-docs
docs/security/TECHNICAL_PERSISTENCE_DETECTION.md	CANONICAL_DOCUMENTATION	canonical-docs
docs/security/UNTRUSTED_DATABASE_HANDLING.md	CANONICAL_DOCUMENTATION	canonical-docs
docs/security/UPDATE_SAFETY.md	CANONICAL_DOCUMENTATION	canonical-docs
docs/security/WEBMIN_VIRTUALMIN.md	CANONICAL_DOCUMENTATION	canonical-docs
docs/security/YARA_SCANNING.md	CANONICAL_DOCUMENTATION	canonical-docs
docs/security/ZATCA_QUARANTINE_SAFETY.md	CANONICAL_DOCUMENTATION	canonical-docs
docs/user/ACTIVATION.md	CANONICAL_DOCUMENTATION	canonical-docs
docs/user/ANNUAL_SUPPORT.md	CANONICAL_DOCUMENTATION	canonical-docs
docs/user/BACKUP.md	CANONICAL_DOCUMENTATION	canonical-docs
docs/user/BACKUP_AND_RESTORE.md	CANONICAL_DOCUMENTATION	canonical-docs
docs/user/BACKUP_DESTINATIONS.md	CANONICAL_DOCUMENTATION	canonical-docs
docs/user/BACKUP_RETENTION.md	CANONICAL_DOCUMENTATION	canonical-docs
docs/user/CLI_REFERENCE.md	CANONICAL_DOCUMENTATION	canonical-docs
docs/user/CLOUDFLARE.md	CANONICAL_DOCUMENTATION	canonical-docs
docs/user/COMMON_ERRORS.md	CANONICAL_DOCUMENTATION	canonical-docs
docs/user/CONFIGURATION_REFERENCE.md	CANONICAL_DOCUMENTATION	canonical-docs
docs/user/DATABASE.md	CANONICAL_DOCUMENTATION	canonical-docs
docs/user/DISASTER_RECOVERY.md	CANONICAL_DOCUMENTATION	canonical-docs
docs/user/DOMAIN_AND_SSL.md	CANONICAL_DOCUMENTATION	canonical-docs
docs/user/DOMAIN_AND_TLS.md	CANONICAL_DOCUMENTATION	canonical-docs
docs/user/ENVIRONMENT_VARIABLES.md	CANONICAL_DOCUMENTATION	canonical-docs
docs/user/FAQ.md	CANONICAL_DOCUMENTATION	canonical-docs
docs/user/FIREWALL.md	CANONICAL_DOCUMENTATION	canonical-docs
docs/user/GLOSSARY.md	CANONICAL_DOCUMENTATION	canonical-docs
docs/user/INITIALIZATION.md	CANONICAL_DOCUMENTATION	canonical-docs
docs/user/INSTALLATION.md	CANONICAL_DOCUMENTATION	canonical-docs
docs/user/LICENSE_ACTIVATION.md	CANONICAL_DOCUMENTATION	canonical-docs
docs/user/LICENSING.md	CANONICAL_DOCUMENTATION	canonical-docs
docs/user/MIGRATION.md	CANONICAL_DOCUMENTATION	canonical-docs
docs/user/MIGRATION_ACTIVATION_BEFORE_CUTOVER.md	CANONICAL_DOCUMENTATION	canonical-docs
docs/user/MIGRATION_AUTHORIZATION.md	CANONICAL_DOCUMENTATION	canonical-docs
docs/user/MIGRATION_AUTHORIZATION_RECOVERY.md	CANONICAL_DOCUMENTATION	canonical-docs
docs/user/MIGRATION_CLOSE_ROLLBACK_WINDOW.md	CANONICAL_DOCUMENTATION	canonical-docs
docs/user/MIGRATION_CUTOVER.md	CANONICAL_DOCUMENTATION	canonical-docs
docs/user/MIGRATION_CUTOVER_STATUS.md	CANONICAL_DOCUMENTATION	canonical-docs
docs/user/MIGRATION_DATA_TRANSFER.md	CANONICAL_DOCUMENTATION	canonical-docs
docs/user/MIGRATION_DESTINATION_SETUP.md	CANONICAL_DOCUMENTATION	canonical-docs
docs/user/MIGRATION_DNS_SETUP.md	CANONICAL_DOCUMENTATION	canonical-docs
docs/user/MIGRATION_DOMAIN_ABORT.md	CANONICAL_DOCUMENTATION	canonical-docs
docs/user/MIGRATION_DOMAIN_PREPARATION.md	CANONICAL_DOCUMENTATION	canonical-docs
docs/user/MIGRATION_IMMEDIATE_ROLLBACK.md	CANONICAL_DOCUMENTATION	canonical-docs
docs/user/MIGRATION_LANDING_AND_TLS.md	CANONICAL_DOCUMENTATION	canonical-docs
docs/user/MIGRATION_PAIRING_AND_READINESS.md	CANONICAL_DOCUMENTATION	canonical-docs
docs/user/MIGRATION_PREPARATION.md	CANONICAL_DOCUMENTATION	canonical-docs
docs/user/MIGRATION_SOURCE_ARCHIVE.md	CANONICAL_DOCUMENTATION	canonical-docs
docs/user/MIGRATION_SOURCE_RECOVERY_AFTER_ARCHIVE.md	CANONICAL_DOCUMENTATION	canonical-docs
docs/user/MIGRATION_SOURCE_RETIREMENT_STATUS.md	CANONICAL_DOCUMENTATION	canonical-docs
docs/user/MIGRATION_STABILIZATION.md	CANONICAL_DOCUMENTATION	canonical-docs
docs/user/MIGRATION_TOKEN.md	CANONICAL_DOCUMENTATION	canonical-docs
docs/user/MIGRATION_TRANSFER_ABORT.md	CANONICAL_DOCUMENTATION	canonical-docs
docs/user/MIGRATION_TRANSFER_STATUS_AND_RECOVERY.md	CANONICAL_DOCUMENTATION	canonical-docs
docs/user/NETWORKING.md	CANONICAL_DOCUMENTATION	canonical-docs
docs/user/NEW_PRODUCTION.md	CANONICAL_DOCUMENTATION	canonical-docs
docs/user/OFFLINE_BUNDLE_INSPECT.md	CANONICAL_DOCUMENTATION	canonical-docs
docs/user/OFFLINE_MODE.md	CANONICAL_DOCUMENTATION	canonical-docs
docs/user/OFFLINE_OPERATION.md	CANONICAL_DOCUMENTATION	canonical-docs
docs/user/OFFLINE_TRUST_PACKAGE.md	CANONICAL_DOCUMENTATION	canonical-docs
docs/user/OFFLINE_UPDATES.md	CANONICAL_DOCUMENTATION	canonical-docs
docs/user/OFFLINE_UPDATE_APPLY.md	CANONICAL_DOCUMENTATION	canonical-docs
docs/user/OFFLINE_UPDATE_BUNDLES.md	CANONICAL_DOCUMENTATION	canonical-docs
docs/user/OFFLINE_UPDATE_RECOVERY.md	CANONICAL_DOCUMENTATION	canonical-docs
docs/user/OFFLINE_UPDATE_RESULT_RECEIPT.md	CANONICAL_DOCUMENTATION	canonical-docs
docs/user/OPERATIONS_AND_RECOVERY.md	CANONICAL_DOCUMENTATION	canonical-docs
docs/user/PDF_REPORTING.md	CANONICAL_DOCUMENTATION	canonical-docs
docs/user/PRIVACY_AND_SOVEREIGNTY.md	CANONICAL_DOCUMENTATION	canonical-docs
docs/user/PRODUCT_OVERVIEW.md	CANONICAL_DOCUMENTATION	canonical-docs
docs/user/QUICK_START.md	CANONICAL_DOCUMENTATION	canonical-docs
docs/user/README.md	CANONICAL_DOCUMENTATION	canonical-docs
docs/user/RECOVERY.md	CANONICAL_DOCUMENTATION	canonical-docs
docs/user/REQUIREMENTS.md	CANONICAL_DOCUMENTATION	canonical-docs
docs/user/RESTORE.md	CANONICAL_DOCUMENTATION	canonical-docs
docs/user/RESTORE_AND_RECOVERY.md	CANONICAL_DOCUMENTATION	canonical-docs
docs/user/SAFE_UPDATE.md	CANONICAL_DOCUMENTATION	canonical-docs
docs/user/SAFE_UPDATES.md	CANONICAL_DOCUMENTATION	canonical-docs
docs/user/SECURITY.md	CANONICAL_DOCUMENTATION	canonical-docs
docs/user/SECURITY_VERIFICATION.md	CANONICAL_DOCUMENTATION	canonical-docs
docs/user/SERVER_MIGRATION.md	CANONICAL_DOCUMENTATION	canonical-docs
docs/user/SOURCE_RETIREMENT.md	CANONICAL_DOCUMENTATION	canonical-docs
docs/user/SSH.md	CANONICAL_DOCUMENTATION	canonical-docs
docs/user/STAGE_ENVIRONMENTS.md	CANONICAL_DOCUMENTATION	canonical-docs
docs/user/STAGE_LICENSE.md	CANONICAL_DOCUMENTATION	canonical-docs
docs/user/STAGE_RETENTION.md	CANONICAL_DOCUMENTATION	canonical-docs
docs/user/STATUS_AND_DIAGNOSTICS.md	CANONICAL_DOCUMENTATION	canonical-docs
docs/user/SUPPORT_AND_EXPIRY.md	CANONICAL_DOCUMENTATION	canonical-docs
docs/user/SUPPORT_EXPIRATION.md	CANONICAL_DOCUMENTATION	canonical-docs
docs/user/TROUBLESHOOTING.md	CANONICAL_DOCUMENTATION	canonical-docs
docs/user/UPDATES.md	CANONICAL_DOCUMENTATION	canonical-docs
docs/user/UPDATE_IMAGE_CLEANUP.md	CANONICAL_DOCUMENTATION	canonical-docs
docs/user/WEBSOCKET_AND_LONGPOLLING.md	CANONICAL_DOCUMENTATION	canonical-docs
docs/user/WHEN_SOVIEZ_CONNECTS_ONLINE.md	CANONICAL_DOCUMENTATION	canonical-docs
schemas/README.md	PUBLISH_REQUIRED	platform-runtime
schemas/new_operation_state.schema.json	PUBLISH_REQUIRED	platform-runtime
scripts/phase22-saas-certification.sh	PUBLISH_REQUIRED	platform-runtime
scripts/phase23_evidence_finalizer.py	PUBLISH_REQUIRED	platform-runtime
services/migration-authorization-ledger/ledger.py	PUBLISH_REQUIRED	platform-runtime
services/registry-gateway/README.md	PUBLISH_REQUIRED	platform-runtime
services/registry-gateway/dist/src/auth.d.ts	PUBLISH_REQUIRED	platform-runtime
services/registry-gateway/dist/src/auth.js	PUBLISH_REQUIRED	platform-runtime
services/registry-gateway/dist/src/auth.js.map	PUBLISH_REQUIRED	platform-runtime
services/registry-gateway/dist/src/config.d.ts	PUBLISH_REQUIRED	platform-runtime
services/registry-gateway/dist/src/config.js	PUBLISH_REQUIRED	platform-runtime
services/registry-gateway/dist/src/config.js.map	PUBLISH_REQUIRED	platform-runtime
services/registry-gateway/dist/src/denial.d.ts	PUBLISH_REQUIRED	platform-runtime
services/registry-gateway/dist/src/denial.js	PUBLISH_REQUIRED	platform-runtime
services/registry-gateway/dist/src/denial.js.map	PUBLISH_REQUIRED	platform-runtime
services/registry-gateway/dist/src/graph.d.ts	PUBLISH_REQUIRED	platform-runtime
services/registry-gateway/dist/src/graph.js	PUBLISH_REQUIRED	platform-runtime
services/registry-gateway/dist/src/graph.js.map	PUBLISH_REQUIRED	platform-runtime
services/registry-gateway/dist/src/index.d.ts	PUBLISH_REQUIRED	platform-runtime
services/registry-gateway/dist/src/index.js	PUBLISH_REQUIRED	platform-runtime
services/registry-gateway/dist/src/index.js.map	PUBLISH_REQUIRED	platform-runtime
services/registry-gateway/dist/src/mock-upstream.d.ts	PUBLISH_REQUIRED	platform-runtime
services/registry-gateway/dist/src/mock-upstream.js	PUBLISH_REQUIRED	platform-runtime
services/registry-gateway/dist/src/mock-upstream.js.map	PUBLISH_REQUIRED	platform-runtime
services/registry-gateway/dist/src/proxy.d.ts	PUBLISH_REQUIRED	platform-runtime
services/registry-gateway/dist/src/proxy.js	PUBLISH_REQUIRED	platform-runtime
services/registry-gateway/dist/src/proxy.js.map	PUBLISH_REQUIRED	platform-runtime
services/registry-gateway/dist/src/redact.d.ts	PUBLISH_REQUIRED	platform-runtime
services/registry-gateway/dist/src/redact.js	PUBLISH_REQUIRED	platform-runtime
services/registry-gateway/dist/src/redact.js.map	PUBLISH_REQUIRED	platform-runtime
services/registry-gateway/dist/src/server.d.ts	PUBLISH_REQUIRED	platform-runtime
services/registry-gateway/dist/src/server.js	PUBLISH_REQUIRED	platform-runtime
services/registry-gateway/dist/src/server.js.map	PUBLISH_REQUIRED	platform-runtime
services/registry-gateway/dist/src/ticket.d.ts	PUBLISH_REQUIRED	platform-runtime
services/registry-gateway/dist/src/ticket.js	PUBLISH_REQUIRED	platform-runtime
services/registry-gateway/dist/src/ticket.js.map	PUBLISH_REQUIRED	platform-runtime
services/registry-gateway/dist/test/gateway.test.d.ts	PUBLISH_REQUIRED	platform-runtime
services/registry-gateway/dist/test/gateway.test.js	PUBLISH_REQUIRED	platform-runtime
services/registry-gateway/dist/test/gateway.test.js.map	PUBLISH_REQUIRED	platform-runtime
services/registry-gateway/package-lock.json	PUBLISH_REQUIRED	platform-runtime
services/registry-gateway/package.json	PUBLISH_REQUIRED	platform-runtime
services/registry-gateway/src/auth.ts	PUBLISH_REQUIRED	platform-runtime
services/registry-gateway/src/config.ts	PUBLISH_REQUIRED	platform-runtime
services/registry-gateway/src/denial.ts	PUBLISH_REQUIRED	platform-runtime
services/registry-gateway/src/graph.ts	PUBLISH_REQUIRED	platform-runtime
services/registry-gateway/src/index.ts	PUBLISH_REQUIRED	platform-runtime
services/registry-gateway/src/mock-upstream.ts	PUBLISH_REQUIRED	platform-runtime
services/registry-gateway/src/proxy.ts	PUBLISH_REQUIRED	platform-runtime
services/registry-gateway/src/redact.ts	PUBLISH_REQUIRED	platform-runtime
services/registry-gateway/src/server.ts	PUBLISH_REQUIRED	platform-runtime
services/registry-gateway/src/ticket.ts	PUBLISH_REQUIRED	platform-runtime
services/registry-gateway/test/gateway.test.ts	PUBLISH_REQUIRED	platform-runtime
services/registry-gateway/tsconfig.json	PUBLISH_REQUIRED	platform-runtime
services/stage-operation-helper/ARTIFACT.md	PUBLISH_REQUIRED	platform-runtime
services/stage-operation-helper/dist/src/cli.d.ts	PUBLISH_REQUIRED	platform-runtime
services/stage-operation-helper/dist/src/cli.js	PUBLISH_REQUIRED	platform-runtime
services/stage-operation-helper/dist/src/cli.js.map	PUBLISH_REQUIRED	platform-runtime
services/stage-operation-helper/dist/src/index.d.ts	PUBLISH_REQUIRED	platform-runtime
services/stage-operation-helper/dist/src/index.js	PUBLISH_REQUIRED	platform-runtime
services/stage-operation-helper/dist/src/index.js.map	PUBLISH_REQUIRED	platform-runtime
services/stage-operation-helper/dist/src/ledger.d.ts	PUBLISH_REQUIRED	platform-runtime
services/stage-operation-helper/dist/src/ledger.js	PUBLISH_REQUIRED	platform-runtime
services/stage-operation-helper/dist/src/ledger.js.map	PUBLISH_REQUIRED	platform-runtime
services/stage-operation-helper/dist/src/neutralization.d.ts	PUBLISH_REQUIRED	platform-runtime
services/stage-operation-helper/dist/src/neutralization.js	PUBLISH_REQUIRED	platform-runtime
services/stage-operation-helper/dist/src/neutralization.js.map	PUBLISH_REQUIRED	platform-runtime
services/stage-operation-helper/dist/src/ticket.d.ts	PUBLISH_REQUIRED	platform-runtime
services/stage-operation-helper/dist/src/ticket.js	PUBLISH_REQUIRED	platform-runtime
services/stage-operation-helper/dist/src/ticket.js.map	PUBLISH_REQUIRED	platform-runtime
services/stage-operation-helper/dist/test/helper.test.d.ts	PUBLISH_REQUIRED	platform-runtime
services/stage-operation-helper/dist/test/helper.test.js	PUBLISH_REQUIRED	platform-runtime
services/stage-operation-helper/dist/test/helper.test.js.map	PUBLISH_REQUIRED	platform-runtime
services/stage-operation-helper/package-lock.json	PUBLISH_REQUIRED	platform-runtime
services/stage-operation-helper/package.json	PUBLISH_REQUIRED	platform-runtime
services/stage-operation-helper/src/cli.ts	PUBLISH_REQUIRED	platform-runtime
services/stage-operation-helper/src/index.ts	PUBLISH_REQUIRED	platform-runtime
services/stage-operation-helper/src/ledger.ts	PUBLISH_REQUIRED	platform-runtime
services/stage-operation-helper/src/neutralization.ts	PUBLISH_REQUIRED	platform-runtime
services/stage-operation-helper/src/ticket.ts	PUBLISH_REQUIRED	platform-runtime
services/stage-operation-helper/test/helper.test.ts	PUBLISH_REQUIRED	platform-runtime
services/stage-operation-helper/tsconfig.json	PUBLISH_REQUIRED	platform-runtime
share/security/cloudflare/ips-v4.lkg.json	PUBLISH_REQUIRED	platform-runtime
share/security/detection/classify_records.py	PUBLISH_REQUIRED	platform-runtime
share/security/detection/db_rules.json	PUBLISH_REQUIRED	platform-runtime
share/security/detection/iocs.json	PUBLISH_REQUIRED	platform-runtime
share/security/detection/schema_version	PUBLISH_REQUIRED	platform-runtime
share/security/detection/yara/soviez_s3.yar	PUBLISH_REQUIRED	platform-runtime
src/00-header.sh	PUBLISH_REQUIRED	platform-runtime
src/README.md	PUBLISH_REQUIRED	platform-runtime
src/api/http.sh	PUBLISH_REQUIRED	platform-runtime
src/api/registry_client.sh	PUBLISH_REQUIRED	platform-runtime
src/api/slots_client.sh	PUBLISH_REQUIRED	platform-runtime
src/api/stage_operations_client.sh	PUBLISH_REQUIRED	platform-runtime
src/auth/device_client.sh	PUBLISH_REQUIRED	platform-runtime
src/auth/device_keys.sh	PUBLISH_REQUIRED	platform-runtime
src/auth/signing.sh	PUBLISH_REQUIRED	platform-runtime
src/backup/capacity.sh	PUBLISH_REQUIRED	platform-runtime
src/backup/checksum.sh	PUBLISH_REQUIRED	platform-runtime
src/backup/codes.sh	PUBLISH_REQUIRED	platform-runtime
src/backup/compression.sh	PUBLISH_REQUIRED	platform-runtime
src/backup/consistency.sh	PUBLISH_REQUIRED	platform-runtime
src/backup/database.sh	PUBLISH_REQUIRED	platform-runtime
src/backup/destinations.sh	PUBLISH_REQUIRED	platform-runtime
src/backup/encryption.sh	PUBLISH_REQUIRED	platform-runtime
src/backup/engine.sh	PUBLISH_REQUIRED	platform-runtime
src/backup/export.sh	PUBLISH_REQUIRED	platform-runtime
src/backup/filestore.sh	PUBLISH_REQUIRED	platform-runtime
src/backup/import.sh	PUBLISH_REQUIRED	platform-runtime
src/backup/interrupt.sh	PUBLISH_REQUIRED	platform-runtime
src/backup/inventory.sh	PUBLISH_REQUIRED	platform-runtime
src/backup/local_destination.sh	PUBLISH_REQUIRED	platform-runtime
src/backup/manifest.sh	PUBLISH_REQUIRED	platform-runtime
src/backup/model.sh	PUBLISH_REQUIRED	platform-runtime
src/backup/paths.sh	PUBLISH_REQUIRED	platform-runtime
src/backup/restore_test.sh	PUBLISH_REQUIRED	platform-runtime
src/backup/retention.sh	PUBLISH_REQUIRED	platform-runtime
src/backup/s3_destination.sh	PUBLISH_REQUIRED	platform-runtime
src/backup/schedule.sh	PUBLISH_REQUIRED	platform-runtime
src/backup/sftp_destination.sh	PUBLISH_REQUIRED	platform-runtime
src/backup/targeting.sh	PUBLISH_REQUIRED	platform-runtime
src/backup/transfer.sh	PUBLISH_REQUIRED	platform-runtime
src/backup/verify.sh	PUBLISH_REQUIRED	platform-runtime
src/cli/parse.sh	PUBLISH_REQUIRED	platform-runtime
src/commands/backup.sh	PUBLISH_REQUIRED	platform-runtime
src/commands/new.sh	PUBLISH_REQUIRED	platform-runtime
src/commands/offline_bundle.sh	PUBLISH_REQUIRED	platform-runtime
src/commands/operations.sh	PUBLISH_REQUIRED	platform-runtime
src/commands/reattach.sh	PUBLISH_REQUIRED	platform-runtime
src/commands/restore.sh	PUBLISH_REQUIRED	platform-runtime
src/commands/security_platform.sh	PUBLISH_REQUIRED	platform-runtime
src/commands/ssl.sh	PUBLISH_REQUIRED	platform-runtime
src/commands/stage.sh	PUBLISH_REQUIRED	platform-runtime
src/commands/stage_offline.sh	PUBLISH_REQUIRED	platform-runtime
src/commands/stage_retention.sh	PUBLISH_REQUIRED	platform-runtime
src/commands/update.sh	PUBLISH_REQUIRED	platform-runtime
src/core/errors.sh	PUBLISH_REQUIRED	platform-runtime
src/core/json.sh	PUBLISH_REQUIRED	platform-runtime
src/core/logging.sh	PUBLISH_REQUIRED	platform-runtime
src/core/paths.sh	PUBLISH_REQUIRED	platform-runtime
src/core/preflight.sh	PUBLISH_REQUIRED	platform-runtime
src/core/redact.sh	PUBLISH_REQUIRED	platform-runtime
src/database/provision.sh	PUBLISH_REQUIRED	platform-runtime
src/docker/labels.sh	PUBLISH_REQUIRED	platform-runtime
src/docker/provision.sh	PUBLISH_REQUIRED	platform-runtime
src/entrypoint.sh	PUBLISH_REQUIRED	platform-runtime
src/license/ack.sh	PUBLISH_REQUIRED	platform-runtime
src/license/activate_orm.sh	PUBLISH_REQUIRED	platform-runtime
src/license/choice.sh	PUBLISH_REQUIRED	platform-runtime
src/license/fingerprint.sh	PUBLISH_REQUIRED	platform-runtime
src/migration/activation/engine.sh	PUBLISH_REQUIRED	platform-runtime
src/migration/addons/inventory.sh	PUBLISH_REQUIRED	platform-runtime
src/migration/addons/package.sh	PUBLISH_REQUIRED	platform-runtime
src/migration/addons/registry.sh	PUBLISH_REQUIRED	platform-runtime
src/migration/addons/transfer.sh	PUBLISH_REQUIRED	platform-runtime
src/migration/addons/verify.sh	PUBLISH_REQUIRED	platform-runtime
src/migration/authorization/codes.sh	PUBLISH_REQUIRED	platform-runtime
src/migration/authorization/engine.sh	PUBLISH_REQUIRED	platform-runtime
src/migration/authorization/model.sh	PUBLISH_REQUIRED	platform-runtime
src/migration/authorization/offline.sh	PUBLISH_REQUIRED	platform-runtime
src/migration/authorization/readiness.sh	PUBLISH_REQUIRED	platform-runtime
src/migration/bootstrap/engine.sh	PUBLISH_REQUIRED	platform-runtime
src/migration/commands/archive.sh	PUBLISH_REQUIRED	platform-runtime
src/migration/commands/cli.sh	PUBLISH_REQUIRED	platform-runtime
src/migration/commands/cutover_cli.sh	PUBLISH_REQUIRED	platform-runtime
src/migration/commands/finalization.sh	PUBLISH_REQUIRED	platform-runtime
src/migration/commands/readiness.sh	PUBLISH_REQUIRED	platform-runtime
src/migration/commands/rollback_closure.sh	PUBLISH_REQUIRED	platform-runtime
src/migration/commands/stabilization.sh	PUBLISH_REQUIRED	platform-runtime
src/migration/commands/suspend.sh	PUBLISH_REQUIRED	platform-runtime
src/migration/common/codes.sh	PUBLISH_REQUIRED	platform-runtime
src/migration/common/crypto.sh	PUBLISH_REQUIRED	platform-runtime
src/migration/common/identity.sh	PUBLISH_REQUIRED	platform-runtime
src/migration/common/model.sh	PUBLISH_REQUIRED	platform-runtime
src/migration/common/paths.sh	PUBLISH_REQUIRED	platform-runtime
src/migration/common/report.sh	PUBLISH_REQUIRED	platform-runtime
src/migration/common/time.sh	PUBLISH_REQUIRED	platform-runtime
src/migration/config/inventory.sh	PUBLISH_REQUIRED	platform-runtime
src/migration/config/sanitize.sh	PUBLISH_REQUIRED	platform-runtime
src/migration/config/secret_inventory.sh	PUBLISH_REQUIRED	platform-runtime
src/migration/config/transfer.sh	PUBLISH_REQUIRED	platform-runtime
src/migration/config/verify.sh	PUBLISH_REQUIRED	platform-runtime
src/migration/cutover/codes.sh	PUBLISH_REQUIRED	platform-runtime
src/migration/cutover/engine.sh	PUBLISH_REQUIRED	platform-runtime
src/migration/cutover/model.sh	PUBLISH_REQUIRED	platform-runtime
src/migration/cutover/plan.sh	PUBLISH_REQUIRED	platform-runtime
src/migration/cutover/preflight.sh	PUBLISH_REQUIRED	platform-runtime
src/migration/cutover/traffic_owner.sh	PUBLISH_REQUIRED	platform-runtime
src/migration/database/dump.sh	PUBLISH_REQUIRED	platform-runtime
src/migration/database/inventory.sh	PUBLISH_REQUIRED	platform-runtime
src/migration/database/restore.sh	PUBLISH_REQUIRED	platform-runtime
src/migration/database/transfer.sh	PUBLISH_REQUIRED	platform-runtime
src/migration/database/verify.sh	PUBLISH_REQUIRED	platform-runtime
src/migration/destination_go_live/engine.sh	PUBLISH_REQUIRED	platform-runtime
src/migration/discovery/collectors.sh	PUBLISH_REQUIRED	platform-runtime
src/migration/discovery/engine.sh	PUBLISH_REQUIRED	platform-runtime
src/migration/discovery/targeting.sh	PUBLISH_REQUIRED	platform-runtime
src/migration/dns/authoritative.sh	PUBLISH_REQUIRED	platform-runtime
src/migration/dns/challenge.sh	PUBLISH_REQUIRED	platform-runtime
src/migration/dns/instructions.sh	PUBLISH_REQUIRED	platform-runtime
src/migration/dns/provider.sh	PUBLISH_REQUIRED	platform-runtime
src/migration/dns/public_resolvers.sh	PUBLISH_REQUIRED	platform-runtime
src/migration/dns/replay.sh	PUBLISH_REQUIRED	platform-runtime
src/migration/dns/retry.sh	PUBLISH_REQUIRED	platform-runtime
src/migration/dns/signing.sh	PUBLISH_REQUIRED	platform-runtime
src/migration/domain/codes.sh	PUBLISH_REQUIRED	platform-runtime
src/migration/domain/engine.sh	PUBLISH_REQUIRED	platform-runtime
src/migration/domain/model.sh	PUBLISH_REQUIRED	platform-runtime
src/migration/domain/plan.sh	PUBLISH_REQUIRED	platform-runtime
src/migration/domain/report.sh	PUBLISH_REQUIRED	platform-runtime
src/migration/domain/source_inspection.sh	PUBLISH_REQUIRED	platform-runtime
src/migration/domain/strategy.sh	PUBLISH_REQUIRED	platform-runtime
src/migration/domain/targeting.sh	PUBLISH_REQUIRED	platform-runtime
src/migration/filestore/assemble.sh	PUBLISH_REQUIRED	platform-runtime
src/migration/filestore/delta.sh	PUBLISH_REQUIRED	platform-runtime
src/migration/filestore/inventory.sh	PUBLISH_REQUIRED	platform-runtime
src/migration/filestore/manifest.sh	PUBLISH_REQUIRED	platform-runtime
src/migration/filestore/presync.sh	PUBLISH_REQUIRED	platform-runtime
src/migration/filestore/reconcile.sh	PUBLISH_REQUIRED	platform-runtime
src/migration/filestore/transfer.sh	PUBLISH_REQUIRED	platform-runtime
src/migration/final_cutover_sync/engine.sh	PUBLISH_REQUIRED	platform-runtime
src/migration/final_cutover_sync/freeze.sh	PUBLISH_REQUIRED	platform-runtime
src/migration/final_sync/database.sh	PUBLISH_REQUIRED	platform-runtime
src/migration/final_sync/filestore.sh	PUBLISH_REQUIRED	platform-runtime
src/migration/final_sync/freeze.sh	PUBLISH_REQUIRED	platform-runtime
src/migration/final_sync/preflight.sh	PUBLISH_REQUIRED	platform-runtime
src/migration/final_sync/recovery.sh	PUBLISH_REQUIRED	platform-runtime
src/migration/final_sync/release.sh	PUBLISH_REQUIRED	platform-runtime
src/migration/final_sync/write_guard.sh	PUBLISH_REQUIRED	platform-runtime
src/migration/landing/cleanup.sh	PUBLISH_REQUIRED	platform-runtime
src/migration/landing/content.sh	PUBLISH_REQUIRED	platform-runtime
src/migration/landing/headers.sh	PUBLISH_REQUIRED	platform-runtime
src/migration/landing/health.sh	PUBLISH_REQUIRED	platform-runtime
src/migration/landing/nginx.sh	PUBLISH_REQUIRED	platform-runtime
src/migration/pairing/engine.sh	PUBLISH_REQUIRED	platform-runtime
src/migration/pairing/offline.sh	PUBLISH_REQUIRED	platform-runtime
src/migration/phase21_readiness/engine.sh	PUBLISH_REQUIRED	platform-runtime
src/migration/phase22_readiness/engine.sh	PUBLISH_REQUIRED	platform-runtime
src/migration/phase23_readiness/drift.sh	PUBLISH_REQUIRED	platform-runtime
src/migration/phase23_readiness/engine.sh	PUBLISH_REQUIRED	platform-runtime
src/migration/phase23_readiness/model.sh	PUBLISH_REQUIRED	platform-runtime
src/migration/phase23_readiness/report.sh	PUBLISH_REQUIRED	platform-runtime
src/migration/phase23_readiness/validate.sh	PUBLISH_REQUIRED	platform-runtime
src/migration/production_domain/dns.sh	PUBLISH_REQUIRED	platform-runtime
src/migration/production_domain/nginx.sh	PUBLISH_REQUIRED	platform-runtime
src/migration/production_domain/propagation.sh	PUBLISH_REQUIRED	platform-runtime
src/migration/production_domain/tls.sh	PUBLISH_REQUIRED	platform-runtime
src/migration/readiness/engine.sh	PUBLISH_REQUIRED	platform-runtime
src/migration/rebind/engine.sh	PUBLISH_REQUIRED	platform-runtime
src/migration/retirement/engine.sh	PUBLISH_REQUIRED	platform-runtime
src/migration/retirement/inventory.sh	PUBLISH_REQUIRED	platform-runtime
src/migration/retirement/manual.sh	PUBLISH_REQUIRED	platform-runtime
src/migration/retirement/model.sh	PUBLISH_REQUIRED	platform-runtime
src/migration/retirement/provider.sh	PUBLISH_REQUIRED	platform-runtime
src/migration/retirement/readiness.sh	PUBLISH_REQUIRED	platform-runtime
src/migration/retirement/report.sh	PUBLISH_REQUIRED	platform-runtime
src/migration/retirement/suspend.sh	PUBLISH_REQUIRED	platform-runtime
src/migration/rollback/engine.sh	PUBLISH_REQUIRED	platform-runtime
src/migration/rollback_closure/close.sh	PUBLISH_REQUIRED	platform-runtime
src/migration/rollback_closure/codes.sh	PUBLISH_REQUIRED	platform-runtime
src/migration/rollback_closure/confirmation.sh	PUBLISH_REQUIRED	platform-runtime
src/migration/rollback_closure/eligibility.sh	PUBLISH_REQUIRED	platform-runtime
src/migration/rollback_closure/engine.sh	PUBLISH_REQUIRED	platform-runtime
src/migration/rollback_closure/model.sh	PUBLISH_REQUIRED	platform-runtime
src/migration/rollback_closure/receipt.sh	PUBLISH_REQUIRED	platform-runtime
src/migration/rollback_closure/recover.sh	PUBLISH_REQUIRED	platform-runtime
src/migration/rollback_closure/status.sh	PUBLISH_REQUIRED	platform-runtime
src/migration/routing/abort.sh	PUBLISH_REQUIRED	platform-runtime
src/migration/routing/destination_plan.sh	PUBLISH_REQUIRED	platform-runtime
src/migration/routing/drift.sh	PUBLISH_REQUIRED	platform-runtime
src/migration/routing/readiness.sh	PUBLISH_REQUIRED	platform-runtime
src/migration/routing/source_guard.sh	PUBLISH_REQUIRED	platform-runtime
src/migration/source_archive/addons.sh	PUBLISH_REQUIRED	platform-runtime
src/migration/source_archive/cert_gates.sh	PUBLISH_REQUIRED	platform-runtime
src/migration/source_archive/certificates.sh	PUBLISH_REQUIRED	platform-runtime
src/migration/source_archive/codes.sh	PUBLISH_REQUIRED	platform-runtime
src/migration/source_archive/config.sh	PUBLISH_REQUIRED	platform-runtime
src/migration/source_archive/database.sh	PUBLISH_REQUIRED	platform-runtime
src/migration/source_archive/dns.sh	PUBLISH_REQUIRED	platform-runtime
src/migration/source_archive/encryption.sh	PUBLISH_REQUIRED	platform-runtime
src/migration/source_archive/engine.sh	PUBLISH_REQUIRED	platform-runtime
src/migration/source_archive/filestore.sh	PUBLISH_REQUIRED	platform-runtime
src/migration/source_archive/full_erp_restore_test.sh	PUBLISH_REQUIRED	platform-runtime
src/migration/source_archive/infrastructure.sh	PUBLISH_REQUIRED	platform-runtime
src/migration/source_archive/inventory.sh	PUBLISH_REQUIRED	platform-runtime
src/migration/source_archive/manifest.sh	PUBLISH_REQUIRED	platform-runtime
src/migration/source_archive/model.sh	PUBLISH_REQUIRED	platform-runtime
src/migration/source_archive/paths.sh	PUBLISH_REQUIRED	platform-runtime
src/migration/source_archive/recover.sh	PUBLISH_REQUIRED	platform-runtime
src/migration/source_archive/report.sh	PUBLISH_REQUIRED	platform-runtime
src/migration/source_archive/restore_test.sh	PUBLISH_REQUIRED	platform-runtime
src/migration/source_archive/secret_inventory.sh	PUBLISH_REQUIRED	platform-runtime
src/migration/source_archive/signing.sh	PUBLISH_REQUIRED	platform-runtime
src/migration/source_archive/stages.sh	PUBLISH_REQUIRED	platform-runtime
src/migration/source_archive/status.sh	PUBLISH_REQUIRED	platform-runtime
src/migration/source_archive/store.sh	PUBLISH_REQUIRED	platform-runtime
src/migration/source_archive/targeting.sh	PUBLISH_REQUIRED	platform-runtime
src/migration/source_archive/verify.sh	PUBLISH_REQUIRED	platform-runtime
src/migration/source_finalization/codes.sh	PUBLISH_REQUIRED	platform-runtime
src/migration/source_finalization/credentials.sh	PUBLISH_REQUIRED	platform-runtime
src/migration/source_finalization/engine.sh	PUBLISH_REQUIRED	platform-runtime
src/migration/source_finalization/integrations.sh	PUBLISH_REQUIRED	platform-runtime
src/migration/source_finalization/license.sh	PUBLISH_REQUIRED	platform-runtime
src/migration/source_finalization/license_guard.sh	PUBLISH_REQUIRED	platform-runtime
src/migration/source_finalization/model.sh	PUBLISH_REQUIRED	platform-runtime
src/migration/source_finalization/postgres.sh	PUBLISH_REQUIRED	platform-runtime
src/migration/source_finalization/quarantine.sh	PUBLISH_REQUIRED	platform-runtime
src/migration/source_finalization/recover.sh	PUBLISH_REQUIRED	platform-runtime
src/migration/source_finalization/routing.sh	PUBLISH_REQUIRED	platform-runtime
src/migration/source_finalization/runtime.sh	PUBLISH_REQUIRED	platform-runtime
src/migration/source_finalization/verify.sh	PUBLISH_REQUIRED	platform-runtime
src/migration/source_transition/engine.sh	PUBLISH_REQUIRED	platform-runtime
src/migration/stabilization/backups.sh	PUBLISH_REQUIRED	platform-runtime
src/migration/stabilization/clock.sh	PUBLISH_REQUIRED	platform-runtime
src/migration/stabilization/codes.sh	PUBLISH_REQUIRED	platform-runtime
src/migration/stabilization/engine.sh	PUBLISH_REQUIRED	platform-runtime
src/migration/stabilization/health.sh	PUBLISH_REQUIRED	platform-runtime
src/migration/stabilization/incidents.sh	PUBLISH_REQUIRED	platform-runtime
src/migration/stabilization/integrations.sh	PUBLISH_REQUIRED	platform-runtime
src/migration/stabilization/model.sh	PUBLISH_REQUIRED	platform-runtime
src/migration/stabilization/observe.sh	PUBLISH_REQUIRED	platform-runtime
src/migration/stabilization/report.sh	PUBLISH_REQUIRED	platform-runtime
src/migration/stabilization/stages.sh	PUBLISH_REQUIRED	platform-runtime
src/migration/stabilization/targeting.sh	PUBLISH_REQUIRED	platform-runtime
src/migration/stabilization/traffic.sh	PUBLISH_REQUIRED	platform-runtime
src/migration/stabilization/validate.sh	PUBLISH_REQUIRED	platform-runtime
src/migration/stage_cutover/engine.sh	PUBLISH_REQUIRED	platform-runtime
src/migration/stages/eligibility.sh	PUBLISH_REQUIRED	platform-runtime
src/migration/stages/selection.sh	PUBLISH_REQUIRED	platform-runtime
src/migration/stages/transfer.sh	PUBLISH_REQUIRED	platform-runtime
src/migration/stages/verify.sh	PUBLISH_REQUIRED	platform-runtime
src/migration/staging/addons.sh	PUBLISH_REQUIRED	platform-runtime
src/migration/staging/capacity.sh	PUBLISH_REQUIRED	platform-runtime
src/migration/staging/cleanup.sh	PUBLISH_REQUIRED	platform-runtime
src/migration/staging/database.sh	PUBLISH_REQUIRED	platform-runtime
src/migration/staging/filestore.sh	PUBLISH_REQUIRED	platform-runtime
src/migration/staging/identity.sh	PUBLISH_REQUIRED	platform-runtime
src/migration/staging/neutralize.sh	PUBLISH_REQUIRED	platform-runtime
src/migration/staging/retention.sh	PUBLISH_REQUIRED	platform-runtime
src/migration/staging/startup.sh	PUBLISH_REQUIRED	platform-runtime
src/migration/staging/validate.sh	PUBLISH_REQUIRED	platform-runtime
src/migration/tls/acme.sh	PUBLISH_REQUIRED	platform-runtime
src/migration/tls/engine.sh	PUBLISH_REQUIRED	platform-runtime
src/migration/tls/pebble.sh	PUBLISH_REQUIRED	platform-runtime
src/migration/tls/policy.sh	PUBLISH_REQUIRED	platform-runtime
src/migration/tls/storage.sh	PUBLISH_REQUIRED	platform-runtime
src/migration/tls/verify.sh	PUBLISH_REQUIRED	platform-runtime
src/migration/token/eligibility.sh	PUBLISH_REQUIRED	platform-runtime
src/migration/transfer/backup_gate.sh	PUBLISH_REQUIRED	platform-runtime
src/migration/transfer/bandwidth.sh	PUBLISH_REQUIRED	platform-runtime
src/migration/transfer/cert_gates.sh	PUBLISH_REQUIRED	platform-runtime
src/migration/transfer/channel.sh	PUBLISH_REQUIRED	platform-runtime
src/migration/transfer/chunks.sh	PUBLISH_REQUIRED	platform-runtime
src/migration/transfer/cleanup.sh	PUBLISH_REQUIRED	platform-runtime
src/migration/transfer/codes.sh	PUBLISH_REQUIRED	platform-runtime
src/migration/transfer/compression.sh	PUBLISH_REQUIRED	platform-runtime
src/migration/transfer/engine.sh	PUBLISH_REQUIRED	platform-runtime
src/migration/transfer/manifest.sh	PUBLISH_REQUIRED	platform-runtime
src/migration/transfer/model.sh	PUBLISH_REQUIRED	platform-runtime
src/migration/transfer/resume.sh	PUBLISH_REQUIRED	platform-runtime
src/migration/transfer/targeting.sh	PUBLISH_REQUIRED	platform-runtime
src/migration/transfer/verify.sh	PUBLISH_REQUIRED	platform-runtime
src/nginx/ownership.sh	PUBLISH_REQUIRED	platform-runtime
src/nginx/render.sh	PUBLISH_REQUIRED	platform-runtime
src/offline_bundle/cert_gates.sh	PUBLISH_REQUIRED	platform-runtime
src/offline_bundle/codes.sh	PUBLISH_REQUIRED	platform-runtime
src/offline_bundle/entitlement.sh	PUBLISH_REQUIRED	platform-runtime
src/offline_bundle/export/registry.sh	PUBLISH_REQUIRED	platform-runtime
src/offline_bundle/import.sh	PUBLISH_REQUIRED	platform-runtime
src/offline_bundle/package.sh	PUBLISH_REQUIRED	platform-runtime
src/offline_bundle/paths.sh	PUBLISH_REQUIRED	platform-runtime
src/offline_bundle/replay.sh	PUBLISH_REQUIRED	platform-runtime
src/offline_trust/keys.sh	PUBLISH_REQUIRED	platform-runtime
src/offline_update/apply.sh	PUBLISH_REQUIRED	platform-runtime
src/offline_update/reconcile.sh	PUBLISH_REQUIRED	platform-runtime
src/operations/engine.sh	PUBLISH_REQUIRED	platform-runtime
src/operations/state_machine.sh	PUBLISH_REQUIRED	platform-runtime
src/operations/systemd_unit.sh	PUBLISH_REQUIRED	platform-runtime
src/ops/adapters.sh	PUBLISH_REQUIRED	platform-runtime
src/ops/cancellation.sh	PUBLISH_REQUIRED	platform-runtime
src/ops/cli_helpers.sh	PUBLISH_REQUIRED	platform-runtime
src/ops/codes.sh	PUBLISH_REQUIRED	platform-runtime
src/ops/conflicts.sh	PUBLISH_REQUIRED	platform-runtime
src/ops/events.sh	PUBLISH_REQUIRED	platform-runtime
src/ops/heartbeat.sh	PUBLISH_REQUIRED	platform-runtime
src/ops/history.sh	PUBLISH_REQUIRED	platform-runtime
src/ops/locks.sh	PUBLISH_REQUIRED	platform-runtime
src/ops/logs.sh	PUBLISH_REQUIRED	platform-runtime
src/ops/migration.sh	PUBLISH_REQUIRED	platform-runtime
src/ops/paths.sh	PUBLISH_REQUIRED	platform-runtime
src/ops/reconciliation.sh	PUBLISH_REQUIRED	platform-runtime
src/ops/recovery.sh	PUBLISH_REQUIRED	platform-runtime
src/ops/registry.sh	PUBLISH_REQUIRED	platform-runtime
src/ops/retry.sh	PUBLISH_REQUIRED	platform-runtime
src/ops/scheduler.sh	PUBLISH_REQUIRED	platform-runtime
src/ops/schema.sh	PUBLISH_REQUIRED	platform-runtime
src/ops/sync.sh	PUBLISH_REQUIRED	platform-runtime
src/ops/systemd.sh	PUBLISH_REQUIRED	platform-runtime
src/ops/transitions.sh	PUBLISH_REQUIRED	platform-runtime
src/ops/workers.sh	PUBLISH_REQUIRED	platform-runtime
src/registry/manifest_verify.sh	PUBLISH_REQUIRED	platform-runtime
src/registry/pull_client.sh	PUBLISH_REQUIRED	platform-runtime
src/restore/candidate.sh	PUBLISH_REQUIRED	platform-runtime
src/restore/codes.sh	PUBLISH_REQUIRED	platform-runtime
src/restore/compatibility.sh	PUBLISH_REQUIRED	platform-runtime
src/restore/database.sh	PUBLISH_REQUIRED	platform-runtime
src/restore/engine.sh	PUBLISH_REQUIRED	platform-runtime
src/restore/filestore.sh	PUBLISH_REQUIRED	platform-runtime
src/restore/metadata.sh	PUBLISH_REQUIRED	platform-runtime
src/restore/preflight.sh	PUBLISH_REQUIRED	platform-runtime
src/restore/recovery.sh	PUBLISH_REQUIRED	platform-runtime
src/restore/rollback.sh	PUBLISH_REQUIRED	platform-runtime
src/restore/stage_restore.sh	PUBLISH_REQUIRED	platform-runtime
src/restore/switch.sh	PUBLISH_REQUIRED	platform-runtime
src/restore/targeting.sh	PUBLISH_REQUIRED	platform-runtime
src/restore/validate.sh	PUBLISH_REQUIRED	platform-runtime
src/security/backup_safety/disk.sh	PUBLISH_REQUIRED	platform-runtime
src/security/backup_safety/encryption.sh	PUBLISH_REQUIRED	platform-runtime
src/security/backup_safety/gate.sh	PUBLISH_REQUIRED	platform-runtime
src/security/backup_safety/integrity.sh	PUBLISH_REQUIRED	platform-runtime
src/security/backup_safety/posture.sh	PUBLISH_REQUIRED	platform-runtime
src/security/backup_safety/report.sh	PUBLISH_REQUIRED	platform-runtime
src/security/backup_safety/restore_verify.sh	PUBLISH_REQUIRED	platform-runtime
src/security/backup_safety/retention.sh	PUBLISH_REQUIRED	platform-runtime
src/security/backup_safety/secret_scan.sh	PUBLISH_REQUIRED	platform-runtime
src/security/codes.sh	PUBLISH_REQUIRED	platform-runtime
src/security/detection/addon_scan.sh	PUBLISH_REQUIRED	platform-runtime
src/security/detection/db_baseline.sh	PUBLISH_REQUIRED	platform-runtime
src/security/detection/db_context.sh	PUBLISH_REQUIRED	platform-runtime
src/security/detection/db_scan.sh	PUBLISH_REQUIRED	platform-runtime
src/security/detection/evidence.sh	PUBLISH_REQUIRED	platform-runtime
src/security/detection/host_integrity.sh	PUBLISH_REQUIRED	platform-runtime
src/security/detection/network_ioc.sh	PUBLISH_REQUIRED	platform-runtime
src/security/detection/persistence_scan.sh	PUBLISH_REQUIRED	platform-runtime
src/security/detection/process_scan.sh	PUBLISH_REQUIRED	platform-runtime
src/security/detection/retention.sh	PUBLISH_REQUIRED	platform-runtime
src/security/detection/s3_gate.sh	PUBLISH_REQUIRED	platform-runtime
src/security/detection/s3_report.sh	PUBLISH_REQUIRED	platform-runtime
src/security/detection/tooling_policy.sh	PUBLISH_REQUIRED	platform-runtime
src/security/detection/yara_scan.sh	PUBLISH_REQUIRED	platform-runtime
src/security/dist_scan.sh	PUBLISH_REQUIRED	platform-runtime
src/security/key_fingerprints.sh	PUBLISH_REQUIRED	platform-runtime
src/security/platform/brute_force.sh	PUBLISH_REQUIRED	platform-runtime
src/security/platform/cloudflare.sh	PUBLISH_REQUIRED	platform-runtime
src/security/platform/credential_policy.sh	PUBLISH_REQUIRED	platform-runtime
src/security/platform/critical_gate.sh	PUBLISH_REQUIRED	platform-runtime
src/security/platform/docker_containment.sh	PUBLISH_REQUIRED	platform-runtime
src/security/platform/docker_firewall.sh	PUBLISH_REQUIRED	platform-runtime
src/security/platform/edge.sh	PUBLISH_REQUIRED	platform-runtime
src/security/platform/firewall.sh	PUBLISH_REQUIRED	platform-runtime
src/security/platform/firewall_firewalld.sh	PUBLISH_REQUIRED	platform-runtime
src/security/platform/firewall_nftables.sh	PUBLISH_REQUIRED	platform-runtime
src/security/platform/firewall_ufw.sh	PUBLISH_REQUIRED	platform-runtime
src/security/platform/host_baseline.sh	PUBLISH_REQUIRED	platform-runtime
src/security/platform/legacy_bridge.sh	PUBLISH_REQUIRED	platform-runtime
src/security/platform/management_surface.sh	PUBLISH_REQUIRED	platform-runtime
src/security/platform/nginx_edge.sh	PUBLISH_REQUIRED	platform-runtime
src/security/platform/odoo_defaults.sh	PUBLISH_REQUIRED	platform-runtime
src/security/platform/odoo_exposure.sh	PUBLISH_REQUIRED	platform-runtime
src/security/platform/persistence_audit.sh	PUBLISH_REQUIRED	platform-runtime
src/security/platform/postgres_network.sh	PUBLISH_REQUIRED	platform-runtime
src/security/platform/postgres_roles.sh	PUBLISH_REQUIRED	platform-runtime
src/security/platform/remediate_existing.sh	PUBLISH_REQUIRED	platform-runtime
src/security/platform/report.sh	PUBLISH_REQUIRED	platform-runtime
src/security/platform/rollback.sh	PUBLISH_REQUIRED	platform-runtime
src/security/platform/s2_gate.sh	PUBLISH_REQUIRED	platform-runtime
src/security/platform/s2_rollback.sh	PUBLISH_REQUIRED	platform-runtime
src/security/platform/secrets_baseline.sh	PUBLISH_REQUIRED	platform-runtime
src/security/platform/ssh.sh	PUBLISH_REQUIRED	platform-runtime
src/security/platform/websocket_topology.sh	PUBLISH_REQUIRED	platform-runtime
src/security/quarantine/archive_validate.sh	PUBLISH_REQUIRED	platform-runtime
src/security/quarantine/classify_source.sh	PUBLISH_REQUIRED	platform-runtime
src/security/quarantine/cleanup.sh	PUBLISH_REQUIRED	platform-runtime
src/security/quarantine/cron.sh	PUBLISH_REQUIRED	platform-runtime
src/security/quarantine/filestore.sh	PUBLISH_REQUIRED	platform-runtime
src/security/quarantine/gate.sh	PUBLISH_REQUIRED	platform-runtime
src/security/quarantine/integrations.sh	PUBLISH_REQUIRED	platform-runtime
src/security/quarantine/mail.sh	PUBLISH_REQUIRED	platform-runtime
src/security/quarantine/migration.sh	PUBLISH_REQUIRED	platform-runtime
src/security/quarantine/network.sh	PUBLISH_REQUIRED	platform-runtime
src/security/quarantine/preboot_scan.sh	PUBLISH_REQUIRED	platform-runtime
src/security/quarantine/promotion.sh	PUBLISH_REQUIRED	platform-runtime
src/security/quarantine/report.sh	PUBLISH_REQUIRED	platform-runtime
src/security/quarantine/restore.sh	PUBLISH_REQUIRED	platform-runtime
src/security/quarantine/rollback.sh	PUBLISH_REQUIRED	platform-runtime
src/security/quarantine/secrets.sh	PUBLISH_REQUIRED	platform-runtime
src/security/quarantine/state.sh	PUBLISH_REQUIRED	platform-runtime
src/security/readiness.sh	PUBLISH_REQUIRED	platform-runtime
src/security/registry_hygiene.sh	PUBLISH_REQUIRED	platform-runtime
src/security/replay_audit.sh	PUBLISH_REQUIRED	platform-runtime
src/security/secret_hygiene.sh	PUBLISH_REQUIRED	platform-runtime
src/security/signatures.sh	PUBLISH_REQUIRED	platform-runtime
src/security/signer_purpose.sh	PUBLISH_REQUIRED	platform-runtime
src/security/test_flag_policy.sh	PUBLISH_REQUIRED	platform-runtime
src/security/update_safety/apt_lock.sh	PUBLISH_REQUIRED	platform-runtime
src/security/update_safety/baseline.sh	PUBLISH_REQUIRED	platform-runtime
src/security/update_safety/dns.sh	PUBLISH_REQUIRED	platform-runtime
src/security/update_safety/gate.sh	PUBLISH_REQUIRED	platform-runtime
src/security/update_safety/network.sh	PUBLISH_REQUIRED	platform-runtime
src/security/update_safety/outbound.sh	PUBLISH_REQUIRED	platform-runtime
src/security/update_safety/package_policy.sh	PUBLISH_REQUIRED	platform-runtime
src/security/update_safety/pdf.sh	PUBLISH_REQUIRED	platform-runtime
src/security/update_safety/reboot.sh	PUBLISH_REQUIRED	platform-runtime
src/security/update_safety/report.sh	PUBLISH_REQUIRED	platform-runtime
src/security/update_safety/restart.sh	PUBLISH_REQUIRED	platform-runtime
src/security/update_safety/rollback.sh	PUBLISH_REQUIRED	platform-runtime
src/ssl/backoff.sh	PUBLISH_REQUIRED	platform-runtime
src/ssl/challenge.sh	PUBLISH_REQUIRED	platform-runtime
src/ssl/codes.sh	PUBLISH_REQUIRED	platform-runtime
src/ssl/engine.sh	PUBLISH_REQUIRED	platform-runtime
src/ssl/inventory.sh	PUBLISH_REQUIRED	platform-runtime
src/ssl/letsencrypt.sh	PUBLISH_REQUIRED	platform-runtime
src/ssl/lifecycle_sm.sh	PUBLISH_REQUIRED	platform-runtime
src/ssl/local_ca.sh	PUBLISH_REQUIRED	platform-runtime
src/ssl/monitor.sh	PUBLISH_REQUIRED	platform-runtime
src/ssl/paths.sh	PUBLISH_REQUIRED	platform-runtime
src/ssl/policy.sh	PUBLISH_REQUIRED	platform-runtime
src/ssl/promote.sh	PUBLISH_REQUIRED	platform-runtime
src/ssl/provider.sh	PUBLISH_REQUIRED	platform-runtime
src/ssl/readiness.sh	PUBLISH_REQUIRED	platform-runtime
src/ssl/validate.sh	PUBLISH_REQUIRED	platform-runtime
src/stage/admission.sh	PUBLISH_REQUIRED	platform-runtime
src/stage/checkpoint.sh	PUBLISH_REQUIRED	platform-runtime
src/stage/clone.sh	PUBLISH_REQUIRED	platform-runtime
src/stage/codes.sh	PUBLISH_REQUIRED	platform-runtime
src/stage/domain_ssl.sh	PUBLISH_REQUIRED	platform-runtime
src/stage/engine.sh	PUBLISH_REQUIRED	platform-runtime
src/stage/inventory.sh	PUBLISH_REQUIRED	platform-runtime
src/stage/lifecycle.sh	PUBLISH_REQUIRED	platform-runtime
src/stage/neutralization.sh	PUBLISH_REQUIRED	platform-runtime
src/stage/paths.sh	PUBLISH_REQUIRED	platform-runtime
src/stage/pg.sh	PUBLISH_REQUIRED	platform-runtime
src/stage/production.sh	PUBLISH_REQUIRED	platform-runtime
src/stage/retention_banner.sh	PUBLISH_REQUIRED	platform-runtime
src/stage/retention_calendar.sh	PUBLISH_REQUIRED	platform-runtime
src/stage/retention_codes.sh	PUBLISH_REQUIRED	platform-runtime
src/stage/retention_engine.sh	PUBLISH_REQUIRED	platform-runtime
src/stage/retention_extend.sh	PUBLISH_REQUIRED	platform-runtime
src/stage/retention_inventory.sh	PUBLISH_REQUIRED	platform-runtime
src/stage/retention_safe_shield.sh	PUBLISH_REQUIRED	platform-runtime
src/stage/runtime.sh	PUBLISH_REQUIRED	platform-runtime
src/stage/snapshot.sh	PUBLISH_REQUIRED	platform-runtime
src/stage/state_machine.sh	PUBLISH_REQUIRED	platform-runtime
src/tenant/identity.sh	PUBLISH_REQUIRED	platform-runtime
src/tenant/secrets.sh	PUBLISH_REQUIRED	platform-runtime
src/ui/consent.sh	PUBLISH_REQUIRED	platform-runtime
src/ui/dashboard.sh	PUBLISH_REQUIRED	platform-runtime
src/update/backup.sh	PUBLISH_REQUIRED	platform-runtime
src/update/candidate.sh	PUBLISH_REQUIRED	platform-runtime
src/update/capacity.sh	PUBLISH_REQUIRED	platform-runtime
src/update/codes.sh	PUBLISH_REQUIRED	platform-runtime
src/update/engine.sh	PUBLISH_REQUIRED	platform-runtime
src/update/entitlement.sh	PUBLISH_REQUIRED	platform-runtime
src/update/images/classify.sh	PUBLISH_REQUIRED	platform-runtime
src/update/images/cleanup.sh	PUBLISH_REQUIRED	platform-runtime
src/update/images/codes.sh	PUBLISH_REQUIRED	platform-runtime
src/update/images/inventory.sh	PUBLISH_REQUIRED	platform-runtime
src/update/images/ownership.sh	PUBLISH_REQUIRED	platform-runtime
src/update/images/references.sh	PUBLISH_REQUIRED	platform-runtime
src/update/images/reporting.sh	PUBLISH_REQUIRED	platform-runtime
src/update/images/scheduler.sh	PUBLISH_REQUIRED	platform-runtime
src/update/images/usage.sh	PUBLISH_REQUIRED	platform-runtime
src/update/interrupt.sh	PUBLISH_REQUIRED	platform-runtime
src/update/license_guard_candidate.sh	PUBLISH_REQUIRED	platform-runtime
src/update/offline.sh	PUBLISH_REQUIRED	platform-runtime
src/update/paths.sh	PUBLISH_REQUIRED	platform-runtime
src/update/preflight.sh	PUBLISH_REQUIRED	platform-runtime
src/update/real_docker.sh	PUBLISH_REQUIRED	platform-runtime
src/update/release.sh	PUBLISH_REQUIRED	platform-runtime
src/update/rollback.sh	PUBLISH_REQUIRED	platform-runtime
src/update/switch.sh	PUBLISH_REQUIRED	platform-runtime
src/update/targeting.sh	PUBLISH_REQUIRED	platform-runtime
src/update/upgrade.sh	PUBLISH_REQUIRED	platform-runtime
src/update/validate.sh	PUBLISH_REQUIRED	platform-runtime
src/version.sh	PUBLISH_REQUIRED	platform-runtime
tests/final_certification/addon_compatibility.sh	PUBLISH_REQUIRED	platform-runtime
tests/final_certification/artifact.sh	PUBLISH_REQUIRED	platform-runtime
tests/final_certification/baseline.sh	PUBLISH_REQUIRED	platform-runtime
tests/final_certification/docs_sync.sh	PUBLISH_REQUIRED	platform-runtime
tests/final_certification/e2e_matrix.sh	PUBLISH_REQUIRED	platform-runtime
tests/final_certification/evidence.sh	PUBLISH_REQUIRED	platform-runtime
tests/final_certification/finalizer.sh	PUBLISH_REQUIRED	platform-runtime
tests/final_certification/release_checklist.sh	PUBLISH_REQUIRED	platform-runtime
tests/final_certification/saas_matrix.sh	PUBLISH_REQUIRED	platform-runtime
tests/final_certification/security_matrix.sh	PUBLISH_REQUIRED	platform-runtime
tests/final_certification/sovereignty_matrix.sh	PUBLISH_REQUIRED	platform-runtime
tests/helpers/assert.sh	PUBLISH_REQUIRED	platform-runtime
tests/helpers/fixture_preflight_reset.sh	PUBLISH_REQUIRED	platform-runtime
tests/helpers/integration_env.sh	PUBLISH_REQUIRED	platform-runtime
tests/helpers/issue_offline_package.mjs	PUBLISH_REQUIRED	platform-runtime
tests/helpers/issue_stage_ticket.mjs	PUBLISH_REQUIRED	platform-runtime
tests/helpers/odoo_activate_stub.sh	PUBLISH_REQUIRED	platform-runtime
tests/helpers/p21_auth_dns_server.py	PUBLISH_REQUIRED	platform-runtime
tests/helpers/p25_cert.sh	PUBLISH_REQUIRED	platform-runtime
tests/helpers/phase19_cert.sh	PUBLISH_REQUIRED	platform-runtime
tests/helpers/phase20_fixture.sh	PUBLISH_REQUIRED	platform-runtime
tests/helpers/phase21_fixture.sh	PUBLISH_REQUIRED	platform-runtime
tests/helpers/phase22_cert.sh	PUBLISH_REQUIRED	platform-runtime
tests/helpers/phase22_fixture.sh	PUBLISH_REQUIRED	platform-runtime
tests/helpers/phase23_cert.sh	PUBLISH_REQUIRED	platform-runtime
tests/helpers/rg_fallback.sh	PUBLISH_REQUIRED	platform-runtime
tests/helpers/s1_platform.sh	PUBLISH_REQUIRED	platform-runtime
tests/helpers/s6_cert.sh	PUBLISH_REQUIRED	platform-runtime
tests/helpers/stage_live_pg.sh	PUBLISH_REQUIRED	platform-runtime
tests/integration/mock_saas_server.py	PUBLISH_REQUIRED	platform-runtime
tests/integration/patch_test_pubkey.py	PUBLISH_REQUIRED	platform-runtime
tests/integration/run_erp_orm_e2e.sh	PUBLISH_REQUIRED	platform-runtime
tests/integration/test_backup_restore_e2e.sh	PUBLISH_REQUIRED	platform-runtime
tests/integration/test_backup_s3_real.sh	PUBLISH_REQUIRED	platform-runtime
tests/integration/test_backup_sftp_real.sh	PUBLISH_REQUIRED	platform-runtime
tests/integration/test_cleanup_boundaries.sh	PUBLISH_REQUIRED	platform-runtime
tests/integration/test_disconnect_resume.sh	PUBLISH_REQUIRED	platform-runtime
tests/integration/test_guard_license_tools.py	PUBLISH_REQUIRED	platform-runtime
tests/integration/test_migration_destination_host_real.sh	PUBLISH_REQUIRED	platform-runtime
tests/integration/test_migration_mtls_real.sh	PUBLISH_REQUIRED	platform-runtime
tests/integration/test_migration_offline_pairing_real.sh	PUBLISH_REQUIRED	platform-runtime
tests/integration/test_migration_readiness_real.sh	PUBLISH_REQUIRED	platform-runtime
tests/integration/test_migration_signed_installer_real.sh	PUBLISH_REQUIRED	platform-runtime
tests/integration/test_migration_source_non_disruption_real.sh	PUBLISH_REQUIRED	platform-runtime
tests/integration/test_migration_token_non_consumption_real.sh	PUBLISH_REQUIRED	platform-runtime
tests/integration/test_new_automatic_path.sh	PUBLISH_REQUIRED	platform-runtime
tests/integration/test_new_manual_path.sh	PUBLISH_REQUIRED	platform-runtime
tests/integration/test_ops_canonical_sync_e2e.sh	PUBLISH_REQUIRED	platform-runtime
tests/integration/test_ops_unified_e2e.sh	PUBLISH_REQUIRED	platform-runtime
tests/integration/test_phase16_reboot_matrix.sh	PUBLISH_REQUIRED	platform-runtime
tests/integration/test_phase17_multi_tenant_isolation.sh	PUBLISH_REQUIRED	platform-runtime
tests/integration/test_phase17_reboot_matrix.sh	PUBLISH_REQUIRED	platform-runtime
tests/integration/test_phase18_domain_dns_landing_tls_e2e.sh	PUBLISH_REQUIRED	platform-runtime
tests/integration/test_phase18_multi_tenant_isolation.sh	PUBLISH_REQUIRED	platform-runtime
tests/integration/test_phase18_reboot_matrix.sh	PUBLISH_REQUIRED	platform-runtime
tests/integration/test_phase19_failure_injection_matrix.sh	PUBLISH_REQUIRED	platform-runtime
tests/integration/test_phase19_host_reboot_matrix.sh	PUBLISH_REQUIRED	platform-runtime
tests/integration/test_phase19_multi_tenant_isolation.sh	PUBLISH_REQUIRED	platform-runtime
tests/integration/test_phase19_network_interruption_matrix.sh	PUBLISH_REQUIRED	platform-runtime
tests/integration/test_phase19_real_mtls_e2e.sh	PUBLISH_REQUIRED	platform-runtime
tests/integration/test_phase19_real_write_freeze.sh	PUBLISH_REQUIRED	platform-runtime
tests/integration/test_phase19_reboot_matrix.sh	PUBLISH_REQUIRED	platform-runtime
tests/integration/test_phase19_security_adversary_closure.sh	PUBLISH_REQUIRED	platform-runtime
tests/integration/test_phase19_transfer_e2e.sh	PUBLISH_REQUIRED	platform-runtime
tests/integration/test_phase20_authorization_e2e.sh	PUBLISH_REQUIRED	platform-runtime
tests/integration/test_phase20_concurrency_and_recovery.sh	PUBLISH_REQUIRED	platform-runtime
tests/integration/test_phase21_cutover_e2e.sh	PUBLISH_REQUIRED	platform-runtime
tests/integration/test_phase21_dns_authoritative.sh	PUBLISH_REQUIRED	platform-runtime
tests/integration/test_phase21_rollback_and_recovery.sh	PUBLISH_REQUIRED	platform-runtime
tests/integration/test_phase22_archive_e2e.sh	PUBLISH_REQUIRED	platform-runtime
tests/integration/test_phase22_archive_lost_ack.sh	PUBLISH_REQUIRED	platform-runtime
tests/integration/test_phase22_archived_source_reboot_persistence.sh	PUBLISH_REQUIRED	platform-runtime
tests/integration/test_phase22_certification_mode.sh	PUBLISH_REQUIRED	platform-runtime
tests/integration/test_phase22_license_finalization_response_loss.sh	PUBLISH_REQUIRED	platform-runtime
tests/integration/test_phase22_real_host_reboot_matrix.sh	PUBLISH_REQUIRED	platform-runtime
tests/integration/test_phase22_real_network_interruption_matrix.sh	PUBLISH_REQUIRED	platform-runtime
tests/integration/test_phase22_reboot_network.sh	PUBLISH_REQUIRED	platform-runtime
tests/integration/test_phase22_runtime_suspend_response_loss.sh	PUBLISH_REQUIRED	platform-runtime
tests/integration/test_phase22_s3_interruption.sh	PUBLISH_REQUIRED	platform-runtime
tests/integration/test_phase22_saas_schema_upgrade.sh	PUBLISH_REQUIRED	platform-runtime
tests/integration/test_phase22_saas_typecheck_lint_build.sh	PUBLISH_REQUIRED	platform-runtime
tests/integration/test_phase22_sftp_interruption.sh	PUBLISH_REQUIRED	platform-runtime
tests/integration/test_phase22_source_autostart_prevention.sh	PUBLISH_REQUIRED	platform-runtime
tests/integration/test_phase22_stabilization_closure.sh	PUBLISH_REQUIRED	platform-runtime
tests/integration/test_phase23_offline_bundle_integration.sh	PUBLISH_REQUIRED	platform-runtime
tests/integration/test_phase23_real_airgapped_apply.sh	PUBLISH_REQUIRED	platform-runtime
tests/integration/test_phase23_real_ed25519.sh	PUBLISH_REQUIRED	platform-runtime
tests/integration/test_phase23_real_reboot_powerloss.sh	PUBLISH_REQUIRED	platform-runtime
tests/integration/test_phase23_real_registry_oci.sh	PUBLISH_REQUIRED	platform-runtime
tests/integration/test_phase23_saas_schema_upgrade.sh	PUBLISH_REQUIRED	platform-runtime
tests/integration/test_phase23_saas_typecheck_lint_build.sh	PUBLISH_REQUIRED	platform-runtime
tests/integration/test_production_restore_real.sh	PUBLISH_REQUIRED	platform-runtime
tests/integration/test_restore_test_real.sh	PUBLISH_REQUIRED	platform-runtime
tests/integration/test_ssl_lifecycle_e2e.sh	PUBLISH_REQUIRED	platform-runtime
tests/integration/test_ssl_local_ca.sh	PUBLISH_REQUIRED	platform-runtime
tests/integration/test_stage_backup_live_db.sh	PUBLISH_REQUIRED	platform-runtime
tests/integration/test_stage_disconnect_resume_e2e.sh	PUBLISH_REQUIRED	platform-runtime
tests/integration/test_stage_live_postgres_e2e.sh	PUBLISH_REQUIRED	platform-runtime
tests/integration/test_stage_multi_integration.sh	PUBLISH_REQUIRED	platform-runtime
tests/integration/test_stage_offline_full_e2e.sh	PUBLISH_REQUIRED	platform-runtime
tests/integration/test_stage_reboot_recovery_e2e.sh	PUBLISH_REQUIRED	platform-runtime
tests/integration/test_stage_retention_e2e.sh	PUBLISH_REQUIRED	platform-runtime
tests/integration/test_update_e2e.sh	PUBLISH_REQUIRED	platform-runtime
tests/integration/test_update_final_certification.sh	PUBLISH_REQUIRED	platform-runtime
tests/phase22_authoritative_certification.sh	PUBLISH_REQUIRED	platform-runtime
tests/phase23_authoritative_certification.sh	PUBLISH_REQUIRED	platform-runtime
tests/phase23_ephemeral_certification_lifecycle.sh	PUBLISH_REQUIRED	platform-runtime
tests/phase25_final_certification.sh	PUBLISH_REQUIRED	platform-runtime
tests/run_all.sh	PUBLISH_REQUIRED	platform-runtime
tests/security/backup_safety/test_s5_backup_integrity_posture.sh	PUBLISH_REQUIRED	platform-runtime
tests/security/backup_safety/test_s5_offhost_fixture.sh	PUBLISH_REQUIRED	platform-runtime
tests/security/detection/test_addon_scan.sh	PUBLISH_REQUIRED	platform-runtime
tests/security/detection/test_baseline_safety.sh	PUBLISH_REQUIRED	platform-runtime
tests/security/detection/test_db_classifier_fixtures.sh	PUBLISH_REQUIRED	platform-runtime
tests/security/detection/test_db_failclosed_missing_model.sh	PUBLISH_REQUIRED	platform-runtime
tests/security/detection/test_db_scan_real_odoo_schema.sh	PUBLISH_REQUIRED	platform-runtime
tests/security/detection/test_evidence_failclosed_retention.sh	PUBLISH_REQUIRED	platform-runtime
tests/security/detection/test_host_persistence_fixtures.sh	PUBLISH_REQUIRED	platform-runtime
tests/security/detection/test_s3_ubuntu_guest.sh	PUBLISH_REQUIRED	platform-runtime
tests/security/detection/test_yara_process.sh	PUBLISH_REQUIRED	platform-runtime
tests/security/fixtures/secrets/synthetic.env	PUBLISH_REQUIRED	platform-runtime
tests/security/fixtures/secrets/synthetic.pem	PUBLISH_REQUIRED	platform-runtime
tests/security/platform/test_bootstrap_secret_not_in_odoo_env.sh	PUBLISH_REQUIRED	platform-runtime
tests/security/platform/test_brute_force.sh	PUBLISH_REQUIRED	platform-runtime
tests/security/platform/test_cloudflare_cache.sh	PUBLISH_REQUIRED	platform-runtime
tests/security/platform/test_docker_containment.sh	PUBLISH_REQUIRED	platform-runtime
tests/security/platform/test_edge_modes.sh	PUBLISH_REQUIRED	platform-runtime
tests/security/platform/test_fw_backend_detect.sh	PUBLISH_REQUIRED	platform-runtime
tests/security/platform/test_fw_legacy_no_flush.sh	PUBLISH_REQUIRED	platform-runtime
tests/security/platform/test_fw_no_destructive_ops.sh	PUBLISH_REQUIRED	platform-runtime
tests/security/platform/test_host_baseline.sh	PUBLISH_REQUIRED	platform-runtime
tests/security/platform/test_legacy_installer_static.sh	PUBLISH_REQUIRED	platform-runtime
tests/security/platform/test_nginx_hardening.sh	PUBLISH_REQUIRED	platform-runtime
tests/security/platform/test_odoo_functional_least_privilege.sh	PUBLISH_REQUIRED	platform-runtime
tests/security/platform/test_odoo_port_isolation.sh	PUBLISH_REQUIRED	platform-runtime
tests/security/platform/test_odoo_prod_defaults.sh	PUBLISH_REQUIRED	platform-runtime
tests/security/platform/test_persistence_audit.sh	PUBLISH_REQUIRED	platform-runtime
tests/security/platform/test_pg_copy_program_denied.sh	PUBLISH_REQUIRED	platform-runtime
tests/security/platform/test_pg_least_privilege.sh	PUBLISH_REQUIRED	platform-runtime
tests/security/platform/test_pg_network_isolation.sh	PUBLISH_REQUIRED	platform-runtime
tests/security/platform/test_pg_server_files_denied.sh	PUBLISH_REQUIRED	platform-runtime
tests/security/platform/test_rollback_no_superuser_restore.sh	PUBLISH_REQUIRED	platform-runtime
tests/security/platform/test_s1_idempotency.sh	PUBLISH_REQUIRED	platform-runtime
tests/security/platform/test_s1_real_runtime.sh	PUBLISH_REQUIRED	platform-runtime
tests/security/platform/test_s2_firewall_guest.sh	PUBLISH_REQUIRED	platform-runtime
tests/security/platform/test_s2_gate_fail_closed.sh	PUBLISH_REQUIRED	platform-runtime
tests/security/platform/test_s2_idempotency.sh	PUBLISH_REQUIRED	platform-runtime
tests/security/platform/test_s2_real_runtime.sh	PUBLISH_REQUIRED	platform-runtime
tests/security/platform/test_s2_restart_matrix.sh	PUBLISH_REQUIRED	platform-runtime
tests/security/platform/test_s2_rollback.sh	PUBLISH_REQUIRED	platform-runtime
tests/security/platform/test_s2_ssh_guest.sh	PUBLISH_REQUIRED	platform-runtime
tests/security/platform/test_security_gate_fail_closed.sh	PUBLISH_REQUIRED	platform-runtime
tests/security/platform/test_ssh_lockout_safety.sh	PUBLISH_REQUIRED	platform-runtime
tests/security/platform/test_ssh_staged.sh	PUBLISH_REQUIRED	platform-runtime
tests/security/platform/test_stage_credentials.sh	PUBLISH_REQUIRED	platform-runtime
tests/security/platform/test_trusted_proxy.sh	PUBLISH_REQUIRED	platform-runtime
tests/security/platform/test_weak_credentials.sh	PUBLISH_REQUIRED	platform-runtime
tests/security/platform/test_webmin_detect.sh	PUBLISH_REQUIRED	platform-runtime
tests/security/quarantine/test_archive_safety.sh	PUBLISH_REQUIRED	platform-runtime
tests/security/quarantine/test_hostile_clean_scan.sh	PUBLISH_REQUIRED	platform-runtime
tests/security/quarantine/test_network_egress_cron.sh	PUBLISH_REQUIRED	platform-runtime
tests/security/quarantine/test_s4_ubuntu_guest.sh	PUBLISH_REQUIRED	platform-runtime
tests/security/quarantine/test_state_promotion.sh	PUBLISH_REQUIRED	platform-runtime
tests/security/run_phase24_security.sh	PUBLISH_REQUIRED	platform-runtime
tests/security/run_s5_corr_apt_lock.sh	PUBLISH_REQUIRED	platform-runtime
tests/security/run_security_gate_s1.sh	PUBLISH_REQUIRED	platform-runtime
tests/security/run_security_gate_s2.sh	PUBLISH_REQUIRED	platform-runtime
tests/security/run_security_gate_s3.sh	PUBLISH_REQUIRED	platform-runtime
tests/security/run_security_gate_s4.sh	PUBLISH_REQUIRED	platform-runtime
tests/security/run_security_gate_s5.sh	PUBLISH_REQUIRED	platform-runtime
tests/security/run_security_gate_s6.sh	PUBLISH_REQUIRED	platform-runtime
tests/security/s6/test_s6_adversarial_matrix.sh	PUBLISH_REQUIRED	platform-runtime
tests/security/s6/test_s6_e2e_security_chain.sh	PUBLISH_REQUIRED	platform-runtime
tests/security/s6/test_s6_evidence_integrity.sh	PUBLISH_REQUIRED	platform-runtime
tests/security/s6/test_s6_full_restore_depth.sh	PUBLISH_REQUIRED	platform-runtime
tests/security/s6/test_s6_installer_parity.sh	PUBLISH_REQUIRED	platform-runtime
tests/security/s6/test_s6_open_source_stack.sh	PUBLISH_REQUIRED	platform-runtime
tests/security/s6/test_s6_real_pdf_odoo.sh	PUBLISH_REQUIRED	platform-runtime
tests/security/s6/test_s6_telemetry_egress_audit.sh	PUBLISH_REQUIRED	platform-runtime
tests/security/s6/test_s6_test_sec_matrix.sh	PUBLISH_REQUIRED	platform-runtime
tests/security/test_phase16_forbidden_operations.sh	PUBLISH_REQUIRED	platform-runtime
tests/security/test_phase16_secret_handling.sh	PUBLISH_REQUIRED	platform-runtime
tests/security/test_phase17_forbidden_operations.sh	PUBLISH_REQUIRED	platform-runtime
tests/security/test_phase17_no_payload_transfer.sh	PUBLISH_REQUIRED	platform-runtime
tests/security/test_phase17_secret_handling.sh	PUBLISH_REQUIRED	platform-runtime
tests/security/test_phase18_no_payload_transfer.sh	PUBLISH_REQUIRED	platform-runtime
tests/security/test_phase18_no_source_mutation.sh	PUBLISH_REQUIRED	platform-runtime
tests/security/test_phase19_no_cutover.sh	PUBLISH_REQUIRED	platform-runtime
tests/security/test_phase19_no_saas_relay.sh	PUBLISH_REQUIRED	platform-runtime
tests/security/test_phase19_no_token_mutation.sh	PUBLISH_REQUIRED	platform-runtime
tests/security/test_phase20_static_forbidden.sh	PUBLISH_REQUIRED	platform-runtime
tests/security/test_phase21_static_forbidden.sh	PUBLISH_REQUIRED	platform-runtime
tests/security/test_phase22_static_forbidden.sh	PUBLISH_REQUIRED	platform-runtime
tests/security/test_phase23_offline_bundle_security.sh	PUBLISH_REQUIRED	platform-runtime
tests/security/test_phase24_cross_tenant.sh	PUBLISH_REQUIRED	platform-runtime
tests/security/test_phase24_dist_scan.sh	PUBLISH_REQUIRED	platform-runtime
tests/security/test_phase24_docker_auth_cleanup.sh	PUBLISH_REQUIRED	platform-runtime
tests/security/test_phase24_key_hygiene.sh	PUBLISH_REQUIRED	platform-runtime
tests/security/test_phase24_no_duplicate_engines.sh	PUBLISH_REQUIRED	platform-runtime
tests/security/test_phase24_phase25_readiness.sh	PUBLISH_REQUIRED	platform-runtime
tests/security/test_phase24_registry_lockdown.sh	PUBLISH_REQUIRED	platform-runtime
tests/security/test_phase24_secret_scan.sh	PUBLISH_REQUIRED	platform-runtime
tests/security/test_phase24_self_update_signature.sh	PUBLISH_REQUIRED	platform-runtime
tests/security/test_phase24_signature_enforcement.sh	PUBLISH_REQUIRED	platform-runtime
tests/security/test_phase24_signer_purpose.sh	PUBLISH_REQUIRED	platform-runtime
tests/security/test_phase24_sovereignty_regression.sh	PUBLISH_REQUIRED	platform-runtime
tests/security/test_phase24_test_flag_quarantine.sh	PUBLISH_REQUIRED	platform-runtime
tests/security/test_phase24_ticket_replay.sh	PUBLISH_REQUIRED	platform-runtime
tests/security/test_postcert_websocket_parity.sh	PUBLISH_REQUIRED	platform-runtime
tests/security/update_safety/test_s5_baseline_and_matrix.sh	PUBLISH_REQUIRED	platform-runtime
tests/security/update_safety/test_s5_corr_apt_lock.sh	PUBLISH_REQUIRED	platform-runtime
tests/security/update_safety/test_s5_corr_apt_lock_guest.sh	PUBLISH_REQUIRED	platform-runtime
tests/security/update_safety/test_s5_docker_restart_matrix.sh	PUBLISH_REQUIRED	platform-runtime
tests/security/update_safety/test_s5_firewall_reboot_guest.sh	PUBLISH_REQUIRED	platform-runtime
tests/security/update_safety/test_s5_network_fault_inject.sh	PUBLISH_REQUIRED	platform-runtime
tests/security/update_safety/test_s5_package_policy.sh	PUBLISH_REQUIRED	platform-runtime
tests/security/update_safety/test_s5_pdf_smoke.sh	PUBLISH_REQUIRED	platform-runtime
tests/unit/test_backup_restore_unit.sh	PUBLISH_REQUIRED	platform-runtime
tests/unit/test_digest.sh	PUBLISH_REQUIRED	platform-runtime
tests/unit/test_domain_ssl.sh	PUBLISH_REQUIRED	platform-runtime
tests/unit/test_ops_canonical_sync.sh	PUBLISH_REQUIRED	platform-runtime
tests/unit/test_ops_engine.sh	PUBLISH_REQUIRED	platform-runtime
tests/unit/test_phase17_migration_unit.sh	PUBLISH_REQUIRED	platform-runtime
tests/unit/test_phase18_migration_domain_unit.sh	PUBLISH_REQUIRED	platform-runtime
tests/unit/test_phase19_certification_mode.sh	PUBLISH_REQUIRED	platform-runtime
tests/unit/test_phase19_migration_transfer_unit.sh	PUBLISH_REQUIRED	platform-runtime
tests/unit/test_phase19_mtls_channel.sh	PUBLISH_REQUIRED	platform-runtime
tests/unit/test_phase20_authorization_unit.sh	PUBLISH_REQUIRED	platform-runtime
tests/unit/test_phase21_cutover_unit.sh	PUBLISH_REQUIRED	platform-runtime
tests/unit/test_phase22_unit.sh	PUBLISH_REQUIRED	platform-runtime
tests/unit/test_phase23_docker_preflight.sh	PUBLISH_REQUIRED	platform-runtime
tests/unit/test_phase23_evidence_finalizer.sh	PUBLISH_REQUIRED	platform-runtime
tests/unit/test_phase23_exact_fixture_reset.sh	PUBLISH_REQUIRED	platform-runtime
tests/unit/test_phase23_failure_classification.sh	PUBLISH_REQUIRED	platform-runtime
tests/unit/test_phase23_offline_bundle_unit.sh	PUBLISH_REQUIRED	platform-runtime
tests/unit/test_phase23_postgres_preflight.sh	PUBLISH_REQUIRED	platform-runtime
tests/unit/test_redact.sh	PUBLISH_REQUIRED	platform-runtime
tests/unit/test_secret_handling.sh	PUBLISH_REQUIRED	platform-runtime
tests/unit/test_signing.sh	PUBLISH_REQUIRED	platform-runtime
tests/unit/test_ssl_lifecycle.sh	PUBLISH_REQUIRED	platform-runtime
tests/unit/test_stage_retention.sh	PUBLISH_REQUIRED	platform-runtime
tests/unit/test_stage_unit.sh	PUBLISH_REQUIRED	platform-runtime
tests/unit/test_state_machine.sh	PUBLISH_REQUIRED	platform-runtime
tests/unit/test_update_image_cleanup_unit.sh	PUBLISH_REQUIRED	platform-runtime
tests/unit/test_update_unit.sh	PUBLISH_REQUIRED	platform-runtime
tooling/ARTIFACT.digest	PUBLISH_REQUIRED	platform-runtime
tooling/gen_phase17_modules.py	PUBLISH_REQUIRED	platform-runtime
tooling/gen_phase19_all.py	PUBLISH_REQUIRED	platform-runtime
tooling/gen_phase19_modules.py	PUBLISH_REQUIRED	platform-runtime
tooling/neutralize.sh	PUBLISH_REQUIRED	platform-runtime
tooling/tooling.meta.json	PUBLISH_REQUIRED	platform-runtime
tools/docs_validate.sh	PUBLISH_REQUIRED	platform-runtime
tools/secret_scan.sh	PUBLISH_REQUIRED	platform-runtime
